CREATE TABLE IF NOT EXISTS "auth_group" ("id" integer NOT NULL PRIMARY KEY AUTOINCREMENT, "name" varchar(150) NOT NULL UNIQUE);
CREATE UNIQUE INDEX "django_content_type_app_label_model_76bd3d3b_uniq" ON "django_content_type" ("app_label", "model");
CREATE UNIQUE INDEX "auth_group_permissions_group_id_permission_id_0cd325b0_uniq" ON "auth_group_permissions" ("group_id", "permission_id");
CREATE INDEX IF NOT EXISTS "auth_group_permissions_group_id_b120cbf9" ON "auth_group_permissions" ("group_id");
CREATE INDEX IF NOT EXISTS "auth_group_permissions_permission_id_84c5c92e" ON "auth_group_permissions" ("permission_id");
CREATE UNIQUE INDEX "auth_permission_content_type_id_codename_01ab375a_uniq" ON "auth_permission" ("content_type_id", "codename");
CREATE INDEX IF NOT EXISTS "auth_permission_content_type_id_2f476e4b" ON "auth_permission" ("content_type_id");
CREATE INDEX IF NOT EXISTS "users_users_fakultet_id_5899e7a5" ON "users_users" ("fakultet_id");
CREATE UNIQUE INDEX "users_users_groups_users_id_group_id_02603a5e_uniq" ON "users_users_groups" ("users_id", "group_id");
CREATE INDEX IF NOT EXISTS "users_users_groups_users_id_5572cf36" ON "users_users_groups" ("users_id");
CREATE INDEX IF NOT EXISTS "users_users_groups_group_id_3e15ff0f" ON "users_users_groups" ("group_id");
CREATE UNIQUE INDEX "users_users_user_permissions_users_id_permission_id_119659d5_uniq" ON "users_users_user_permissions" ("users_id", "permission_id");
CREATE INDEX IF NOT EXISTS "users_users_user_permissions_users_id_04010ba6" ON "users_users_user_permissions" ("users_id");
CREATE INDEX IF NOT EXISTS "users_users_user_permissions_permission_id_9a117d64" ON "users_users_user_permissions" ("permission_id");
CREATE INDEX IF NOT EXISTS "django_admin_log_content_type_id_c4bce8eb" ON "django_admin_log" ("content_type_id");
CREATE INDEX IF NOT EXISTS "django_admin_log_user_id_c564eba6" ON "django_admin_log" ("user_id");
CREATE INDEX IF NOT EXISTS "django_session_expire_date_a5c62663" ON "django_session" ("expire_date");
CREATE UNIQUE INDEX "topshiriqs_topshiriq_users_topshiriq_id_users_id_43728bee_uniq" ON "topshiriqs_topshiriq_users" ("topshiriq_id", "users_id");
CREATE INDEX IF NOT EXISTS "topshiriqs_topshiriq_users_topshiriq_id_3495ca95" ON "topshiriqs_topshiriq_users" ("topshiriq_id");
CREATE INDEX IF NOT EXISTS "topshiriqs_topshiriq_users_users_id_bdac511d" ON "topshiriqs_topshiriq_users" ("users_id");
CREATE INDEX IF NOT EXISTS "topshiriqs_qoshimchatopshiriq_user_id_1a489478" ON "topshiriqs_qoshimchatopshiriq" ("user_id");
CREATE INDEX IF NOT EXISTS "topshiriqs_qoshimchatopshiriq_topshiriq_id_46fe60c3" ON "topshiriqs_qoshimchatopshiriq" ("topshiriq_id");
CREATE INDEX IF NOT EXISTS "topshiriqs_majburiytopshiriq_user_id_7563b9eb" ON "topshiriqs_majburiytopshiriq" ("user_id");
CREATE INDEX IF NOT EXISTS "topshiriqs_majburiytopshiriq_topshiriq_id_00197fb1" ON "topshiriqs_majburiytopshiriq" ("topshiriq_id");
CREATE UNIQUE INDEX "topshiriq_topshiriq_topshiriq_users_topshiriq_id_users_id_9df7825a_uniq" ON "topshiriq_topshiriq_topshiriq_users" ("topshiriq_id", "users_id");
CREATE INDEX IF NOT EXISTS "topshiriq_topshiriq_topshiriq_users_topshiriq_id_5dd32f78" ON "topshiriq_topshiriq_topshiriq_users" ("topshiriq_id");
CREATE INDEX IF NOT EXISTS "topshiriq_topshiriq_topshiriq_users_users_id_c5e10809" ON "topshiriq_topshiriq_topshiriq_users" ("users_id");
CREATE INDEX IF NOT EXISTS "topshiriq_majburiytopshiriq_user_id_bc19da0e" ON "topshiriq_majburiytopshiriq" ("user_id");
CREATE INDEX IF NOT EXISTS "topshiriq_majburiytopshiriq_topshiriq_id_6a375b5e" ON "topshiriq_majburiytopshiriq" ("topshiriq_id");
CREATE INDEX IF NOT EXISTS "topshiriq_qoshimchatopshiriq_user_id_ddeb336f" ON "topshiriq_qoshimchatopshiriq" ("user_id");
CREATE INDEX IF NOT EXISTS "topshiriq_qoshimchatopshiriq_topshiriq_id_1763c045" ON "topshiriq_qoshimchatopshiriq" ("topshiriq_id");
CREATE INDEX IF NOT EXISTS "topshiriq_topshiriq_admin_user_id_375d331e" ON "topshiriq_topshiriq" ("admin_user_id");
CREATE INDEX IF NOT EXISTS "topshiriq_ozsohasidatopshiriq_user_id_1907d4e6" ON "topshiriq_ozsohasidatopshiriq" ("user_id");
CREATE INDEX IF NOT EXISTS "topshiriq_ozxohishibilantopshiriq_user_id_86076857" ON "topshiriq_ozxohishibilantopshiriq" ("user_id");
CREATE UNIQUE INDEX "django_celery_beat_solarschedule_event_latitude_longitude_ba64999a_uniq" ON "django_celery_beat_solarschedule" ("event", "latitude", "longitude");
CREATE INDEX IF NOT EXISTS "django_celery_beat_periodictask_crontab_id_d3cba168" ON "django_celery_beat_periodictask" ("crontab_id");
CREATE INDEX IF NOT EXISTS "django_celery_beat_periodictask_interval_id_a8ca27da" ON "django_celery_beat_periodictask" ("interval_id");
CREATE INDEX IF NOT EXISTS "django_celery_beat_periodictask_solar_id_a87ce72c" ON "django_celery_beat_periodictask" ("solar_id");
CREATE INDEX IF NOT EXISTS "django_celery_beat_periodictask_clocked_id_47a69f82" ON "django_celery_beat_periodictask" ("clocked_id");
CREATE TABLE IF NOT EXISTS "auth_group_permissions" ("id" integer NOT NULL PRIMARY KEY AUTOINCREMENT, "group_id" integer NOT NULL REFERENCES "auth_group" ("id") DEFERRABLE INITIALLY DEFERRED, "permission_id" integer NOT NULL REFERENCES "auth_permission" ("id") DEFERRABLE INITIALLY DEFERRED);
CREATE UNIQUE INDEX "django_content_type_app_label_model_76bd3d3b_uniq" ON "django_content_type" ("app_label", "model");
CREATE UNIQUE INDEX "auth_group_permissions_group_id_permission_id_0cd325b0_uniq" ON "auth_group_permissions" ("group_id", "permission_id");
CREATE INDEX IF NOT EXISTS "auth_group_permissions_group_id_b120cbf9" ON "auth_group_permissions" ("group_id");
CREATE INDEX IF NOT EXISTS "auth_group_permissions_permission_id_84c5c92e" ON "auth_group_permissions" ("permission_id");
CREATE UNIQUE INDEX "auth_permission_content_type_id_codename_01ab375a_uniq" ON "auth_permission" ("content_type_id", "codename");
CREATE INDEX IF NOT EXISTS "auth_permission_content_type_id_2f476e4b" ON "auth_permission" ("content_type_id");
CREATE INDEX IF NOT EXISTS "users_users_fakultet_id_5899e7a5" ON "users_users" ("fakultet_id");
CREATE UNIQUE INDEX "users_users_groups_users_id_group_id_02603a5e_uniq" ON "users_users_groups" ("users_id", "group_id");
CREATE INDEX IF NOT EXISTS "users_users_groups_users_id_5572cf36" ON "users_users_groups" ("users_id");
CREATE INDEX IF NOT EXISTS "users_users_groups_group_id_3e15ff0f" ON "users_users_groups" ("group_id");
CREATE UNIQUE INDEX "users_users_user_permissions_users_id_permission_id_119659d5_uniq" ON "users_users_user_permissions" ("users_id", "permission_id");
CREATE INDEX IF NOT EXISTS "users_users_user_permissions_users_id_04010ba6" ON "users_users_user_permissions" ("users_id");
CREATE INDEX IF NOT EXISTS "users_users_user_permissions_permission_id_9a117d64" ON "users_users_user_permissions" ("permission_id");
CREATE INDEX IF NOT EXISTS "django_admin_log_content_type_id_c4bce8eb" ON "django_admin_log" ("content_type_id");
CREATE INDEX IF NOT EXISTS "django_admin_log_user_id_c564eba6" ON "django_admin_log" ("user_id");
CREATE INDEX IF NOT EXISTS "django_session_expire_date_a5c62663" ON "django_session" ("expire_date");
CREATE UNIQUE INDEX "topshiriqs_topshiriq_users_topshiriq_id_users_id_43728bee_uniq" ON "topshiriqs_topshiriq_users" ("topshiriq_id", "users_id");
CREATE INDEX IF NOT EXISTS "topshiriqs_topshiriq_users_topshiriq_id_3495ca95" ON "topshiriqs_topshiriq_users" ("topshiriq_id");
CREATE INDEX IF NOT EXISTS "topshiriqs_topshiriq_users_users_id_bdac511d" ON "topshiriqs_topshiriq_users" ("users_id");
CREATE INDEX IF NOT EXISTS "topshiriqs_qoshimchatopshiriq_user_id_1a489478" ON "topshiriqs_qoshimchatopshiriq" ("user_id");
CREATE INDEX IF NOT EXISTS "topshiriqs_qoshimchatopshiriq_topshiriq_id_46fe60c3" ON "topshiriqs_qoshimchatopshiriq" ("topshiriq_id");
CREATE INDEX IF NOT EXISTS "topshiriqs_majburiytopshiriq_user_id_7563b9eb" ON "topshiriqs_majburiytopshiriq" ("user_id");
CREATE INDEX IF NOT EXISTS "topshiriqs_majburiytopshiriq_topshiriq_id_00197fb1" ON "topshiriqs_majburiytopshiriq" ("topshiriq_id");
CREATE UNIQUE INDEX "topshiriq_topshiriq_topshiriq_users_topshiriq_id_users_id_9df7825a_uniq" ON "topshiriq_topshiriq_topshiriq_users" ("topshiriq_id", "users_id");
CREATE INDEX IF NOT EXISTS "topshiriq_topshiriq_topshiriq_users_topshiriq_id_5dd32f78" ON "topshiriq_topshiriq_topshiriq_users" ("topshiriq_id");
CREATE INDEX IF NOT EXISTS "topshiriq_topshiriq_topshiriq_users_users_id_c5e10809" ON "topshiriq_topshiriq_topshiriq_users" ("users_id");
CREATE INDEX IF NOT EXISTS "topshiriq_majburiytopshiriq_user_id_bc19da0e" ON "topshiriq_majburiytopshiriq" ("user_id");
CREATE INDEX IF NOT EXISTS "topshiriq_majburiytopshiriq_topshiriq_id_6a375b5e" ON "topshiriq_majburiytopshiriq" ("topshiriq_id");
CREATE INDEX IF NOT EXISTS "topshiriq_qoshimchatopshiriq_user_id_ddeb336f" ON "topshiriq_qoshimchatopshiriq" ("user_id");
CREATE INDEX IF NOT EXISTS "topshiriq_qoshimchatopshiriq_topshiriq_id_1763c045" ON "topshiriq_qoshimchatopshiriq" ("topshiriq_id");
CREATE INDEX IF NOT EXISTS "topshiriq_topshiriq_admin_user_id_375d331e" ON "topshiriq_topshiriq" ("admin_user_id");
CREATE INDEX IF NOT EXISTS "topshiriq_ozsohasidatopshiriq_user_id_1907d4e6" ON "topshiriq_ozsohasidatopshiriq" ("user_id");
CREATE INDEX IF NOT EXISTS "topshiriq_ozxohishibilantopshiriq_user_id_86076857" ON "topshiriq_ozxohishibilantopshiriq" ("user_id");
CREATE UNIQUE INDEX "django_celery_beat_solarschedule_event_latitude_longitude_ba64999a_uniq" ON "django_celery_beat_solarschedule" ("event", "latitude", "longitude");
CREATE INDEX IF NOT EXISTS "django_celery_beat_periodictask_crontab_id_d3cba168" ON "django_celery_beat_periodictask" ("crontab_id");
CREATE INDEX IF NOT EXISTS "django_celery_beat_periodictask_interval_id_a8ca27da" ON "django_celery_beat_periodictask" ("interval_id");
CREATE INDEX IF NOT EXISTS "django_celery_beat_periodictask_solar_id_a87ce72c" ON "django_celery_beat_periodictask" ("solar_id");
CREATE INDEX IF NOT EXISTS "django_celery_beat_periodictask_clocked_id_47a69f82" ON "django_celery_beat_periodictask" ("clocked_id");
CREATE TABLE IF NOT EXISTS "auth_permission" ("id" integer NOT NULL PRIMARY KEY AUTOINCREMENT, "content_type_id" integer NOT NULL REFERENCES "django_content_type" ("id") DEFERRABLE INITIALLY DEFERRED, "codename" varchar(100) NOT NULL, "name" varchar(255) NOT NULL);
INSERT INTO "auth_permission" VALUES(1,1,'add_logentry','Can add log entry');
INSERT INTO "auth_permission" VALUES(2,1,'change_logentry','Can change log entry');
INSERT INTO "auth_permission" VALUES(3,1,'delete_logentry','Can delete log entry');
INSERT INTO "auth_permission" VALUES(4,1,'view_logentry','Can view log entry');
INSERT INTO "auth_permission" VALUES(5,2,'add_permission','Can add permission');
INSERT INTO "auth_permission" VALUES(6,2,'change_permission','Can change permission');
INSERT INTO "auth_permission" VALUES(7,2,'delete_permission','Can delete permission');
INSERT INTO "auth_permission" VALUES(8,2,'view_permission','Can view permission');
INSERT INTO "auth_permission" VALUES(9,3,'add_group','Can add group');
INSERT INTO "auth_permission" VALUES(10,3,'change_group','Can change group');
INSERT INTO "auth_permission" VALUES(11,3,'delete_group','Can delete group');
INSERT INTO "auth_permission" VALUES(12,3,'view_group','Can view group');
INSERT INTO "auth_permission" VALUES(13,4,'add_contenttype','Can add content type');
INSERT INTO "auth_permission" VALUES(14,4,'change_contenttype','Can change content type');
INSERT INTO "auth_permission" VALUES(15,4,'delete_contenttype','Can delete content type');
INSERT INTO "auth_permission" VALUES(16,4,'view_contenttype','Can view content type');
INSERT INTO "auth_permission" VALUES(17,5,'add_session','Can add session');
INSERT INTO "auth_permission" VALUES(18,5,'change_session','Can change session');
INSERT INTO "auth_permission" VALUES(19,5,'delete_session','Can delete session');
INSERT INTO "auth_permission" VALUES(20,5,'view_session','Can view session');
INSERT INTO "auth_permission" VALUES(21,6,'add_fakultets','Can add fakultets');
INSERT INTO "auth_permission" VALUES(22,6,'change_fakultets','Can change fakultets');
INSERT INTO "auth_permission" VALUES(23,6,'delete_fakultets','Can delete fakultets');
INSERT INTO "auth_permission" VALUES(24,6,'view_fakultets','Can view fakultets');
INSERT INTO "auth_permission" VALUES(25,7,'add_users','Can add user');
INSERT INTO "auth_permission" VALUES(26,7,'change_users','Can change user');
INSERT INTO "auth_permission" VALUES(27,7,'delete_users','Can delete user');
INSERT INTO "auth_permission" VALUES(28,7,'view_users','Can view user');
INSERT INTO "auth_permission" VALUES(29,8,'add_majburiytopshiriq','Can add majburiy topshiriq');
INSERT INTO "auth_permission" VALUES(30,8,'change_majburiytopshiriq','Can change majburiy topshiriq');
INSERT INTO "auth_permission" VALUES(31,8,'delete_majburiytopshiriq','Can delete majburiy topshiriq');
INSERT INTO "auth_permission" VALUES(32,8,'view_majburiytopshiriq','Can view majburiy topshiriq');
INSERT INTO "auth_permission" VALUES(33,9,'add_qoshimchatopshiriq','Can add qoshimcha topshiriq');
INSERT INTO "auth_permission" VALUES(34,9,'change_qoshimchatopshiriq','Can change qoshimcha topshiriq');
INSERT INTO "auth_permission" VALUES(35,9,'delete_qoshimchatopshiriq','Can delete qoshimcha topshiriq');
INSERT INTO "auth_permission" VALUES(36,9,'view_qoshimchatopshiriq','Can view qoshimcha topshiriq');
INSERT INTO "auth_permission" VALUES(37,10,'add_topshiriq','Can add topshiriq');
INSERT INTO "auth_permission" VALUES(38,10,'change_topshiriq','Can change topshiriq');
INSERT INTO "auth_permission" VALUES(39,10,'delete_topshiriq','Can delete topshiriq');
INSERT INTO "auth_permission" VALUES(40,10,'view_topshiriq','Can view topshiriq');
INSERT INTO "auth_permission" VALUES(41,11,'add_qoshimchatopshiriq','Can add qoshimcha topshiriq');
INSERT INTO "auth_permission" VALUES(42,11,'change_qoshimchatopshiriq','Can change qoshimcha topshiriq');
INSERT INTO "auth_permission" VALUES(43,11,'delete_qoshimchatopshiriq','Can delete qoshimcha topshiriq');
INSERT INTO "auth_permission" VALUES(44,11,'view_qoshimchatopshiriq','Can view qoshimcha topshiriq');
INSERT INTO "auth_permission" VALUES(45,12,'add_majburiytopshiriq','Can add majburiy topshiriq');
INSERT INTO "auth_permission" VALUES(46,12,'change_majburiytopshiriq','Can change majburiy topshiriq');
INSERT INTO "auth_permission" VALUES(47,12,'delete_majburiytopshiriq','Can delete majburiy topshiriq');
INSERT INTO "auth_permission" VALUES(48,12,'view_majburiytopshiriq','Can view majburiy topshiriq');
INSERT INTO "auth_permission" VALUES(49,13,'add_topshiriq','Can add topshiriq');
INSERT INTO "auth_permission" VALUES(50,13,'change_topshiriq','Can change topshiriq');
INSERT INTO "auth_permission" VALUES(51,13,'delete_topshiriq','Can delete topshiriq');
INSERT INTO "auth_permission" VALUES(52,13,'view_topshiriq','Can view topshiriq');
INSERT INTO "auth_permission" VALUES(53,12,'add_superadminmajburiytopshiriq','Can add super admin majburiy topshiriq');
INSERT INTO "auth_permission" VALUES(54,12,'change_superadminmajburiytopshiriq','Can change super admin majburiy topshiriq');
INSERT INTO "auth_permission" VALUES(55,12,'delete_superadminmajburiytopshiriq','Can delete super admin majburiy topshiriq');
INSERT INTO "auth_permission" VALUES(56,12,'view_superadminmajburiytopshiriq','Can view super admin majburiy topshiriq');
INSERT INTO "auth_permission" VALUES(57,11,'add_superadminqoshimchatopshiriq','Can add super admin qoshimcha topshiriq');
INSERT INTO "auth_permission" VALUES(58,11,'change_superadminqoshimchatopshiriq','Can change super admin qoshimcha topshiriq');
INSERT INTO "auth_permission" VALUES(59,11,'delete_superadminqoshimchatopshiriq','Can delete super admin qoshimcha topshiriq');
INSERT INTO "auth_permission" VALUES(60,11,'view_superadminqoshimchatopshiriq','Can view super admin qoshimcha topshiriq');
INSERT INTO "auth_permission" VALUES(61,13,'add_superadmintopshiriq','Can add super admin topshiriq');
INSERT INTO "auth_permission" VALUES(62,13,'change_superadmintopshiriq','Can change super admin topshiriq');
INSERT INTO "auth_permission" VALUES(63,13,'delete_superadmintopshiriq','Can delete super admin topshiriq');
INSERT INTO "auth_permission" VALUES(64,13,'view_superadmintopshiriq','Can view super admin topshiriq');
INSERT INTO "auth_permission" VALUES(65,14,'add_topshiriq','Can add topshiriq');
INSERT INTO "auth_permission" VALUES(66,14,'change_topshiriq','Can change topshiriq');
INSERT INTO "auth_permission" VALUES(67,14,'delete_topshiriq','Can delete topshiriq');
INSERT INTO "auth_permission" VALUES(68,14,'view_topshiriq','Can view topshiriq');
INSERT INTO "auth_permission" VALUES(69,15,'add_qoshimchatopshiriq','Can add qoshimcha topshiriq');
INSERT INTO "auth_permission" VALUES(70,15,'change_qoshimchatopshiriq','Can change qoshimcha topshiriq');
INSERT INTO "auth_permission" VALUES(71,15,'delete_qoshimchatopshiriq','Can delete qoshimcha topshiriq');
INSERT INTO "auth_permission" VALUES(72,15,'view_qoshimchatopshiriq','Can view qoshimcha topshiriq');
INSERT INTO "auth_permission" VALUES(73,16,'add_majburiytopshiriq','Can add majburiy topshiriq');
INSERT INTO "auth_permission" VALUES(74,16,'change_majburiytopshiriq','Can change majburiy topshiriq');
INSERT INTO "auth_permission" VALUES(75,16,'delete_majburiytopshiriq','Can delete majburiy topshiriq');
INSERT INTO "auth_permission" VALUES(76,16,'view_majburiytopshiriq','Can view majburiy topshiriq');
INSERT INTO "auth_permission" VALUES(77,17,'add_ozsohasidatopshiriq','Can add oz sohasida topshiriq');
INSERT INTO "auth_permission" VALUES(78,17,'change_ozsohasidatopshiriq','Can change oz sohasida topshiriq');
INSERT INTO "auth_permission" VALUES(79,17,'delete_ozsohasidatopshiriq','Can delete oz sohasida topshiriq');
INSERT INTO "auth_permission" VALUES(80,17,'view_ozsohasidatopshiriq','Can view oz sohasida topshiriq');
INSERT INTO "auth_permission" VALUES(81,18,'add_ozxohishibilantopshiriq','Can add oz xohishi bilan topshiriq');
INSERT INTO "auth_permission" VALUES(82,18,'change_ozxohishibilantopshiriq','Can change oz xohishi bilan topshiriq');
INSERT INTO "auth_permission" VALUES(83,18,'delete_ozxohishibilantopshiriq','Can delete oz xohishi bilan topshiriq');
INSERT INTO "auth_permission" VALUES(84,18,'view_ozxohishibilantopshiriq','Can view oz xohishi bilan topshiriq');
INSERT INTO "auth_permission" VALUES(85,19,'add_testtopshiriq','Can add test topshiriq');
INSERT INTO "auth_permission" VALUES(86,19,'change_testtopshiriq','Can change test topshiriq');
INSERT INTO "auth_permission" VALUES(87,19,'delete_testtopshiriq','Can delete test topshiriq');
INSERT INTO "auth_permission" VALUES(88,19,'view_testtopshiriq','Can view test topshiriq');
INSERT INTO "auth_permission" VALUES(89,20,'add_crontabschedule','Can add crontab');
INSERT INTO "auth_permission" VALUES(90,20,'change_crontabschedule','Can change crontab');
INSERT INTO "auth_permission" VALUES(91,20,'delete_crontabschedule','Can delete crontab');
INSERT INTO "auth_permission" VALUES(92,20,'view_crontabschedule','Can view crontab');
INSERT INTO "auth_permission" VALUES(93,21,'add_intervalschedule','Can add interval');
INSERT INTO "auth_permission" VALUES(94,21,'change_intervalschedule','Can change interval');
INSERT INTO "auth_permission" VALUES(95,21,'delete_intervalschedule','Can delete interval');
INSERT INTO "auth_permission" VALUES(96,21,'view_intervalschedule','Can view interval');
INSERT INTO "auth_permission" VALUES(97,22,'add_periodictask','Can add periodic task');
INSERT INTO "auth_permission" VALUES(98,22,'change_periodictask','Can change periodic task');
INSERT INTO "auth_permission" VALUES(99,22,'delete_periodictask','Can delete periodic task');
INSERT INTO "auth_permission" VALUES(100,22,'view_periodictask','Can view periodic task');
INSERT INTO "auth_permission" VALUES(101,23,'add_periodictasks','Can add periodic task track');
INSERT INTO "auth_permission" VALUES(102,23,'change_periodictasks','Can change periodic task track');
INSERT INTO "auth_permission" VALUES(103,23,'delete_periodictasks','Can delete periodic task track');
INSERT INTO "auth_permission" VALUES(104,23,'view_periodictasks','Can view periodic task track');
INSERT INTO "auth_permission" VALUES(105,24,'add_solarschedule','Can add solar event');
INSERT INTO "auth_permission" VALUES(106,24,'change_solarschedule','Can change solar event');
INSERT INTO "auth_permission" VALUES(107,24,'delete_solarschedule','Can delete solar event');
INSERT INTO "auth_permission" VALUES(108,24,'view_solarschedule','Can view solar event');
INSERT INTO "auth_permission" VALUES(109,25,'add_clockedschedule','Can add clocked');
INSERT INTO "auth_permission" VALUES(110,25,'change_clockedschedule','Can change clocked');
INSERT INTO "auth_permission" VALUES(111,25,'delete_clockedschedule','Can delete clocked');
INSERT INTO "auth_permission" VALUES(112,25,'view_clockedschedule','Can view clocked');
CREATE UNIQUE INDEX "django_content_type_app_label_model_76bd3d3b_uniq" ON "django_content_type" ("app_label", "model");
CREATE UNIQUE INDEX "auth_group_permissions_group_id_permission_id_0cd325b0_uniq" ON "auth_group_permissions" ("group_id", "permission_id");
CREATE INDEX IF NOT EXISTS "auth_group_permissions_group_id_b120cbf9" ON "auth_group_permissions" ("group_id");
CREATE INDEX IF NOT EXISTS "auth_group_permissions_permission_id_84c5c92e" ON "auth_group_permissions" ("permission_id");
CREATE UNIQUE INDEX "auth_permission_content_type_id_codename_01ab375a_uniq" ON "auth_permission" ("content_type_id", "codename");
CREATE INDEX IF NOT EXISTS "auth_permission_content_type_id_2f476e4b" ON "auth_permission" ("content_type_id");
CREATE INDEX IF NOT EXISTS "users_users_fakultet_id_5899e7a5" ON "users_users" ("fakultet_id");
CREATE UNIQUE INDEX "users_users_groups_users_id_group_id_02603a5e_uniq" ON "users_users_groups" ("users_id", "group_id");
CREATE INDEX IF NOT EXISTS "users_users_groups_users_id_5572cf36" ON "users_users_groups" ("users_id");
CREATE INDEX IF NOT EXISTS "users_users_groups_group_id_3e15ff0f" ON "users_users_groups" ("group_id");
CREATE UNIQUE INDEX "users_users_user_permissions_users_id_permission_id_119659d5_uniq" ON "users_users_user_permissions" ("users_id", "permission_id");
CREATE INDEX IF NOT EXISTS "users_users_user_permissions_users_id_04010ba6" ON "users_users_user_permissions" ("users_id");
CREATE INDEX IF NOT EXISTS "users_users_user_permissions_permission_id_9a117d64" ON "users_users_user_permissions" ("permission_id");
CREATE INDEX IF NOT EXISTS "django_admin_log_content_type_id_c4bce8eb" ON "django_admin_log" ("content_type_id");
CREATE INDEX IF NOT EXISTS "django_admin_log_user_id_c564eba6" ON "django_admin_log" ("user_id");
CREATE INDEX IF NOT EXISTS "django_session_expire_date_a5c62663" ON "django_session" ("expire_date");
CREATE UNIQUE INDEX "topshiriqs_topshiriq_users_topshiriq_id_users_id_43728bee_uniq" ON "topshiriqs_topshiriq_users" ("topshiriq_id", "users_id");
CREATE INDEX IF NOT EXISTS "topshiriqs_topshiriq_users_topshiriq_id_3495ca95" ON "topshiriqs_topshiriq_users" ("topshiriq_id");
CREATE INDEX IF NOT EXISTS "topshiriqs_topshiriq_users_users_id_bdac511d" ON "topshiriqs_topshiriq_users" ("users_id");
CREATE INDEX IF NOT EXISTS "topshiriqs_qoshimchatopshiriq_user_id_1a489478" ON "topshiriqs_qoshimchatopshiriq" ("user_id");
CREATE INDEX IF NOT EXISTS "topshiriqs_qoshimchatopshiriq_topshiriq_id_46fe60c3" ON "topshiriqs_qoshimchatopshiriq" ("topshiriq_id");
CREATE INDEX IF NOT EXISTS "topshiriqs_majburiytopshiriq_user_id_7563b9eb" ON "topshiriqs_majburiytopshiriq" ("user_id");
CREATE INDEX IF NOT EXISTS "topshiriqs_majburiytopshiriq_topshiriq_id_00197fb1" ON "topshiriqs_majburiytopshiriq" ("topshiriq_id");
CREATE UNIQUE INDEX "topshiriq_topshiriq_topshiriq_users_topshiriq_id_users_id_9df7825a_uniq" ON "topshiriq_topshiriq_topshiriq_users" ("topshiriq_id", "users_id");
CREATE INDEX IF NOT EXISTS "topshiriq_topshiriq_topshiriq_users_topshiriq_id_5dd32f78" ON "topshiriq_topshiriq_topshiriq_users" ("topshiriq_id");
CREATE INDEX IF NOT EXISTS "topshiriq_topshiriq_topshiriq_users_users_id_c5e10809" ON "topshiriq_topshiriq_topshiriq_users" ("users_id");
CREATE INDEX IF NOT EXISTS "topshiriq_majburiytopshiriq_user_id_bc19da0e" ON "topshiriq_majburiytopshiriq" ("user_id");
CREATE INDEX IF NOT EXISTS "topshiriq_majburiytopshiriq_topshiriq_id_6a375b5e" ON "topshiriq_majburiytopshiriq" ("topshiriq_id");
CREATE INDEX IF NOT EXISTS "topshiriq_qoshimchatopshiriq_user_id_ddeb336f" ON "topshiriq_qoshimchatopshiriq" ("user_id");
CREATE INDEX IF NOT EXISTS "topshiriq_qoshimchatopshiriq_topshiriq_id_1763c045" ON "topshiriq_qoshimchatopshiriq" ("topshiriq_id");
CREATE INDEX IF NOT EXISTS "topshiriq_topshiriq_admin_user_id_375d331e" ON "topshiriq_topshiriq" ("admin_user_id");
CREATE INDEX IF NOT EXISTS "topshiriq_ozsohasidatopshiriq_user_id_1907d4e6" ON "topshiriq_ozsohasidatopshiriq" ("user_id");
CREATE INDEX IF NOT EXISTS "topshiriq_ozxohishibilantopshiriq_user_id_86076857" ON "topshiriq_ozxohishibilantopshiriq" ("user_id");
CREATE UNIQUE INDEX "django_celery_beat_solarschedule_event_latitude_longitude_ba64999a_uniq" ON "django_celery_beat_solarschedule" ("event", "latitude", "longitude");
CREATE INDEX IF NOT EXISTS "django_celery_beat_periodictask_crontab_id_d3cba168" ON "django_celery_beat_periodictask" ("crontab_id");
CREATE INDEX IF NOT EXISTS "django_celery_beat_periodictask_interval_id_a8ca27da" ON "django_celery_beat_periodictask" ("interval_id");
CREATE INDEX IF NOT EXISTS "django_celery_beat_periodictask_solar_id_a87ce72c" ON "django_celery_beat_periodictask" ("solar_id");
CREATE INDEX IF NOT EXISTS "django_celery_beat_periodictask_clocked_id_47a69f82" ON "django_celery_beat_periodictask" ("clocked_id");
CREATE TABLE IF NOT EXISTS "django_admin_log" ("id" integer NOT NULL PRIMARY KEY AUTOINCREMENT, "object_id" text NULL, "object_repr" varchar(200) NOT NULL, "action_flag" smallint unsigned NOT NULL CHECK ("action_flag" >= 0), "change_message" text NOT NULL, "content_type_id" integer NULL REFERENCES "django_content_type" ("id") DEFERRABLE INITIALLY DEFERRED, "user_id" char(32) NOT NULL REFERENCES "users_users" ("id") DEFERRABLE INITIALLY DEFERRED, "action_time" datetime NOT NULL);
INSERT INTO "django_admin_log" VALUES(1,'3cd2e7b5-f185-4f7d-b832-a97296693711','Topshiriq object (3cd2e7b5-f185-4f7d-b832-a97296693711)',2,'[{"changed": {"fields": ["Users"]}}]',10,'10832be04cf84fcb89da547afffac19b','2025-01-31 09:25:26.562505');
INSERT INTO "django_admin_log" VALUES(2,'1f0e4ae5-1694-4091-851d-b191601e0204','Topshiriq object (1f0e4ae5-1694-4091-851d-b191601e0204)',2,'[{"changed": {"fields": ["Users"]}}]',10,'10832be04cf84fcb89da547afffac19b','2025-01-31 09:25:33.453733');
INSERT INTO "django_admin_log" VALUES(3,'1858af43-7d16-4f32-897f-a0d53932e368','Topshiriq object (1858af43-7d16-4f32-897f-a0d53932e368)',2,'[{"changed": {"fields": ["Users"]}}]',10,'10832be04cf84fcb89da547afffac19b','2025-01-31 09:25:39.653960');
INSERT INTO "django_admin_log" VALUES(4,'26b5ff94-7e11-4ad4-91a1-dfa8d5090d21','superadmin',2,'[{"changed": {"fields": ["Active"]}}]',7,'10832be04cf84fcb89da547afffac19b','2025-01-31 09:29:13.654930');
INSERT INTO "django_admin_log" VALUES(5,'dd933ec5-78e4-4bf0-9a9c-9251e8f7b20c','admin',2,'[]',7,'10832be04cf84fcb89da547afffac19b','2025-01-31 09:29:20.069524');
INSERT INTO "django_admin_log" VALUES(6,'513c30d3-0c3e-4709-9f55-950a434726ca','tyutor1',2,'[{"changed": {"fields": ["Active"]}}]',7,'10832be04cf84fcb89da547afffac19b','2025-01-31 10:02:35.540147');
INSERT INTO "django_admin_log" VALUES(7,'7960d47b-347e-4b59-871d-fdd2af8c1715','tyutor',2,'[{"changed": {"fields": ["Active", "Role"]}}]',7,'10832be04cf84fcb89da547afffac19b','2025-01-31 10:02:49.552332');
INSERT INTO "django_admin_log" VALUES(8,'dd933ec5-78e4-4bf0-9a9c-9251e8f7b20c','admin',2,'[{"changed": {"fields": ["Active"]}}]',7,'10832be04cf84fcb89da547afffac19b','2025-01-31 10:02:57.156762');
INSERT INTO "django_admin_log" VALUES(9,'d7c8ef2f-49e7-4a12-b203-1925c71fa32d','MajburiyTopshiriq object (d7c8ef2f-49e7-4a12-b203-1925c71fa32d)',3,'',12,'10832be04cf84fcb89da547afffac19b','2025-02-01 07:05:36.468254');
INSERT INTO "django_admin_log" VALUES(10,'cca3d2de-211c-4c7d-9773-d6fe4a88a7d0','MajburiyTopshiriq object (cca3d2de-211c-4c7d-9773-d6fe4a88a7d0)',3,'',12,'10832be04cf84fcb89da547afffac19b','2025-02-01 07:05:36.468358');
INSERT INTO "django_admin_log" VALUES(11,'bf8658f3-d9c9-4282-ad17-22d8f30b8d28','MajburiyTopshiriq object (bf8658f3-d9c9-4282-ad17-22d8f30b8d28)',3,'',12,'10832be04cf84fcb89da547afffac19b','2025-02-01 07:05:36.468379');
INSERT INTO "django_admin_log" VALUES(12,'bb231dff-0d42-47b7-940a-6366647da2e8','MajburiyTopshiriq object (bb231dff-0d42-47b7-940a-6366647da2e8)',3,'',12,'10832be04cf84fcb89da547afffac19b','2025-02-01 07:05:36.468397');
INSERT INTO "django_admin_log" VALUES(13,'b3f665fe-7fa3-4456-8363-4a114db2138a','MajburiyTopshiriq object (b3f665fe-7fa3-4456-8363-4a114db2138a)',3,'',12,'10832be04cf84fcb89da547afffac19b','2025-02-01 07:05:36.468414');
INSERT INTO "django_admin_log" VALUES(14,'9704f0e1-12d5-4974-84df-6936de5a7429','MajburiyTopshiriq object (9704f0e1-12d5-4974-84df-6936de5a7429)',3,'',12,'10832be04cf84fcb89da547afffac19b','2025-02-01 07:05:36.468433');
INSERT INTO "django_admin_log" VALUES(15,'62f8e5fb-a0cd-4d86-b073-f293bb99105b','MajburiyTopshiriq object (62f8e5fb-a0cd-4d86-b073-f293bb99105b)',3,'',12,'10832be04cf84fcb89da547afffac19b','2025-02-01 07:05:36.468450');
INSERT INTO "django_admin_log" VALUES(16,'31d5564c-a502-445b-859a-f961f14b6508','MajburiyTopshiriq object (31d5564c-a502-445b-859a-f961f14b6508)',3,'',12,'10832be04cf84fcb89da547afffac19b','2025-02-01 07:05:36.468468');
INSERT INTO "django_admin_log" VALUES(17,'2ca62e94-9ee0-4302-8166-ce1f795293c9','MajburiyTopshiriq object (2ca62e94-9ee0-4302-8166-ce1f795293c9)',3,'',12,'10832be04cf84fcb89da547afffac19b','2025-02-01 07:05:36.468484');
INSERT INTO "django_admin_log" VALUES(18,'20d4c95c-c663-4986-891f-dbc27ccb6241','MajburiyTopshiriq object (20d4c95c-c663-4986-891f-dbc27ccb6241)',3,'',12,'10832be04cf84fcb89da547afffac19b','2025-02-01 07:05:36.468502');
INSERT INTO "django_admin_log" VALUES(19,'14cf0ce7-cf63-4853-872c-d320929c657b','MajburiyTopshiriq object (14cf0ce7-cf63-4853-872c-d320929c657b)',3,'',12,'10832be04cf84fcb89da547afffac19b','2025-02-01 07:05:36.468519');
INSERT INTO "django_admin_log" VALUES(20,'034ea269-5021-4bcd-8647-90eda34cc7db','MajburiyTopshiriq object (034ea269-5021-4bcd-8647-90eda34cc7db)',3,'',12,'10832be04cf84fcb89da547afffac19b','2025-02-01 07:05:36.468536');
INSERT INTO "django_admin_log" VALUES(21,'ebfac5ae-3d0f-4490-ac61-28ecba7a2f34','Topshiriq object (ebfac5ae-3d0f-4490-ac61-28ecba7a2f34)',3,'',13,'10832be04cf84fcb89da547afffac19b','2025-02-01 07:05:52.062389');
INSERT INTO "django_admin_log" VALUES(22,'e9400531-062e-4353-ad20-91486ce46da0','Topshiriq object (e9400531-062e-4353-ad20-91486ce46da0)',3,'',13,'10832be04cf84fcb89da547afffac19b','2025-02-01 07:05:52.062469');
INSERT INTO "django_admin_log" VALUES(23,'d87d9e94-5c6d-465e-bc09-ac704f64cb05','Topshiriq object (d87d9e94-5c6d-465e-bc09-ac704f64cb05)',3,'',13,'10832be04cf84fcb89da547afffac19b','2025-02-01 07:05:52.062496');
INSERT INTO "django_admin_log" VALUES(24,'d7a0d7b9-b650-4276-934b-eed20d735870','Topshiriq object (d7a0d7b9-b650-4276-934b-eed20d735870)',3,'',13,'10832be04cf84fcb89da547afffac19b','2025-02-01 07:05:52.062518');
INSERT INTO "django_admin_log" VALUES(25,'d1c753cf-1eec-4a58-87d7-c887d0083da7','Topshiriq object (d1c753cf-1eec-4a58-87d7-c887d0083da7)',3,'',13,'10832be04cf84fcb89da547afffac19b','2025-02-01 07:05:52.062539');
INSERT INTO "django_admin_log" VALUES(26,'c60857cd-a902-40ad-9ffd-e4636d48e43c','Topshiriq object (c60857cd-a902-40ad-9ffd-e4636d48e43c)',3,'',13,'10832be04cf84fcb89da547afffac19b','2025-02-01 07:05:52.062562');
INSERT INTO "django_admin_log" VALUES(27,'c587fd06-0fba-4291-9031-6a497abd7ce8','Topshiriq object (c587fd06-0fba-4291-9031-6a497abd7ce8)',3,'',13,'10832be04cf84fcb89da547afffac19b','2025-02-01 07:05:52.062601');
INSERT INTO "django_admin_log" VALUES(28,'c180477b-8291-4754-af90-126a76811efb','Topshiriq object (c180477b-8291-4754-af90-126a76811efb)',3,'',13,'10832be04cf84fcb89da547afffac19b','2025-02-01 07:05:52.062623');
INSERT INTO "django_admin_log" VALUES(29,'bc5ca53f-1604-4282-a46b-1c9be3cbe224','Topshiriq object (bc5ca53f-1604-4282-a46b-1c9be3cbe224)',3,'',13,'10832be04cf84fcb89da547afffac19b','2025-02-01 07:05:52.062645');
INSERT INTO "django_admin_log" VALUES(30,'b2ea0776-7ff6-4baa-a294-e5f7debf6882','Topshiriq object (b2ea0776-7ff6-4baa-a294-e5f7debf6882)',3,'',13,'10832be04cf84fcb89da547afffac19b','2025-02-01 07:05:52.062666');
INSERT INTO "django_admin_log" VALUES(31,'adcf4fb2-226c-4b7e-b354-3acf496128dc','Topshiriq object (adcf4fb2-226c-4b7e-b354-3acf496128dc)',3,'',13,'10832be04cf84fcb89da547afffac19b','2025-02-01 07:05:52.062687');
INSERT INTO "django_admin_log" VALUES(32,'ace375ad-870e-44fd-8aff-364b1c549430','Topshiriq object (ace375ad-870e-44fd-8aff-364b1c549430)',3,'',13,'10832be04cf84fcb89da547afffac19b','2025-02-01 07:05:52.062723');
INSERT INTO "django_admin_log" VALUES(33,'a2c26765-3cfa-4191-a747-d701b6a85efd','Topshiriq object (a2c26765-3cfa-4191-a747-d701b6a85efd)',3,'',13,'10832be04cf84fcb89da547afffac19b','2025-02-01 07:05:52.062744');
INSERT INTO "django_admin_log" VALUES(34,'9c846e58-959a-4787-9d37-1683a364c8be','Topshiriq object (9c846e58-959a-4787-9d37-1683a364c8be)',3,'',13,'10832be04cf84fcb89da547afffac19b','2025-02-01 07:05:52.062765');
INSERT INTO "django_admin_log" VALUES(35,'9c43e0a6-6776-4a5a-a024-1779dfc5be84','Topshiriq object (9c43e0a6-6776-4a5a-a024-1779dfc5be84)',3,'',13,'10832be04cf84fcb89da547afffac19b','2025-02-01 07:05:52.062785');
INSERT INTO "django_admin_log" VALUES(36,'98ed8575-7cee-467f-8d02-9352813e9f1c','Topshiriq object (98ed8575-7cee-467f-8d02-9352813e9f1c)',3,'',13,'10832be04cf84fcb89da547afffac19b','2025-02-01 07:05:52.062806');
INSERT INTO "django_admin_log" VALUES(37,'983db556-8c21-4ff4-a7d9-6d80ef50b786','Topshiriq object (983db556-8c21-4ff4-a7d9-6d80ef50b786)',3,'',13,'10832be04cf84fcb89da547afffac19b','2025-02-01 07:05:52.062826');
INSERT INTO "django_admin_log" VALUES(38,'8e6bd071-6e67-4085-a7c3-13cabfc2e8b8','Topshiriq object (8e6bd071-6e67-4085-a7c3-13cabfc2e8b8)',3,'',13,'10832be04cf84fcb89da547afffac19b','2025-02-01 07:05:52.062847');
INSERT INTO "django_admin_log" VALUES(39,'884dab80-71ff-46f5-8736-c155dcbd1243','Topshiriq object (884dab80-71ff-46f5-8736-c155dcbd1243)',3,'',13,'10832be04cf84fcb89da547afffac19b','2025-02-01 07:05:52.062868');
INSERT INTO "django_admin_log" VALUES(40,'76261a15-3a6a-459b-be46-3af38e6e648a','Topshiriq object (76261a15-3a6a-459b-be46-3af38e6e648a)',3,'',13,'10832be04cf84fcb89da547afffac19b','2025-02-01 07:05:52.062887');
INSERT INTO "django_admin_log" VALUES(41,'6d6c4c37-202c-402e-9949-dd6a17d44269','Topshiriq object (6d6c4c37-202c-402e-9949-dd6a17d44269)',3,'',13,'10832be04cf84fcb89da547afffac19b','2025-02-01 07:05:52.062907');
INSERT INTO "django_admin_log" VALUES(42,'6cac606a-8222-45bc-994d-33934fed2562','Topshiriq object (6cac606a-8222-45bc-994d-33934fed2562)',3,'',13,'10832be04cf84fcb89da547afffac19b','2025-02-01 07:05:52.062929');
INSERT INTO "django_admin_log" VALUES(43,'63b33459-4216-4f71-af1c-a53722d98682','Topshiriq object (63b33459-4216-4f71-af1c-a53722d98682)',3,'',13,'10832be04cf84fcb89da547afffac19b','2025-02-01 07:05:52.062949');
INSERT INTO "django_admin_log" VALUES(44,'2dbba9fe-64ed-47f4-b308-96b29327f2fe','Topshiriq object (2dbba9fe-64ed-47f4-b308-96b29327f2fe)',3,'',13,'10832be04cf84fcb89da547afffac19b','2025-02-01 07:05:52.062969');
INSERT INTO "django_admin_log" VALUES(45,'22aaf014-7eef-434e-ae39-234183bef567','Topshiriq object (22aaf014-7eef-434e-ae39-234183bef567)',3,'',13,'10832be04cf84fcb89da547afffac19b','2025-02-01 07:05:52.062989');
INSERT INTO "django_admin_log" VALUES(46,'1c759a33-618c-4ae2-be95-ce5823c45f07','Topshiriq object (1c759a33-618c-4ae2-be95-ce5823c45f07)',3,'',13,'10832be04cf84fcb89da547afffac19b','2025-02-01 07:05:52.063011');
INSERT INTO "django_admin_log" VALUES(47,'1ba75f0c-b492-4431-8e9b-24beb6624da3','Topshiriq object (1ba75f0c-b492-4431-8e9b-24beb6624da3)',3,'',13,'10832be04cf84fcb89da547afffac19b','2025-02-01 07:05:52.063031');
INSERT INTO "django_admin_log" VALUES(48,'15a0d1ba-527e-4878-bae4-bf8987f48da5','Topshiriq object (15a0d1ba-527e-4878-bae4-bf8987f48da5)',3,'',13,'10832be04cf84fcb89da547afffac19b','2025-02-01 07:05:52.063052');
INSERT INTO "django_admin_log" VALUES(49,'146c469d-7f8b-48cd-87d6-870fcf6fa0c2','Topshiriq object (146c469d-7f8b-48cd-87d6-870fcf6fa0c2)',3,'',13,'10832be04cf84fcb89da547afffac19b','2025-02-01 07:05:52.063071');
INSERT INTO "django_admin_log" VALUES(50,'1338753b-0c7d-460d-8be3-dbba95523092','Topshiriq object (1338753b-0c7d-460d-8be3-dbba95523092)',3,'',13,'10832be04cf84fcb89da547afffac19b','2025-02-01 07:05:52.063091');
INSERT INTO "django_admin_log" VALUES(51,'0f2ca444-5833-433b-b9ef-5f7a44d953c3','Topshiriq object (0f2ca444-5833-433b-b9ef-5f7a44d953c3)',3,'',13,'10832be04cf84fcb89da547afffac19b','2025-02-01 07:05:52.063111');
INSERT INTO "django_admin_log" VALUES(52,'7960d47b-347e-4b59-871d-fdd2af8c1715','tyutor',2,'[{"changed": {"fields": ["Fakultet"]}}]',7,'10832be04cf84fcb89da547afffac19b','2025-02-01 07:09:57.978470');
INSERT INTO "django_admin_log" VALUES(53,'dd933ec5-78e4-4bf0-9a9c-9251e8f7b20c','admin',2,'[{"changed": {"fields": ["Fakultet"]}}]',7,'10832be04cf84fcb89da547afffac19b','2025-02-01 07:10:07.350157');
INSERT INTO "django_admin_log" VALUES(54,'7960d47b-347e-4b59-871d-fdd2af8c1715','tyutor',2,'[]',7,'10832be04cf84fcb89da547afffac19b','2025-02-01 07:10:22.239402');
INSERT INTO "django_admin_log" VALUES(55,'513c30d3-0c3e-4709-9f55-950a434726ca','tyutor1',2,'[{"changed": {"fields": ["Fakultet"]}}]',7,'10832be04cf84fcb89da547afffac19b','2025-02-01 07:10:30.006175');
INSERT INTO "django_admin_log" VALUES(56,'26b5ff94-7e11-4ad4-91a1-dfa8d5090d21','superadmin',2,'[{"changed": {"fields": ["Fakultet"]}}]',7,'10832be04cf84fcb89da547afffac19b','2025-02-01 07:24:30.534431');
INSERT INTO "django_admin_log" VALUES(57,'75b36b68-9183-411a-ac17-4c5f7ceb5e6f','Fakultets object (75b36b68-9183-411a-ac17-4c5f7ceb5e6f)',3,'',6,'10832be04cf84fcb89da547afffac19b','2025-02-01 08:40:04.517768');
INSERT INTO "django_admin_log" VALUES(58,'4edfe3aa-dc32-49b6-b1e0-3775a431d88a','Fakultets object (4edfe3aa-dc32-49b6-b1e0-3775a431d88a)',1,'[{"added": {}}]',6,'10832be04cf84fcb89da547afffac19b','2025-02-01 08:41:09.465415');
INSERT INTO "django_admin_log" VALUES(59,'dd933ec5-78e4-4bf0-9a9c-9251e8f7b20c','admin',2,'[{"changed": {"fields": ["Fakultet"]}}]',7,'10832be04cf84fcb89da547afffac19b','2025-02-01 08:43:34.343022');
INSERT INTO "django_admin_log" VALUES(60,'7960d47b-347e-4b59-871d-fdd2af8c1715','tyutor',2,'[{"changed": {"fields": ["Fakultet"]}}]',7,'10832be04cf84fcb89da547afffac19b','2025-02-01 08:43:40.955675');
INSERT INTO "django_admin_log" VALUES(61,'513c30d3-0c3e-4709-9f55-950a434726ca','tyutor1',2,'[{"changed": {"fields": ["Fakultet"]}}]',7,'10832be04cf84fcb89da547afffac19b','2025-02-01 08:43:47.208117');
INSERT INTO "django_admin_log" VALUES(62,'26b5ff94-7e11-4ad4-91a1-dfa8d5090d21','superadmin',2,'[{"changed": {"fields": ["Fakultet"]}}]',7,'10832be04cf84fcb89da547afffac19b','2025-02-01 08:43:53.109664');
INSERT INTO "django_admin_log" VALUES(63,'d260749a-67e7-4241-8c8d-09d221db08da','',3,'',12,'10832be04cf84fcb89da547afffac19b','2025-02-03 04:06:00.063729');
INSERT INTO "django_admin_log" VALUES(64,'4ac84a62-c235-4c71-9436-5029d0ede9cb','',3,'',12,'10832be04cf84fcb89da547afffac19b','2025-02-03 04:06:00.063822');
INSERT INTO "django_admin_log" VALUES(65,'3e5cdaf1-ed88-409c-95e4-c45a1bf7246d','',3,'',12,'10832be04cf84fcb89da547afffac19b','2025-02-03 04:06:00.063841');
INSERT INTO "django_admin_log" VALUES(66,'7ed93ea7-b65f-45e7-b766-18d0962579b7','',3,'',12,'10832be04cf84fcb89da547afffac19b','2025-02-03 04:06:00.063859');
INSERT INTO "django_admin_log" VALUES(67,'e0addfa7-988a-4dc1-9c2b-b94f3d58ec81','',3,'',12,'10832be04cf84fcb89da547afffac19b','2025-02-03 04:06:00.063876');
INSERT INTO "django_admin_log" VALUES(68,'dc5b0ca9-43cf-4375-af77-2aff5457c3d4','',3,'',12,'10832be04cf84fcb89da547afffac19b','2025-02-03 04:06:00.063892');
INSERT INTO "django_admin_log" VALUES(69,'71089daf-f3be-4c96-87be-be538cecce0c','',3,'',12,'10832be04cf84fcb89da547afffac19b','2025-02-03 04:06:00.063908');
INSERT INTO "django_admin_log" VALUES(70,'9c7bb685-5cc9-48b0-aa89-f374bef3d5da','',3,'',12,'10832be04cf84fcb89da547afffac19b','2025-02-03 04:06:00.063923');
INSERT INTO "django_admin_log" VALUES(71,'5a9f6e01-136b-4de8-b93e-3233ecce8629','',3,'',12,'10832be04cf84fcb89da547afffac19b','2025-02-03 04:06:00.063938');
INSERT INTO "django_admin_log" VALUES(72,'79810bdf-9912-4427-8d4a-619d60a9461c','',3,'',12,'10832be04cf84fcb89da547afffac19b','2025-02-03 04:06:00.063954');
INSERT INTO "django_admin_log" VALUES(73,'a3457e2c-ef8f-43dc-a8d8-a6a74250b730','',3,'',12,'10832be04cf84fcb89da547afffac19b','2025-02-03 04:06:00.063969');
INSERT INTO "django_admin_log" VALUES(74,'937e91b4-1e80-4646-9e9a-14259bcb9179','',3,'',12,'10832be04cf84fcb89da547afffac19b','2025-02-03 04:06:00.063984');
INSERT INTO "django_admin_log" VALUES(75,'13135410-d7a3-46ed-a692-2d4e8abc7f14','',3,'',12,'10832be04cf84fcb89da547afffac19b','2025-02-03 04:06:00.063999');
INSERT INTO "django_admin_log" VALUES(76,'5e31a356-0e2b-4b31-bba3-e7941bd62efe','',3,'',12,'10832be04cf84fcb89da547afffac19b','2025-02-03 04:06:00.064014');
INSERT INTO "django_admin_log" VALUES(77,'69d0b345-ca04-4227-9abc-bf407f922b15','',3,'',12,'10832be04cf84fcb89da547afffac19b','2025-02-03 04:06:00.064028');
INSERT INTO "django_admin_log" VALUES(78,'b1c24ea5-e803-4b8c-9f3d-3cf308dfd7be','',3,'',12,'10832be04cf84fcb89da547afffac19b','2025-02-03 04:06:00.064043');
INSERT INTO "django_admin_log" VALUES(79,'18033b76-b5dc-4587-88ad-f1767ba9f50b','',3,'',12,'10832be04cf84fcb89da547afffac19b','2025-02-03 04:06:00.064058');
INSERT INTO "django_admin_log" VALUES(80,'e47c5777-a821-45c1-a752-54b5ab3fd168','',3,'',12,'10832be04cf84fcb89da547afffac19b','2025-02-03 04:06:00.064072');
INSERT INTO "django_admin_log" VALUES(81,'dfbe44a1-3b20-4538-84d7-94586f488b44','',3,'',12,'10832be04cf84fcb89da547afffac19b','2025-02-03 04:06:00.064087');
INSERT INTO "django_admin_log" VALUES(82,'e416d8c3-ac0d-4d35-967d-174baf04e94f','',3,'',12,'10832be04cf84fcb89da547afffac19b','2025-02-03 04:06:00.064101');
INSERT INTO "django_admin_log" VALUES(83,'d54f91b0-1731-43b9-9fec-b4b7e913308c','',3,'',12,'10832be04cf84fcb89da547afffac19b','2025-02-03 04:06:00.064115');
INSERT INTO "django_admin_log" VALUES(84,'071b56af-5376-4186-aefc-31cdf496078a','',3,'',12,'10832be04cf84fcb89da547afffac19b','2025-02-03 04:06:00.064129');
INSERT INTO "django_admin_log" VALUES(85,'fa5e8b38-17ec-43f5-bbb0-cd54359a28ce','',3,'',12,'10832be04cf84fcb89da547afffac19b','2025-02-03 04:06:00.064169');
INSERT INTO "django_admin_log" VALUES(86,'99910874-6310-49e0-a761-a7c64ae89af7','',3,'',12,'10832be04cf84fcb89da547afffac19b','2025-02-03 04:06:00.064184');
INSERT INTO "django_admin_log" VALUES(87,'07a78d2c-96c7-4e96-90ff-3718068cee02','',3,'',12,'10832be04cf84fcb89da547afffac19b','2025-02-03 04:06:00.064205');
INSERT INTO "django_admin_log" VALUES(88,'3e4b428c-8824-492d-9447-eb47ae343a5f','',3,'',12,'10832be04cf84fcb89da547afffac19b','2025-02-03 04:06:00.064221');
INSERT INTO "django_admin_log" VALUES(89,'fe0b0219-9e05-4d62-b776-d3518590b35a','',3,'',12,'10832be04cf84fcb89da547afffac19b','2025-02-03 04:06:00.064236');
INSERT INTO "django_admin_log" VALUES(90,'79711f35-4708-4bec-a916-dc3fc83459fa','',3,'',12,'10832be04cf84fcb89da547afffac19b','2025-02-03 04:06:00.064250');
INSERT INTO "django_admin_log" VALUES(91,'ea21c320-06cf-4705-b668-f634ba88c054','',3,'',12,'10832be04cf84fcb89da547afffac19b','2025-02-03 04:06:00.064265');
INSERT INTO "django_admin_log" VALUES(92,'3559a227-62cb-4f87-9626-167053349b8f','',3,'',12,'10832be04cf84fcb89da547afffac19b','2025-02-03 04:06:00.064279');
INSERT INTO "django_admin_log" VALUES(93,'93413eae-4641-4560-bf6c-57c41c27d8ce','',3,'',12,'10832be04cf84fcb89da547afffac19b','2025-02-03 04:06:00.064293');
INSERT INTO "django_admin_log" VALUES(94,'a94c47dc-5fee-47d1-95b0-9447f6fc2e52','',3,'',12,'10832be04cf84fcb89da547afffac19b','2025-02-03 04:06:00.064308');
INSERT INTO "django_admin_log" VALUES(95,'fffd091d-6509-4405-adf3-b2c8d5efb76a','',3,'',12,'10832be04cf84fcb89da547afffac19b','2025-02-03 04:06:00.064324');
INSERT INTO "django_admin_log" VALUES(96,'54715708-dfd2-4bba-9e86-f22ae2b57d5a','',3,'',12,'10832be04cf84fcb89da547afffac19b','2025-02-03 04:06:00.064339');
INSERT INTO "django_admin_log" VALUES(97,'186e569c-8385-4723-a3fa-00f9a47d07e1','',3,'',12,'10832be04cf84fcb89da547afffac19b','2025-02-03 04:06:00.064353');
INSERT INTO "django_admin_log" VALUES(98,'c04cac95-ced0-42b3-85dd-89a28b030ed9','',3,'',12,'10832be04cf84fcb89da547afffac19b','2025-02-03 04:06:00.064368');
INSERT INTO "django_admin_log" VALUES(99,'02067a22-a477-46c6-943d-8b5d3876d134','',3,'',12,'10832be04cf84fcb89da547afffac19b','2025-02-03 04:06:00.064462');
INSERT INTO "django_admin_log" VALUES(100,'3d2bd7fb-2c0b-4891-9dae-8866f1b56e91','',3,'',12,'10832be04cf84fcb89da547afffac19b','2025-02-03 04:06:00.064513');
INSERT INTO "django_admin_log" VALUES(101,'68fc35bb-95ee-4bae-b680-6f7c9a02a680','',3,'',12,'10832be04cf84fcb89da547afffac19b','2025-02-03 04:06:00.064533');
INSERT INTO "django_admin_log" VALUES(102,'a900741b-f240-4c45-bcd4-a09ff6c481ad','',3,'',12,'10832be04cf84fcb89da547afffac19b','2025-02-03 04:06:00.064549');
INSERT INTO "django_admin_log" VALUES(103,'caf0d811-4b25-4fb8-af56-26903336e71e','',3,'',12,'10832be04cf84fcb89da547afffac19b','2025-02-03 04:06:00.064565');
INSERT INTO "django_admin_log" VALUES(104,'cb4da45e-8410-43eb-a772-1d563129d10d','',3,'',12,'10832be04cf84fcb89da547afffac19b','2025-02-03 04:06:00.064582');
INSERT INTO "django_admin_log" VALUES(105,'b4f475ac-b60b-48c1-9346-a5758f7c67a2','',3,'',12,'10832be04cf84fcb89da547afffac19b','2025-02-03 04:06:00.064597');
INSERT INTO "django_admin_log" VALUES(106,'090d8395-036d-4970-b8e6-468d549979ba','',3,'',12,'10832be04cf84fcb89da547afffac19b','2025-02-03 04:06:00.064612');
INSERT INTO "django_admin_log" VALUES(107,'b2614d17-32d7-42f1-8c4b-afec6f29735c','',3,'',12,'10832be04cf84fcb89da547afffac19b','2025-02-03 04:06:00.064627');
INSERT INTO "django_admin_log" VALUES(108,'9e46376f-2a7f-4090-8727-0a62cf653c1d','',3,'',12,'10832be04cf84fcb89da547afffac19b','2025-02-03 04:06:00.064641');
INSERT INTO "django_admin_log" VALUES(109,'b21d7b48-f974-48b7-94fb-17c0609dc9f8','',3,'',12,'10832be04cf84fcb89da547afffac19b','2025-02-03 04:06:00.064657');
INSERT INTO "django_admin_log" VALUES(110,'6057ad96-8ebe-403a-977b-d3034b7c2559','',3,'',12,'10832be04cf84fcb89da547afffac19b','2025-02-03 04:06:00.064672');
INSERT INTO "django_admin_log" VALUES(111,'7e733bfd-760f-464e-8607-b6e881475155','',3,'',12,'10832be04cf84fcb89da547afffac19b','2025-02-03 04:06:00.064686');
INSERT INTO "django_admin_log" VALUES(112,'cb2584f0-51e1-4b22-9efe-4bc163ef49b1','',3,'',12,'10832be04cf84fcb89da547afffac19b','2025-02-03 04:06:00.064701');
INSERT INTO "django_admin_log" VALUES(113,'60cd4ef6-bf20-4a9a-bfb0-94780455ee9d','',3,'',12,'10832be04cf84fcb89da547afffac19b','2025-02-03 04:06:00.064715');
INSERT INTO "django_admin_log" VALUES(114,'fc223528-6b22-4d32-9d4b-3afab729a0bc','',3,'',12,'10832be04cf84fcb89da547afffac19b','2025-02-03 04:06:00.064729');
INSERT INTO "django_admin_log" VALUES(115,'bdb5fc02-341a-4314-b434-59788807df8f','',3,'',12,'10832be04cf84fcb89da547afffac19b','2025-02-03 04:06:00.064744');
INSERT INTO "django_admin_log" VALUES(116,'644d1685-c435-4359-a920-60da69c9dafd','',3,'',12,'10832be04cf84fcb89da547afffac19b','2025-02-03 04:06:00.064759');
INSERT INTO "django_admin_log" VALUES(117,'b2ba8bc0-b8b1-4ff8-a526-f2e5ef0beeba','',3,'',12,'10832be04cf84fcb89da547afffac19b','2025-02-03 04:06:00.065344');
INSERT INTO "django_admin_log" VALUES(118,'afc3e618-3731-4ca2-b139-25c3f79492ef','',3,'',12,'10832be04cf84fcb89da547afffac19b','2025-02-03 04:06:00.065366');
INSERT INTO "django_admin_log" VALUES(119,'c1d3c1ff-3f0f-4cf9-8746-b98666c8b049','',3,'',12,'10832be04cf84fcb89da547afffac19b','2025-02-03 04:06:00.065382');
INSERT INTO "django_admin_log" VALUES(120,'78b05780-8376-4194-a78d-c5f644d0fa65','',3,'',12,'10832be04cf84fcb89da547afffac19b','2025-02-03 04:06:00.065398');
INSERT INTO "django_admin_log" VALUES(121,'c7897060-6d02-4e29-a478-6240b7457695','',3,'',12,'10832be04cf84fcb89da547afffac19b','2025-02-03 04:06:00.065412');
INSERT INTO "django_admin_log" VALUES(122,'ba81c3fe-5b56-4cec-b483-786c08279678','',3,'',12,'10832be04cf84fcb89da547afffac19b','2025-02-03 04:06:00.065427');
INSERT INTO "django_admin_log" VALUES(123,'a6539ec2-b410-4835-b03c-e61270006d97','',3,'',11,'10832be04cf84fcb89da547afffac19b','2025-02-03 04:06:08.687621');
INSERT INTO "django_admin_log" VALUES(124,'55b1ba2a-b5ad-4284-9971-ab71fd6fb39b','',3,'',11,'10832be04cf84fcb89da547afffac19b','2025-02-03 04:06:08.687690');
INSERT INTO "django_admin_log" VALUES(125,'d4072f0d-cc23-4a4a-981b-e74dd8368ef5','',3,'',11,'10832be04cf84fcb89da547afffac19b','2025-02-03 04:06:08.687715');
INSERT INTO "django_admin_log" VALUES(126,'d13fbe46-688d-4eed-b1cb-de4c64f6161e','',3,'',11,'10832be04cf84fcb89da547afffac19b','2025-02-03 04:06:08.687738');
INSERT INTO "django_admin_log" VALUES(127,'e218da3c-faac-4106-9bff-7b53f8745751','',3,'',11,'10832be04cf84fcb89da547afffac19b','2025-02-03 04:06:08.687759');
INSERT INTO "django_admin_log" VALUES(128,'347036ae-7dc3-4b3a-9b2b-26cea5b3c2a5','',3,'',11,'10832be04cf84fcb89da547afffac19b','2025-02-03 04:06:08.687780');
INSERT INTO "django_admin_log" VALUES(129,'e2568a39-c4af-43e7-9b97-8b2b37986e71','',3,'',11,'10832be04cf84fcb89da547afffac19b','2025-02-03 04:06:08.687799');
INSERT INTO "django_admin_log" VALUES(130,'34d77371-0432-47e6-a350-7fe0a45363ea','',3,'',11,'10832be04cf84fcb89da547afffac19b','2025-02-03 04:06:08.687817');
INSERT INTO "django_admin_log" VALUES(131,'3e2efdd9-e291-42d6-95a4-a6a06237fe4d','',3,'',11,'10832be04cf84fcb89da547afffac19b','2025-02-03 04:06:08.687836');
INSERT INTO "django_admin_log" VALUES(132,'d315ab32-2f05-4ed7-98c7-234d3aa14eb6','',3,'',11,'10832be04cf84fcb89da547afffac19b','2025-02-03 04:06:08.687854');
INSERT INTO "django_admin_log" VALUES(133,'52f2e8a3-4d75-4a48-9465-3468fd44f9bc','',3,'',11,'10832be04cf84fcb89da547afffac19b','2025-02-03 04:06:08.687872');
INSERT INTO "django_admin_log" VALUES(134,'8b39a79b-ac4c-4e9d-9a3b-8d5b634091d6','',3,'',11,'10832be04cf84fcb89da547afffac19b','2025-02-03 04:06:08.687890');
INSERT INTO "django_admin_log" VALUES(135,'f295d0e0-d779-443b-97bd-d5e93d4545e1','',3,'',11,'10832be04cf84fcb89da547afffac19b','2025-02-03 04:06:08.687909');
INSERT INTO "django_admin_log" VALUES(136,'3baaf017-8b9d-4903-8694-43ddc564d1d7','',3,'',11,'10832be04cf84fcb89da547afffac19b','2025-02-03 04:06:08.687927');
INSERT INTO "django_admin_log" VALUES(137,'3010fc5b-77f1-44e9-81ba-fa63d74a2a9c','',3,'',11,'10832be04cf84fcb89da547afffac19b','2025-02-03 04:06:08.687945');
INSERT INTO "django_admin_log" VALUES(138,'7d454808-6134-4f46-8845-053699dd2dca','',3,'',11,'10832be04cf84fcb89da547afffac19b','2025-02-03 04:06:08.687963');
INSERT INTO "django_admin_log" VALUES(139,'911d9ef0-042c-49df-b28d-e673d31b4de7','',3,'',11,'10832be04cf84fcb89da547afffac19b','2025-02-03 04:06:08.687982');
INSERT INTO "django_admin_log" VALUES(140,'31fabdf9-db60-4c0b-9c67-a99b533d88be','',3,'',11,'10832be04cf84fcb89da547afffac19b','2025-02-03 04:06:08.688001');
INSERT INTO "django_admin_log" VALUES(141,'1e044bb5-1a84-4df5-8b12-84ddbd4742b1','',3,'',11,'10832be04cf84fcb89da547afffac19b','2025-02-03 04:06:08.688019');
INSERT INTO "django_admin_log" VALUES(142,'13c0df79-b5d1-44af-b840-8811c0dc26e7','',3,'',11,'10832be04cf84fcb89da547afffac19b','2025-02-03 04:06:08.688037');
INSERT INTO "django_admin_log" VALUES(143,'1df804b8-20f7-4bdd-8f9a-b39f521fb094','',3,'',11,'10832be04cf84fcb89da547afffac19b','2025-02-03 04:06:08.688055');
INSERT INTO "django_admin_log" VALUES(144,'83e03516-c1bf-4e4b-a8f6-f5f65a19f0eb','',3,'',11,'10832be04cf84fcb89da547afffac19b','2025-02-03 04:06:08.688073');
INSERT INTO "django_admin_log" VALUES(145,'63b4d275-cf1f-42d6-b49a-cc80dba4fc2e','',3,'',11,'10832be04cf84fcb89da547afffac19b','2025-02-03 04:06:08.688090');
INSERT INTO "django_admin_log" VALUES(146,'c0bd4519-b240-4eb3-84f0-ec38f0e619e3','',3,'',11,'10832be04cf84fcb89da547afffac19b','2025-02-03 04:06:08.688108');
INSERT INTO "django_admin_log" VALUES(147,'7b8ec5b7-1ae4-4139-b918-988af15d3c33','qoshimcha',3,'',13,'10832be04cf84fcb89da547afffac19b','2025-02-03 04:06:17.886064');
INSERT INTO "django_admin_log" VALUES(148,'72fe695f-1fbf-48f0-8b7a-84a273d9fc97','',3,'',13,'10832be04cf84fcb89da547afffac19b','2025-02-03 04:06:17.886143');
INSERT INTO "django_admin_log" VALUES(149,'5d5b8e93-232c-4db8-94f4-d39b1b4724a1','',3,'',13,'10832be04cf84fcb89da547afffac19b','2025-02-03 04:06:17.886168');
INSERT INTO "django_admin_log" VALUES(150,'31dc1e4e-fd6d-4bce-ab1c-0b665ce20c6f','',3,'',13,'10832be04cf84fcb89da547afffac19b','2025-02-03 04:06:17.886207');
INSERT INTO "django_admin_log" VALUES(151,'8b2334ce-b52e-44d7-a3c0-0bb275f8a6d7','',3,'',13,'10832be04cf84fcb89da547afffac19b','2025-02-03 04:06:17.886229');
INSERT INTO "django_admin_log" VALUES(152,'e27a5f08-c5df-4e7d-989d-ae82daef387f','',3,'',13,'10832be04cf84fcb89da547afffac19b','2025-02-03 04:06:17.886250');
INSERT INTO "django_admin_log" VALUES(153,'0a3e0795-28dc-4ff9-a902-095f25f036c4','',3,'',13,'10832be04cf84fcb89da547afffac19b','2025-02-03 04:06:17.886271');
INSERT INTO "django_admin_log" VALUES(154,'b2a71704-5703-4345-91ad-cf608d8e7443','',1,'[{"added": {}}]',13,'10832be04cf84fcb89da547afffac19b','2025-02-03 04:08:02.888932');
INSERT INTO "django_admin_log" VALUES(155,'b2a71704-5703-4345-91ad-cf608d8e7443','',3,'',13,'10832be04cf84fcb89da547afffac19b','2025-02-03 05:17:07.515821');
INSERT INTO "django_admin_log" VALUES(156,'484e60b6-bc45-40fe-b616-70a91e42d526','',1,'[{"added": {}}]',14,'10832be04cf84fcb89da547afffac19b','2025-02-04 08:24:28.738622');
INSERT INTO "django_admin_log" VALUES(157,'10832be0-4cf8-4fcb-89da-547afffac19b','haker',2,'[{"changed": {"fields": ["Role"]}}]',7,'10832be04cf84fcb89da547afffac19b','2025-02-04 08:24:59.870013');
INSERT INTO "django_admin_log" VALUES(158,'484e60b6-bc45-40fe-b616-70a91e42d526','',2,'[{"changed": {"fields": ["Topshiriq turi"]}}]',14,'10832be04cf84fcb89da547afffac19b','2025-02-04 08:25:12.925072');
INSERT INTO "django_admin_log" VALUES(159,'10832be0-4cf8-4fcb-89da-547afffac19b','haker',2,'[]',7,'10832be04cf84fcb89da547afffac19b','2025-02-04 08:26:01.681568');
INSERT INTO "django_admin_log" VALUES(160,'e22eff9c-e071-4662-af14-d730ce6a92a4','',1,'[{"added": {}}]',14,'10832be04cf84fcb89da547afffac19b','2025-02-04 08:31:54.497024');
INSERT INTO "django_admin_log" VALUES(161,'3e046bf4-6097-44fb-8d3e-b377d1eabb2a','',1,'[{"added": {}}]',14,'10832be04cf84fcb89da547afffac19b','2025-02-04 08:36:06.382545');
INSERT INTO "django_admin_log" VALUES(162,'3e046bf4-6097-44fb-8d3e-b377d1eabb2a','qoshimcha',2,'[{"changed": {"fields": ["Title"]}}]',14,'10832be04cf84fcb89da547afffac19b','2025-02-04 08:36:59.785419');
INSERT INTO "django_admin_log" VALUES(163,'3e046bf4-6097-44fb-8d3e-b377d1eabb2a','qoshimcha',2,'[{"changed": {"fields": ["Topshiriq users"]}}]',14,'10832be04cf84fcb89da547afffac19b','2025-02-04 09:09:04.848562');
INSERT INTO "django_admin_log" VALUES(164,'3e046bf4-6097-44fb-8d3e-b377d1eabb2a','qoshimcha',2,'[]',14,'10832be04cf84fcb89da547afffac19b','2025-02-04 09:21:07.099293');
INSERT INTO "django_admin_log" VALUES(165,'3e046bf4-6097-44fb-8d3e-b377d1eabb2a','qoshimcha',3,'',14,'10832be04cf84fcb89da547afffac19b','2025-02-04 09:46:47.859770');
INSERT INTO "django_admin_log" VALUES(166,'e22eff9c-e071-4662-af14-d730ce6a92a4','',3,'',14,'10832be04cf84fcb89da547afffac19b','2025-02-04 09:46:47.859862');
INSERT INTO "django_admin_log" VALUES(167,'484e60b6-bc45-40fe-b616-70a91e42d526','',3,'',14,'10832be04cf84fcb89da547afffac19b','2025-02-04 09:46:47.859891');
INSERT INTO "django_admin_log" VALUES(168,'efc3e2c9-41f4-4426-8906-515947555f66','',1,'[{"added": {}}]',14,'10832be04cf84fcb89da547afffac19b','2025-02-04 10:08:24.825017');
INSERT INTO "django_admin_log" VALUES(169,'96229f4f-8988-4354-be10-2a90b6706339','',1,'[{"added": {}}]',14,'10832be04cf84fcb89da547afffac19b','2025-02-04 13:18:06.298532');
INSERT INTO "django_admin_log" VALUES(170,'39158480-a39b-4ed0-8332-162bc3252b21','',1,'[{"added": {}}]',14,'10832be04cf84fcb89da547afffac19b','2025-02-04 13:24:54.812587');
INSERT INTO "django_admin_log" VALUES(171,'39158480-a39b-4ed0-8332-162bc3252b21','',3,'',14,'10832be04cf84fcb89da547afffac19b','2025-02-04 13:25:44.637373');
INSERT INTO "django_admin_log" VALUES(172,'96229f4f-8988-4354-be10-2a90b6706339','',3,'',14,'10832be04cf84fcb89da547afffac19b','2025-02-04 13:25:44.637448');
INSERT INTO "django_admin_log" VALUES(173,'efc3e2c9-41f4-4426-8906-515947555f66','',3,'',14,'10832be04cf84fcb89da547afffac19b','2025-02-04 13:25:44.637472');
INSERT INTO "django_admin_log" VALUES(174,'cffc6580-62d7-4f5a-a2d6-a7152d44d8c2','',1,'[{"added": {}}]',14,'10832be04cf84fcb89da547afffac19b','2025-02-04 13:43:03.210432');
INSERT INTO "django_admin_log" VALUES(175,'cffc6580-62d7-4f5a-a2d6-a7152d44d8c2','',2,'[]',14,'10832be04cf84fcb89da547afffac19b','2025-02-04 15:46:38.523383');
INSERT INTO "django_admin_log" VALUES(176,'cffc6580-62d7-4f5a-a2d6-a7152d44d8c2','',2,'[]',14,'10832be04cf84fcb89da547afffac19b','2025-02-04 15:46:53.190284');
INSERT INTO "django_admin_log" VALUES(177,'cffc6580-62d7-4f5a-a2d6-a7152d44d8c2','',2,'[]',14,'10832be04cf84fcb89da547afffac19b','2025-02-04 15:47:05.859070');
INSERT INTO "django_admin_log" VALUES(178,'bcc1bcf4-bc43-42d8-b3c4-942da1cf2f59','',3,'',16,'10832be04cf84fcb89da547afffac19b','2025-02-05 05:32:00.443441');
INSERT INTO "django_admin_log" VALUES(179,'c74688d5-d587-432e-ac09-efc47d69212c','',3,'',16,'10832be04cf84fcb89da547afffac19b','2025-02-05 05:32:00.443505');
INSERT INTO "django_admin_log" VALUES(180,'11efc0d2-f7ff-423f-825b-295f2651e3c5','',3,'',16,'10832be04cf84fcb89da547afffac19b','2025-02-05 05:32:00.443524');
INSERT INTO "django_admin_log" VALUES(181,'2b0d2faa-f677-40a8-82c4-67ceb1b123c3','',3,'',16,'10832be04cf84fcb89da547afffac19b','2025-02-05 05:32:00.443542');
INSERT INTO "django_admin_log" VALUES(182,'abe4a4ca-5e02-4cd8-868d-98e43737c433','',3,'',16,'10832be04cf84fcb89da547afffac19b','2025-02-05 05:32:00.443559');
INSERT INTO "django_admin_log" VALUES(183,'47c99ea3-0d0e-474f-b7a8-409b6ab9d0be','',3,'',16,'10832be04cf84fcb89da547afffac19b','2025-02-05 05:32:00.443575');
INSERT INTO "django_admin_log" VALUES(184,'0b10bb0d-1f75-470c-9a21-bd64c653195f','',3,'',16,'10832be04cf84fcb89da547afffac19b','2025-02-05 05:32:00.443593');
INSERT INTO "django_admin_log" VALUES(185,'249765bb-c18e-4b7f-95d5-5c843701d43f','',3,'',16,'10832be04cf84fcb89da547afffac19b','2025-02-05 05:32:00.443609');
INSERT INTO "django_admin_log" VALUES(186,'bae9bb09-cbb5-47ff-acb9-4cc5874c020d','',3,'',16,'10832be04cf84fcb89da547afffac19b','2025-02-05 05:32:00.443626');
INSERT INTO "django_admin_log" VALUES(187,'0743e3f5-8c8b-4c6a-92c0-364612915cf2','',3,'',16,'10832be04cf84fcb89da547afffac19b','2025-02-05 05:32:00.443642');
INSERT INTO "django_admin_log" VALUES(188,'db688473-6f12-4f71-83b9-29e13c21dcfe','',3,'',16,'10832be04cf84fcb89da547afffac19b','2025-02-05 05:32:00.443658');
INSERT INTO "django_admin_log" VALUES(189,'16594330-cb9c-47a9-98b7-53a691036f9a','',3,'',16,'10832be04cf84fcb89da547afffac19b','2025-02-05 05:32:00.443674');
INSERT INTO "django_admin_log" VALUES(190,'61fccebd-bae4-4e29-bb02-036dc62b0207','',3,'',16,'10832be04cf84fcb89da547afffac19b','2025-02-05 05:32:00.443690');
INSERT INTO "django_admin_log" VALUES(191,'014a02e1-a6f0-45ec-98d7-df0fe4ba77f8','',3,'',16,'10832be04cf84fcb89da547afffac19b','2025-02-05 05:32:00.443706');
INSERT INTO "django_admin_log" VALUES(192,'7e1137f8-1819-4012-b469-b412330b2cdc','',3,'',16,'10832be04cf84fcb89da547afffac19b','2025-02-05 05:32:00.443722');
INSERT INTO "django_admin_log" VALUES(193,'d9db0a16-4c46-49dc-9e6b-ccb54cced31a','string',3,'',14,'10832be04cf84fcb89da547afffac19b','2025-02-05 05:32:09.362042');
INSERT INTO "django_admin_log" VALUES(194,'35c1cdf8-0129-4a52-a96e-3f8e130bddc5','',3,'',14,'10832be04cf84fcb89da547afffac19b','2025-02-05 05:32:09.362102');
INSERT INTO "django_admin_log" VALUES(195,'8d648066-e74d-4f6f-bda3-f1ecdbc3dc05','',3,'',14,'10832be04cf84fcb89da547afffac19b','2025-02-05 05:32:09.362122');
INSERT INTO "django_admin_log" VALUES(196,'19729593-3778-42a0-8b28-a513cf5d91ba','',3,'',14,'10832be04cf84fcb89da547afffac19b','2025-02-05 05:32:09.362139');
INSERT INTO "django_admin_log" VALUES(197,'cffc6580-62d7-4f5a-a2d6-a7152d44d8c2','',3,'',14,'10832be04cf84fcb89da547afffac19b','2025-02-05 05:32:09.362155');
INSERT INTO "django_admin_log" VALUES(198,'3af28c33-5844-4a15-a50a-bfb9b13cb0a6','admin topshirq qoshimcha',3,'',14,'10832be04cf84fcb89da547afffac19b','2025-02-05 10:20:45.044332');
INSERT INTO "django_admin_log" VALUES(199,'ec3d3322-4253-4e83-b3fa-77777b7fb315','admin topshirq qoshimcha',3,'',14,'10832be04cf84fcb89da547afffac19b','2025-02-05 10:20:45.044395');
INSERT INTO "django_admin_log" VALUES(200,'63a110a2-8805-4667-ac44-5e41e588e83d','',3,'',14,'10832be04cf84fcb89da547afffac19b','2025-02-05 10:20:45.044418');
INSERT INTO "django_admin_log" VALUES(201,'7fd1607a-27dd-462a-9577-987eba3bcef4','topshirq qoshimcha',3,'',14,'10832be04cf84fcb89da547afffac19b','2025-02-05 10:20:45.044436');
INSERT INTO "django_admin_log" VALUES(202,'47116715-069c-4983-bf3e-cc2f500123eb','erg dfvfgd cvb dfg dfgtfgfrtgb',2,'[{"changed": {"fields": ["Active"]}}]',14,'10832be04cf84fcb89da547afffac19b','2025-02-14 14:54:07.066641');
CREATE UNIQUE INDEX "django_content_type_app_label_model_76bd3d3b_uniq" ON "django_content_type" ("app_label", "model");
CREATE UNIQUE INDEX "auth_group_permissions_group_id_permission_id_0cd325b0_uniq" ON "auth_group_permissions" ("group_id", "permission_id");
CREATE INDEX IF NOT EXISTS "auth_group_permissions_group_id_b120cbf9" ON "auth_group_permissions" ("group_id");
CREATE INDEX IF NOT EXISTS "auth_group_permissions_permission_id_84c5c92e" ON "auth_group_permissions" ("permission_id");
CREATE UNIQUE INDEX "auth_permission_content_type_id_codename_01ab375a_uniq" ON "auth_permission" ("content_type_id", "codename");
CREATE INDEX IF NOT EXISTS "auth_permission_content_type_id_2f476e4b" ON "auth_permission" ("content_type_id");
CREATE INDEX IF NOT EXISTS "users_users_fakultet_id_5899e7a5" ON "users_users" ("fakultet_id");
CREATE UNIQUE INDEX "users_users_groups_users_id_group_id_02603a5e_uniq" ON "users_users_groups" ("users_id", "group_id");
CREATE INDEX IF NOT EXISTS "users_users_groups_users_id_5572cf36" ON "users_users_groups" ("users_id");
CREATE INDEX IF NOT EXISTS "users_users_groups_group_id_3e15ff0f" ON "users_users_groups" ("group_id");
CREATE UNIQUE INDEX "users_users_user_permissions_users_id_permission_id_119659d5_uniq" ON "users_users_user_permissions" ("users_id", "permission_id");
CREATE INDEX IF NOT EXISTS "users_users_user_permissions_users_id_04010ba6" ON "users_users_user_permissions" ("users_id");
CREATE INDEX IF NOT EXISTS "users_users_user_permissions_permission_id_9a117d64" ON "users_users_user_permissions" ("permission_id");
CREATE INDEX IF NOT EXISTS "django_admin_log_content_type_id_c4bce8eb" ON "django_admin_log" ("content_type_id");
CREATE INDEX IF NOT EXISTS "django_admin_log_user_id_c564eba6" ON "django_admin_log" ("user_id");
CREATE INDEX IF NOT EXISTS "django_session_expire_date_a5c62663" ON "django_session" ("expire_date");
CREATE UNIQUE INDEX "topshiriqs_topshiriq_users_topshiriq_id_users_id_43728bee_uniq" ON "topshiriqs_topshiriq_users" ("topshiriq_id", "users_id");
CREATE INDEX IF NOT EXISTS "topshiriqs_topshiriq_users_topshiriq_id_3495ca95" ON "topshiriqs_topshiriq_users" ("topshiriq_id");
CREATE INDEX IF NOT EXISTS "topshiriqs_topshiriq_users_users_id_bdac511d" ON "topshiriqs_topshiriq_users" ("users_id");
CREATE INDEX IF NOT EXISTS "topshiriqs_qoshimchatopshiriq_user_id_1a489478" ON "topshiriqs_qoshimchatopshiriq" ("user_id");
CREATE INDEX IF NOT EXISTS "topshiriqs_qoshimchatopshiriq_topshiriq_id_46fe60c3" ON "topshiriqs_qoshimchatopshiriq" ("topshiriq_id");
CREATE INDEX IF NOT EXISTS "topshiriqs_majburiytopshiriq_user_id_7563b9eb" ON "topshiriqs_majburiytopshiriq" ("user_id");
CREATE INDEX IF NOT EXISTS "topshiriqs_majburiytopshiriq_topshiriq_id_00197fb1" ON "topshiriqs_majburiytopshiriq" ("topshiriq_id");
CREATE UNIQUE INDEX "topshiriq_topshiriq_topshiriq_users_topshiriq_id_users_id_9df7825a_uniq" ON "topshiriq_topshiriq_topshiriq_users" ("topshiriq_id", "users_id");
CREATE INDEX IF NOT EXISTS "topshiriq_topshiriq_topshiriq_users_topshiriq_id_5dd32f78" ON "topshiriq_topshiriq_topshiriq_users" ("topshiriq_id");
CREATE INDEX IF NOT EXISTS "topshiriq_topshiriq_topshiriq_users_users_id_c5e10809" ON "topshiriq_topshiriq_topshiriq_users" ("users_id");
CREATE INDEX IF NOT EXISTS "topshiriq_majburiytopshiriq_user_id_bc19da0e" ON "topshiriq_majburiytopshiriq" ("user_id");
CREATE INDEX IF NOT EXISTS "topshiriq_majburiytopshiriq_topshiriq_id_6a375b5e" ON "topshiriq_majburiytopshiriq" ("topshiriq_id");
CREATE INDEX IF NOT EXISTS "topshiriq_qoshimchatopshiriq_user_id_ddeb336f" ON "topshiriq_qoshimchatopshiriq" ("user_id");
CREATE INDEX IF NOT EXISTS "topshiriq_qoshimchatopshiriq_topshiriq_id_1763c045" ON "topshiriq_qoshimchatopshiriq" ("topshiriq_id");
CREATE INDEX IF NOT EXISTS "topshiriq_topshiriq_admin_user_id_375d331e" ON "topshiriq_topshiriq" ("admin_user_id");
CREATE INDEX IF NOT EXISTS "topshiriq_ozsohasidatopshiriq_user_id_1907d4e6" ON "topshiriq_ozsohasidatopshiriq" ("user_id");
CREATE INDEX IF NOT EXISTS "topshiriq_ozxohishibilantopshiriq_user_id_86076857" ON "topshiriq_ozxohishibilantopshiriq" ("user_id");
CREATE UNIQUE INDEX "django_celery_beat_solarschedule_event_latitude_longitude_ba64999a_uniq" ON "django_celery_beat_solarschedule" ("event", "latitude", "longitude");
CREATE INDEX IF NOT EXISTS "django_celery_beat_periodictask_crontab_id_d3cba168" ON "django_celery_beat_periodictask" ("crontab_id");
CREATE INDEX IF NOT EXISTS "django_celery_beat_periodictask_interval_id_a8ca27da" ON "django_celery_beat_periodictask" ("interval_id");
CREATE INDEX IF NOT EXISTS "django_celery_beat_periodictask_solar_id_a87ce72c" ON "django_celery_beat_periodictask" ("solar_id");
CREATE INDEX IF NOT EXISTS "django_celery_beat_periodictask_clocked_id_47a69f82" ON "django_celery_beat_periodictask" ("clocked_id");
CREATE TABLE IF NOT EXISTS "django_celery_beat_clockedschedule" ("id" integer NOT NULL PRIMARY KEY AUTOINCREMENT, "clocked_time" datetime NOT NULL);
CREATE UNIQUE INDEX "django_content_type_app_label_model_76bd3d3b_uniq" ON "django_content_type" ("app_label", "model");
CREATE UNIQUE INDEX "auth_group_permissions_group_id_permission_id_0cd325b0_uniq" ON "auth_group_permissions" ("group_id", "permission_id");
CREATE INDEX IF NOT EXISTS "auth_group_permissions_group_id_b120cbf9" ON "auth_group_permissions" ("group_id");
CREATE INDEX IF NOT EXISTS "auth_group_permissions_permission_id_84c5c92e" ON "auth_group_permissions" ("permission_id");
CREATE UNIQUE INDEX "auth_permission_content_type_id_codename_01ab375a_uniq" ON "auth_permission" ("content_type_id", "codename");
CREATE INDEX IF NOT EXISTS "auth_permission_content_type_id_2f476e4b" ON "auth_permission" ("content_type_id");
CREATE INDEX IF NOT EXISTS "users_users_fakultet_id_5899e7a5" ON "users_users" ("fakultet_id");
CREATE UNIQUE INDEX "users_users_groups_users_id_group_id_02603a5e_uniq" ON "users_users_groups" ("users_id", "group_id");
CREATE INDEX IF NOT EXISTS "users_users_groups_users_id_5572cf36" ON "users_users_groups" ("users_id");
CREATE INDEX IF NOT EXISTS "users_users_groups_group_id_3e15ff0f" ON "users_users_groups" ("group_id");
CREATE UNIQUE INDEX "users_users_user_permissions_users_id_permission_id_119659d5_uniq" ON "users_users_user_permissions" ("users_id", "permission_id");
CREATE INDEX IF NOT EXISTS "users_users_user_permissions_users_id_04010ba6" ON "users_users_user_permissions" ("users_id");
CREATE INDEX IF NOT EXISTS "users_users_user_permissions_permission_id_9a117d64" ON "users_users_user_permissions" ("permission_id");
CREATE INDEX IF NOT EXISTS "django_admin_log_content_type_id_c4bce8eb" ON "django_admin_log" ("content_type_id");
CREATE INDEX IF NOT EXISTS "django_admin_log_user_id_c564eba6" ON "django_admin_log" ("user_id");
CREATE INDEX IF NOT EXISTS "django_session_expire_date_a5c62663" ON "django_session" ("expire_date");
CREATE UNIQUE INDEX "topshiriqs_topshiriq_users_topshiriq_id_users_id_43728bee_uniq" ON "topshiriqs_topshiriq_users" ("topshiriq_id", "users_id");
CREATE INDEX IF NOT EXISTS "topshiriqs_topshiriq_users_topshiriq_id_3495ca95" ON "topshiriqs_topshiriq_users" ("topshiriq_id");
CREATE INDEX IF NOT EXISTS "topshiriqs_topshiriq_users_users_id_bdac511d" ON "topshiriqs_topshiriq_users" ("users_id");
CREATE INDEX IF NOT EXISTS "topshiriqs_qoshimchatopshiriq_user_id_1a489478" ON "topshiriqs_qoshimchatopshiriq" ("user_id");
CREATE INDEX IF NOT EXISTS "topshiriqs_qoshimchatopshiriq_topshiriq_id_46fe60c3" ON "topshiriqs_qoshimchatopshiriq" ("topshiriq_id");
CREATE INDEX IF NOT EXISTS "topshiriqs_majburiytopshiriq_user_id_7563b9eb" ON "topshiriqs_majburiytopshiriq" ("user_id");
CREATE INDEX IF NOT EXISTS "topshiriqs_majburiytopshiriq_topshiriq_id_00197fb1" ON "topshiriqs_majburiytopshiriq" ("topshiriq_id");
CREATE UNIQUE INDEX "topshiriq_topshiriq_topshiriq_users_topshiriq_id_users_id_9df7825a_uniq" ON "topshiriq_topshiriq_topshiriq_users" ("topshiriq_id", "users_id");
CREATE INDEX IF NOT EXISTS "topshiriq_topshiriq_topshiriq_users_topshiriq_id_5dd32f78" ON "topshiriq_topshiriq_topshiriq_users" ("topshiriq_id");
CREATE INDEX IF NOT EXISTS "topshiriq_topshiriq_topshiriq_users_users_id_c5e10809" ON "topshiriq_topshiriq_topshiriq_users" ("users_id");
CREATE INDEX IF NOT EXISTS "topshiriq_majburiytopshiriq_user_id_bc19da0e" ON "topshiriq_majburiytopshiriq" ("user_id");
CREATE INDEX IF NOT EXISTS "topshiriq_majburiytopshiriq_topshiriq_id_6a375b5e" ON "topshiriq_majburiytopshiriq" ("topshiriq_id");
CREATE INDEX IF NOT EXISTS "topshiriq_qoshimchatopshiriq_user_id_ddeb336f" ON "topshiriq_qoshimchatopshiriq" ("user_id");
CREATE INDEX IF NOT EXISTS "topshiriq_qoshimchatopshiriq_topshiriq_id_1763c045" ON "topshiriq_qoshimchatopshiriq" ("topshiriq_id");
CREATE INDEX IF NOT EXISTS "topshiriq_topshiriq_admin_user_id_375d331e" ON "topshiriq_topshiriq" ("admin_user_id");
CREATE INDEX IF NOT EXISTS "topshiriq_ozsohasidatopshiriq_user_id_1907d4e6" ON "topshiriq_ozsohasidatopshiriq" ("user_id");
CREATE INDEX IF NOT EXISTS "topshiriq_ozxohishibilantopshiriq_user_id_86076857" ON "topshiriq_ozxohishibilantopshiriq" ("user_id");
CREATE UNIQUE INDEX "django_celery_beat_solarschedule_event_latitude_longitude_ba64999a_uniq" ON "django_celery_beat_solarschedule" ("event", "latitude", "longitude");
CREATE INDEX IF NOT EXISTS "django_celery_beat_periodictask_crontab_id_d3cba168" ON "django_celery_beat_periodictask" ("crontab_id");
CREATE INDEX IF NOT EXISTS "django_celery_beat_periodictask_interval_id_a8ca27da" ON "django_celery_beat_periodictask" ("interval_id");
CREATE INDEX IF NOT EXISTS "django_celery_beat_periodictask_solar_id_a87ce72c" ON "django_celery_beat_periodictask" ("solar_id");
CREATE INDEX IF NOT EXISTS "django_celery_beat_periodictask_clocked_id_47a69f82" ON "django_celery_beat_periodictask" ("clocked_id");
CREATE TABLE IF NOT EXISTS "django_celery_beat_crontabschedule" ("id" integer NOT NULL PRIMARY KEY AUTOINCREMENT, "minute" varchar(240) NOT NULL, "hour" varchar(96) NOT NULL, "day_of_week" varchar(64) NOT NULL, "day_of_month" varchar(124) NOT NULL, "month_of_year" varchar(64) NOT NULL, "timezone" varchar(63) NOT NULL);
CREATE UNIQUE INDEX "django_content_type_app_label_model_76bd3d3b_uniq" ON "django_content_type" ("app_label", "model");
CREATE UNIQUE INDEX "auth_group_permissions_group_id_permission_id_0cd325b0_uniq" ON "auth_group_permissions" ("group_id", "permission_id");
CREATE INDEX IF NOT EXISTS "auth_group_permissions_group_id_b120cbf9" ON "auth_group_permissions" ("group_id");
CREATE INDEX IF NOT EXISTS "auth_group_permissions_permission_id_84c5c92e" ON "auth_group_permissions" ("permission_id");
CREATE UNIQUE INDEX "auth_permission_content_type_id_codename_01ab375a_uniq" ON "auth_permission" ("content_type_id", "codename");
CREATE INDEX IF NOT EXISTS "auth_permission_content_type_id_2f476e4b" ON "auth_permission" ("content_type_id");
CREATE INDEX IF NOT EXISTS "users_users_fakultet_id_5899e7a5" ON "users_users" ("fakultet_id");
CREATE UNIQUE INDEX "users_users_groups_users_id_group_id_02603a5e_uniq" ON "users_users_groups" ("users_id", "group_id");
CREATE INDEX IF NOT EXISTS "users_users_groups_users_id_5572cf36" ON "users_users_groups" ("users_id");
CREATE INDEX IF NOT EXISTS "users_users_groups_group_id_3e15ff0f" ON "users_users_groups" ("group_id");
CREATE UNIQUE INDEX "users_users_user_permissions_users_id_permission_id_119659d5_uniq" ON "users_users_user_permissions" ("users_id", "permission_id");
CREATE INDEX IF NOT EXISTS "users_users_user_permissions_users_id_04010ba6" ON "users_users_user_permissions" ("users_id");
CREATE INDEX IF NOT EXISTS "users_users_user_permissions_permission_id_9a117d64" ON "users_users_user_permissions" ("permission_id");
CREATE INDEX IF NOT EXISTS "django_admin_log_content_type_id_c4bce8eb" ON "django_admin_log" ("content_type_id");
CREATE INDEX IF NOT EXISTS "django_admin_log_user_id_c564eba6" ON "django_admin_log" ("user_id");
CREATE INDEX IF NOT EXISTS "django_session_expire_date_a5c62663" ON "django_session" ("expire_date");
CREATE UNIQUE INDEX "topshiriqs_topshiriq_users_topshiriq_id_users_id_43728bee_uniq" ON "topshiriqs_topshiriq_users" ("topshiriq_id", "users_id");
CREATE INDEX IF NOT EXISTS "topshiriqs_topshiriq_users_topshiriq_id_3495ca95" ON "topshiriqs_topshiriq_users" ("topshiriq_id");
CREATE INDEX IF NOT EXISTS "topshiriqs_topshiriq_users_users_id_bdac511d" ON "topshiriqs_topshiriq_users" ("users_id");
CREATE INDEX IF NOT EXISTS "topshiriqs_qoshimchatopshiriq_user_id_1a489478" ON "topshiriqs_qoshimchatopshiriq" ("user_id");
CREATE INDEX IF NOT EXISTS "topshiriqs_qoshimchatopshiriq_topshiriq_id_46fe60c3" ON "topshiriqs_qoshimchatopshiriq" ("topshiriq_id");
CREATE INDEX IF NOT EXISTS "topshiriqs_majburiytopshiriq_user_id_7563b9eb" ON "topshiriqs_majburiytopshiriq" ("user_id");
CREATE INDEX IF NOT EXISTS "topshiriqs_majburiytopshiriq_topshiriq_id_00197fb1" ON "topshiriqs_majburiytopshiriq" ("topshiriq_id");
CREATE UNIQUE INDEX "topshiriq_topshiriq_topshiriq_users_topshiriq_id_users_id_9df7825a_uniq" ON "topshiriq_topshiriq_topshiriq_users" ("topshiriq_id", "users_id");
CREATE INDEX IF NOT EXISTS "topshiriq_topshiriq_topshiriq_users_topshiriq_id_5dd32f78" ON "topshiriq_topshiriq_topshiriq_users" ("topshiriq_id");
CREATE INDEX IF NOT EXISTS "topshiriq_topshiriq_topshiriq_users_users_id_c5e10809" ON "topshiriq_topshiriq_topshiriq_users" ("users_id");
CREATE INDEX IF NOT EXISTS "topshiriq_majburiytopshiriq_user_id_bc19da0e" ON "topshiriq_majburiytopshiriq" ("user_id");
CREATE INDEX IF NOT EXISTS "topshiriq_majburiytopshiriq_topshiriq_id_6a375b5e" ON "topshiriq_majburiytopshiriq" ("topshiriq_id");
CREATE INDEX IF NOT EXISTS "topshiriq_qoshimchatopshiriq_user_id_ddeb336f" ON "topshiriq_qoshimchatopshiriq" ("user_id");
CREATE INDEX IF NOT EXISTS "topshiriq_qoshimchatopshiriq_topshiriq_id_1763c045" ON "topshiriq_qoshimchatopshiriq" ("topshiriq_id");
CREATE INDEX IF NOT EXISTS "topshiriq_topshiriq_admin_user_id_375d331e" ON "topshiriq_topshiriq" ("admin_user_id");
CREATE INDEX IF NOT EXISTS "topshiriq_ozsohasidatopshiriq_user_id_1907d4e6" ON "topshiriq_ozsohasidatopshiriq" ("user_id");
CREATE INDEX IF NOT EXISTS "topshiriq_ozxohishibilantopshiriq_user_id_86076857" ON "topshiriq_ozxohishibilantopshiriq" ("user_id");
CREATE UNIQUE INDEX "django_celery_beat_solarschedule_event_latitude_longitude_ba64999a_uniq" ON "django_celery_beat_solarschedule" ("event", "latitude", "longitude");
CREATE INDEX IF NOT EXISTS "django_celery_beat_periodictask_crontab_id_d3cba168" ON "django_celery_beat_periodictask" ("crontab_id");
CREATE INDEX IF NOT EXISTS "django_celery_beat_periodictask_interval_id_a8ca27da" ON "django_celery_beat_periodictask" ("interval_id");
CREATE INDEX IF NOT EXISTS "django_celery_beat_periodictask_solar_id_a87ce72c" ON "django_celery_beat_periodictask" ("solar_id");
CREATE INDEX IF NOT EXISTS "django_celery_beat_periodictask_clocked_id_47a69f82" ON "django_celery_beat_periodictask" ("clocked_id");
CREATE TABLE IF NOT EXISTS "django_celery_beat_intervalschedule" ("id" integer NOT NULL PRIMARY KEY AUTOINCREMENT, "every" integer NOT NULL, "period" varchar(24) NOT NULL);
CREATE UNIQUE INDEX "django_content_type_app_label_model_76bd3d3b_uniq" ON "django_content_type" ("app_label", "model");
CREATE UNIQUE INDEX "auth_group_permissions_group_id_permission_id_0cd325b0_uniq" ON "auth_group_permissions" ("group_id", "permission_id");
CREATE INDEX IF NOT EXISTS "auth_group_permissions_group_id_b120cbf9" ON "auth_group_permissions" ("group_id");
CREATE INDEX IF NOT EXISTS "auth_group_permissions_permission_id_84c5c92e" ON "auth_group_permissions" ("permission_id");
CREATE UNIQUE INDEX "auth_permission_content_type_id_codename_01ab375a_uniq" ON "auth_permission" ("content_type_id", "codename");
CREATE INDEX IF NOT EXISTS "auth_permission_content_type_id_2f476e4b" ON "auth_permission" ("content_type_id");
CREATE INDEX IF NOT EXISTS "users_users_fakultet_id_5899e7a5" ON "users_users" ("fakultet_id");
CREATE UNIQUE INDEX "users_users_groups_users_id_group_id_02603a5e_uniq" ON "users_users_groups" ("users_id", "group_id");
CREATE INDEX IF NOT EXISTS "users_users_groups_users_id_5572cf36" ON "users_users_groups" ("users_id");
CREATE INDEX IF NOT EXISTS "users_users_groups_group_id_3e15ff0f" ON "users_users_groups" ("group_id");
CREATE UNIQUE INDEX "users_users_user_permissions_users_id_permission_id_119659d5_uniq" ON "users_users_user_permissions" ("users_id", "permission_id");
CREATE INDEX IF NOT EXISTS "users_users_user_permissions_users_id_04010ba6" ON "users_users_user_permissions" ("users_id");
CREATE INDEX IF NOT EXISTS "users_users_user_permissions_permission_id_9a117d64" ON "users_users_user_permissions" ("permission_id");
CREATE INDEX IF NOT EXISTS "django_admin_log_content_type_id_c4bce8eb" ON "django_admin_log" ("content_type_id");
CREATE INDEX IF NOT EXISTS "django_admin_log_user_id_c564eba6" ON "django_admin_log" ("user_id");
CREATE INDEX IF NOT EXISTS "django_session_expire_date_a5c62663" ON "django_session" ("expire_date");
CREATE UNIQUE INDEX "topshiriqs_topshiriq_users_topshiriq_id_users_id_43728bee_uniq" ON "topshiriqs_topshiriq_users" ("topshiriq_id", "users_id");
CREATE INDEX IF NOT EXISTS "topshiriqs_topshiriq_users_topshiriq_id_3495ca95" ON "topshiriqs_topshiriq_users" ("topshiriq_id");
CREATE INDEX IF NOT EXISTS "topshiriqs_topshiriq_users_users_id_bdac511d" ON "topshiriqs_topshiriq_users" ("users_id");
CREATE INDEX IF NOT EXISTS "topshiriqs_qoshimchatopshiriq_user_id_1a489478" ON "topshiriqs_qoshimchatopshiriq" ("user_id");
CREATE INDEX IF NOT EXISTS "topshiriqs_qoshimchatopshiriq_topshiriq_id_46fe60c3" ON "topshiriqs_qoshimchatopshiriq" ("topshiriq_id");
CREATE INDEX IF NOT EXISTS "topshiriqs_majburiytopshiriq_user_id_7563b9eb" ON "topshiriqs_majburiytopshiriq" ("user_id");
CREATE INDEX IF NOT EXISTS "topshiriqs_majburiytopshiriq_topshiriq_id_00197fb1" ON "topshiriqs_majburiytopshiriq" ("topshiriq_id");
CREATE UNIQUE INDEX "topshiriq_topshiriq_topshiriq_users_topshiriq_id_users_id_9df7825a_uniq" ON "topshiriq_topshiriq_topshiriq_users" ("topshiriq_id", "users_id");
CREATE INDEX IF NOT EXISTS "topshiriq_topshiriq_topshiriq_users_topshiriq_id_5dd32f78" ON "topshiriq_topshiriq_topshiriq_users" ("topshiriq_id");
CREATE INDEX IF NOT EXISTS "topshiriq_topshiriq_topshiriq_users_users_id_c5e10809" ON "topshiriq_topshiriq_topshiriq_users" ("users_id");
CREATE INDEX IF NOT EXISTS "topshiriq_majburiytopshiriq_user_id_bc19da0e" ON "topshiriq_majburiytopshiriq" ("user_id");
CREATE INDEX IF NOT EXISTS "topshiriq_majburiytopshiriq_topshiriq_id_6a375b5e" ON "topshiriq_majburiytopshiriq" ("topshiriq_id");
CREATE INDEX IF NOT EXISTS "topshiriq_qoshimchatopshiriq_user_id_ddeb336f" ON "topshiriq_qoshimchatopshiriq" ("user_id");
CREATE INDEX IF NOT EXISTS "topshiriq_qoshimchatopshiriq_topshiriq_id_1763c045" ON "topshiriq_qoshimchatopshiriq" ("topshiriq_id");
CREATE INDEX IF NOT EXISTS "topshiriq_topshiriq_admin_user_id_375d331e" ON "topshiriq_topshiriq" ("admin_user_id");
CREATE INDEX IF NOT EXISTS "topshiriq_ozsohasidatopshiriq_user_id_1907d4e6" ON "topshiriq_ozsohasidatopshiriq" ("user_id");
CREATE INDEX IF NOT EXISTS "topshiriq_ozxohishibilantopshiriq_user_id_86076857" ON "topshiriq_ozxohishibilantopshiriq" ("user_id");
CREATE UNIQUE INDEX "django_celery_beat_solarschedule_event_latitude_longitude_ba64999a_uniq" ON "django_celery_beat_solarschedule" ("event", "latitude", "longitude");
CREATE INDEX IF NOT EXISTS "django_celery_beat_periodictask_crontab_id_d3cba168" ON "django_celery_beat_periodictask" ("crontab_id");
CREATE INDEX IF NOT EXISTS "django_celery_beat_periodictask_interval_id_a8ca27da" ON "django_celery_beat_periodictask" ("interval_id");
CREATE INDEX IF NOT EXISTS "django_celery_beat_periodictask_solar_id_a87ce72c" ON "django_celery_beat_periodictask" ("solar_id");
CREATE INDEX IF NOT EXISTS "django_celery_beat_periodictask_clocked_id_47a69f82" ON "django_celery_beat_periodictask" ("clocked_id");
CREATE TABLE IF NOT EXISTS "django_celery_beat_periodictask" ("id" integer NOT NULL PRIMARY KEY AUTOINCREMENT, "name" varchar(200) NOT NULL UNIQUE, "task" varchar(200) NOT NULL, "args" text NOT NULL, "kwargs" text NOT NULL, "queue" varchar(200) NULL, "exchange" varchar(200) NULL, "routing_key" varchar(200) NULL, "expires" datetime NULL, "enabled" bool NOT NULL, "last_run_at" datetime NULL, "total_run_count" integer unsigned NOT NULL CHECK ("total_run_count" >= 0), "date_changed" datetime NOT NULL, "description" text NOT NULL, "crontab_id" integer NULL REFERENCES "django_celery_beat_crontabschedule" ("id") DEFERRABLE INITIALLY DEFERRED, "interval_id" integer NULL REFERENCES "django_celery_beat_intervalschedule" ("id") DEFERRABLE INITIALLY DEFERRED, "solar_id" integer NULL REFERENCES "django_celery_beat_solarschedule" ("id") DEFERRABLE INITIALLY DEFERRED, "one_off" bool NOT NULL, "start_time" datetime NULL, "priority" integer unsigned NULL CHECK ("priority" >= 0), "headers" text NOT NULL, "clocked_id" integer NULL REFERENCES "django_celery_beat_clockedschedule" ("id") DEFERRABLE INITIALLY DEFERRED, "expire_seconds" integer unsigned NULL CHECK ("expire_seconds" >= 0));
CREATE UNIQUE INDEX "django_content_type_app_label_model_76bd3d3b_uniq" ON "django_content_type" ("app_label", "model");
CREATE UNIQUE INDEX "auth_group_permissions_group_id_permission_id_0cd325b0_uniq" ON "auth_group_permissions" ("group_id", "permission_id");
CREATE INDEX IF NOT EXISTS "auth_group_permissions_group_id_b120cbf9" ON "auth_group_permissions" ("group_id");
CREATE INDEX IF NOT EXISTS "auth_group_permissions_permission_id_84c5c92e" ON "auth_group_permissions" ("permission_id");
CREATE UNIQUE INDEX "auth_permission_content_type_id_codename_01ab375a_uniq" ON "auth_permission" ("content_type_id", "codename");
CREATE INDEX IF NOT EXISTS "auth_permission_content_type_id_2f476e4b" ON "auth_permission" ("content_type_id");
CREATE INDEX IF NOT EXISTS "users_users_fakultet_id_5899e7a5" ON "users_users" ("fakultet_id");
CREATE UNIQUE INDEX "users_users_groups_users_id_group_id_02603a5e_uniq" ON "users_users_groups" ("users_id", "group_id");
CREATE INDEX IF NOT EXISTS "users_users_groups_users_id_5572cf36" ON "users_users_groups" ("users_id");
CREATE INDEX IF NOT EXISTS "users_users_groups_group_id_3e15ff0f" ON "users_users_groups" ("group_id");
CREATE UNIQUE INDEX "users_users_user_permissions_users_id_permission_id_119659d5_uniq" ON "users_users_user_permissions" ("users_id", "permission_id");
CREATE INDEX IF NOT EXISTS "users_users_user_permissions_users_id_04010ba6" ON "users_users_user_permissions" ("users_id");
CREATE INDEX IF NOT EXISTS "users_users_user_permissions_permission_id_9a117d64" ON "users_users_user_permissions" ("permission_id");
CREATE INDEX IF NOT EXISTS "django_admin_log_content_type_id_c4bce8eb" ON "django_admin_log" ("content_type_id");
CREATE INDEX IF NOT EXISTS "django_admin_log_user_id_c564eba6" ON "django_admin_log" ("user_id");
CREATE INDEX IF NOT EXISTS "django_session_expire_date_a5c62663" ON "django_session" ("expire_date");
CREATE UNIQUE INDEX "topshiriqs_topshiriq_users_topshiriq_id_users_id_43728bee_uniq" ON "topshiriqs_topshiriq_users" ("topshiriq_id", "users_id");
CREATE INDEX IF NOT EXISTS "topshiriqs_topshiriq_users_topshiriq_id_3495ca95" ON "topshiriqs_topshiriq_users" ("topshiriq_id");
CREATE INDEX IF NOT EXISTS "topshiriqs_topshiriq_users_users_id_bdac511d" ON "topshiriqs_topshiriq_users" ("users_id");
CREATE INDEX IF NOT EXISTS "topshiriqs_qoshimchatopshiriq_user_id_1a489478" ON "topshiriqs_qoshimchatopshiriq" ("user_id");
CREATE INDEX IF NOT EXISTS "topshiriqs_qoshimchatopshiriq_topshiriq_id_46fe60c3" ON "topshiriqs_qoshimchatopshiriq" ("topshiriq_id");
CREATE INDEX IF NOT EXISTS "topshiriqs_majburiytopshiriq_user_id_7563b9eb" ON "topshiriqs_majburiytopshiriq" ("user_id");
CREATE INDEX IF NOT EXISTS "topshiriqs_majburiytopshiriq_topshiriq_id_00197fb1" ON "topshiriqs_majburiytopshiriq" ("topshiriq_id");
CREATE UNIQUE INDEX "topshiriq_topshiriq_topshiriq_users_topshiriq_id_users_id_9df7825a_uniq" ON "topshiriq_topshiriq_topshiriq_users" ("topshiriq_id", "users_id");
CREATE INDEX IF NOT EXISTS "topshiriq_topshiriq_topshiriq_users_topshiriq_id_5dd32f78" ON "topshiriq_topshiriq_topshiriq_users" ("topshiriq_id");
CREATE INDEX IF NOT EXISTS "topshiriq_topshiriq_topshiriq_users_users_id_c5e10809" ON "topshiriq_topshiriq_topshiriq_users" ("users_id");
CREATE INDEX IF NOT EXISTS "topshiriq_majburiytopshiriq_user_id_bc19da0e" ON "topshiriq_majburiytopshiriq" ("user_id");
CREATE INDEX IF NOT EXISTS "topshiriq_majburiytopshiriq_topshiriq_id_6a375b5e" ON "topshiriq_majburiytopshiriq" ("topshiriq_id");
CREATE INDEX IF NOT EXISTS "topshiriq_qoshimchatopshiriq_user_id_ddeb336f" ON "topshiriq_qoshimchatopshiriq" ("user_id");
CREATE INDEX IF NOT EXISTS "topshiriq_qoshimchatopshiriq_topshiriq_id_1763c045" ON "topshiriq_qoshimchatopshiriq" ("topshiriq_id");
CREATE INDEX IF NOT EXISTS "topshiriq_topshiriq_admin_user_id_375d331e" ON "topshiriq_topshiriq" ("admin_user_id");
CREATE INDEX IF NOT EXISTS "topshiriq_ozsohasidatopshiriq_user_id_1907d4e6" ON "topshiriq_ozsohasidatopshiriq" ("user_id");
CREATE INDEX IF NOT EXISTS "topshiriq_ozxohishibilantopshiriq_user_id_86076857" ON "topshiriq_ozxohishibilantopshiriq" ("user_id");
CREATE UNIQUE INDEX "django_celery_beat_solarschedule_event_latitude_longitude_ba64999a_uniq" ON "django_celery_beat_solarschedule" ("event", "latitude", "longitude");
CREATE INDEX IF NOT EXISTS "django_celery_beat_periodictask_crontab_id_d3cba168" ON "django_celery_beat_periodictask" ("crontab_id");
CREATE INDEX IF NOT EXISTS "django_celery_beat_periodictask_interval_id_a8ca27da" ON "django_celery_beat_periodictask" ("interval_id");
CREATE INDEX IF NOT EXISTS "django_celery_beat_periodictask_solar_id_a87ce72c" ON "django_celery_beat_periodictask" ("solar_id");
CREATE INDEX IF NOT EXISTS "django_celery_beat_periodictask_clocked_id_47a69f82" ON "django_celery_beat_periodictask" ("clocked_id");
CREATE TABLE IF NOT EXISTS "django_celery_beat_periodictasks" ("ident" smallint NOT NULL PRIMARY KEY, "last_update" datetime NOT NULL);
CREATE UNIQUE INDEX "django_content_type_app_label_model_76bd3d3b_uniq" ON "django_content_type" ("app_label", "model");
CREATE UNIQUE INDEX "auth_group_permissions_group_id_permission_id_0cd325b0_uniq" ON "auth_group_permissions" ("group_id", "permission_id");
CREATE INDEX IF NOT EXISTS "auth_group_permissions_group_id_b120cbf9" ON "auth_group_permissions" ("group_id");
CREATE INDEX IF NOT EXISTS "auth_group_permissions_permission_id_84c5c92e" ON "auth_group_permissions" ("permission_id");
CREATE UNIQUE INDEX "auth_permission_content_type_id_codename_01ab375a_uniq" ON "auth_permission" ("content_type_id", "codename");
CREATE INDEX IF NOT EXISTS "auth_permission_content_type_id_2f476e4b" ON "auth_permission" ("content_type_id");
CREATE INDEX IF NOT EXISTS "users_users_fakultet_id_5899e7a5" ON "users_users" ("fakultet_id");
CREATE UNIQUE INDEX "users_users_groups_users_id_group_id_02603a5e_uniq" ON "users_users_groups" ("users_id", "group_id");
CREATE INDEX IF NOT EXISTS "users_users_groups_users_id_5572cf36" ON "users_users_groups" ("users_id");
CREATE INDEX IF NOT EXISTS "users_users_groups_group_id_3e15ff0f" ON "users_users_groups" ("group_id");
CREATE UNIQUE INDEX "users_users_user_permissions_users_id_permission_id_119659d5_uniq" ON "users_users_user_permissions" ("users_id", "permission_id");
CREATE INDEX IF NOT EXISTS "users_users_user_permissions_users_id_04010ba6" ON "users_users_user_permissions" ("users_id");
CREATE INDEX IF NOT EXISTS "users_users_user_permissions_permission_id_9a117d64" ON "users_users_user_permissions" ("permission_id");
CREATE INDEX IF NOT EXISTS "django_admin_log_content_type_id_c4bce8eb" ON "django_admin_log" ("content_type_id");
CREATE INDEX IF NOT EXISTS "django_admin_log_user_id_c564eba6" ON "django_admin_log" ("user_id");
CREATE INDEX IF NOT EXISTS "django_session_expire_date_a5c62663" ON "django_session" ("expire_date");
CREATE UNIQUE INDEX "topshiriqs_topshiriq_users_topshiriq_id_users_id_43728bee_uniq" ON "topshiriqs_topshiriq_users" ("topshiriq_id", "users_id");
CREATE INDEX IF NOT EXISTS "topshiriqs_topshiriq_users_topshiriq_id_3495ca95" ON "topshiriqs_topshiriq_users" ("topshiriq_id");
CREATE INDEX IF NOT EXISTS "topshiriqs_topshiriq_users_users_id_bdac511d" ON "topshiriqs_topshiriq_users" ("users_id");
CREATE INDEX IF NOT EXISTS "topshiriqs_qoshimchatopshiriq_user_id_1a489478" ON "topshiriqs_qoshimchatopshiriq" ("user_id");
CREATE INDEX IF NOT EXISTS "topshiriqs_qoshimchatopshiriq_topshiriq_id_46fe60c3" ON "topshiriqs_qoshimchatopshiriq" ("topshiriq_id");
CREATE INDEX IF NOT EXISTS "topshiriqs_majburiytopshiriq_user_id_7563b9eb" ON "topshiriqs_majburiytopshiriq" ("user_id");
CREATE INDEX IF NOT EXISTS "topshiriqs_majburiytopshiriq_topshiriq_id_00197fb1" ON "topshiriqs_majburiytopshiriq" ("topshiriq_id");
CREATE UNIQUE INDEX "topshiriq_topshiriq_topshiriq_users_topshiriq_id_users_id_9df7825a_uniq" ON "topshiriq_topshiriq_topshiriq_users" ("topshiriq_id", "users_id");
CREATE INDEX IF NOT EXISTS "topshiriq_topshiriq_topshiriq_users_topshiriq_id_5dd32f78" ON "topshiriq_topshiriq_topshiriq_users" ("topshiriq_id");
CREATE INDEX IF NOT EXISTS "topshiriq_topshiriq_topshiriq_users_users_id_c5e10809" ON "topshiriq_topshiriq_topshiriq_users" ("users_id");
CREATE INDEX IF NOT EXISTS "topshiriq_majburiytopshiriq_user_id_bc19da0e" ON "topshiriq_majburiytopshiriq" ("user_id");
CREATE INDEX IF NOT EXISTS "topshiriq_majburiytopshiriq_topshiriq_id_6a375b5e" ON "topshiriq_majburiytopshiriq" ("topshiriq_id");
CREATE INDEX IF NOT EXISTS "topshiriq_qoshimchatopshiriq_user_id_ddeb336f" ON "topshiriq_qoshimchatopshiriq" ("user_id");
CREATE INDEX IF NOT EXISTS "topshiriq_qoshimchatopshiriq_topshiriq_id_1763c045" ON "topshiriq_qoshimchatopshiriq" ("topshiriq_id");
CREATE INDEX IF NOT EXISTS "topshiriq_topshiriq_admin_user_id_375d331e" ON "topshiriq_topshiriq" ("admin_user_id");
CREATE INDEX IF NOT EXISTS "topshiriq_ozsohasidatopshiriq_user_id_1907d4e6" ON "topshiriq_ozsohasidatopshiriq" ("user_id");
CREATE INDEX IF NOT EXISTS "topshiriq_ozxohishibilantopshiriq_user_id_86076857" ON "topshiriq_ozxohishibilantopshiriq" ("user_id");
CREATE UNIQUE INDEX "django_celery_beat_solarschedule_event_latitude_longitude_ba64999a_uniq" ON "django_celery_beat_solarschedule" ("event", "latitude", "longitude");
CREATE INDEX IF NOT EXISTS "django_celery_beat_periodictask_crontab_id_d3cba168" ON "django_celery_beat_periodictask" ("crontab_id");
CREATE INDEX IF NOT EXISTS "django_celery_beat_periodictask_interval_id_a8ca27da" ON "django_celery_beat_periodictask" ("interval_id");
CREATE INDEX IF NOT EXISTS "django_celery_beat_periodictask_solar_id_a87ce72c" ON "django_celery_beat_periodictask" ("solar_id");
CREATE INDEX IF NOT EXISTS "django_celery_beat_periodictask_clocked_id_47a69f82" ON "django_celery_beat_periodictask" ("clocked_id");
CREATE TABLE IF NOT EXISTS "django_celery_beat_solarschedule" ("id" integer NOT NULL PRIMARY KEY AUTOINCREMENT, "event" varchar(24) NOT NULL, "latitude" decimal NOT NULL, "longitude" decimal NOT NULL);
CREATE UNIQUE INDEX "django_content_type_app_label_model_76bd3d3b_uniq" ON "django_content_type" ("app_label", "model");
CREATE UNIQUE INDEX "auth_group_permissions_group_id_permission_id_0cd325b0_uniq" ON "auth_group_permissions" ("group_id", "permission_id");
CREATE INDEX IF NOT EXISTS "auth_group_permissions_group_id_b120cbf9" ON "auth_group_permissions" ("group_id");
CREATE INDEX IF NOT EXISTS "auth_group_permissions_permission_id_84c5c92e" ON "auth_group_permissions" ("permission_id");
CREATE UNIQUE INDEX "auth_permission_content_type_id_codename_01ab375a_uniq" ON "auth_permission" ("content_type_id", "codename");
CREATE INDEX IF NOT EXISTS "auth_permission_content_type_id_2f476e4b" ON "auth_permission" ("content_type_id");
CREATE INDEX IF NOT EXISTS "users_users_fakultet_id_5899e7a5" ON "users_users" ("fakultet_id");
CREATE UNIQUE INDEX "users_users_groups_users_id_group_id_02603a5e_uniq" ON "users_users_groups" ("users_id", "group_id");
CREATE INDEX IF NOT EXISTS "users_users_groups_users_id_5572cf36" ON "users_users_groups" ("users_id");
CREATE INDEX IF NOT EXISTS "users_users_groups_group_id_3e15ff0f" ON "users_users_groups" ("group_id");
CREATE UNIQUE INDEX "users_users_user_permissions_users_id_permission_id_119659d5_uniq" ON "users_users_user_permissions" ("users_id", "permission_id");
CREATE INDEX IF NOT EXISTS "users_users_user_permissions_users_id_04010ba6" ON "users_users_user_permissions" ("users_id");
CREATE INDEX IF NOT EXISTS "users_users_user_permissions_permission_id_9a117d64" ON "users_users_user_permissions" ("permission_id");
CREATE INDEX IF NOT EXISTS "django_admin_log_content_type_id_c4bce8eb" ON "django_admin_log" ("content_type_id");
CREATE INDEX IF NOT EXISTS "django_admin_log_user_id_c564eba6" ON "django_admin_log" ("user_id");
CREATE INDEX IF NOT EXISTS "django_session_expire_date_a5c62663" ON "django_session" ("expire_date");
CREATE UNIQUE INDEX "topshiriqs_topshiriq_users_topshiriq_id_users_id_43728bee_uniq" ON "topshiriqs_topshiriq_users" ("topshiriq_id", "users_id");
CREATE INDEX IF NOT EXISTS "topshiriqs_topshiriq_users_topshiriq_id_3495ca95" ON "topshiriqs_topshiriq_users" ("topshiriq_id");
CREATE INDEX IF NOT EXISTS "topshiriqs_topshiriq_users_users_id_bdac511d" ON "topshiriqs_topshiriq_users" ("users_id");
CREATE INDEX IF NOT EXISTS "topshiriqs_qoshimchatopshiriq_user_id_1a489478" ON "topshiriqs_qoshimchatopshiriq" ("user_id");
CREATE INDEX IF NOT EXISTS "topshiriqs_qoshimchatopshiriq_topshiriq_id_46fe60c3" ON "topshiriqs_qoshimchatopshiriq" ("topshiriq_id");
CREATE INDEX IF NOT EXISTS "topshiriqs_majburiytopshiriq_user_id_7563b9eb" ON "topshiriqs_majburiytopshiriq" ("user_id");
CREATE INDEX IF NOT EXISTS "topshiriqs_majburiytopshiriq_topshiriq_id_00197fb1" ON "topshiriqs_majburiytopshiriq" ("topshiriq_id");
CREATE UNIQUE INDEX "topshiriq_topshiriq_topshiriq_users_topshiriq_id_users_id_9df7825a_uniq" ON "topshiriq_topshiriq_topshiriq_users" ("topshiriq_id", "users_id");
CREATE INDEX IF NOT EXISTS "topshiriq_topshiriq_topshiriq_users_topshiriq_id_5dd32f78" ON "topshiriq_topshiriq_topshiriq_users" ("topshiriq_id");
CREATE INDEX IF NOT EXISTS "topshiriq_topshiriq_topshiriq_users_users_id_c5e10809" ON "topshiriq_topshiriq_topshiriq_users" ("users_id");
CREATE INDEX IF NOT EXISTS "topshiriq_majburiytopshiriq_user_id_bc19da0e" ON "topshiriq_majburiytopshiriq" ("user_id");
CREATE INDEX IF NOT EXISTS "topshiriq_majburiytopshiriq_topshiriq_id_6a375b5e" ON "topshiriq_majburiytopshiriq" ("topshiriq_id");
CREATE INDEX IF NOT EXISTS "topshiriq_qoshimchatopshiriq_user_id_ddeb336f" ON "topshiriq_qoshimchatopshiriq" ("user_id");
CREATE INDEX IF NOT EXISTS "topshiriq_qoshimchatopshiriq_topshiriq_id_1763c045" ON "topshiriq_qoshimchatopshiriq" ("topshiriq_id");
CREATE INDEX IF NOT EXISTS "topshiriq_topshiriq_admin_user_id_375d331e" ON "topshiriq_topshiriq" ("admin_user_id");
CREATE INDEX IF NOT EXISTS "topshiriq_ozsohasidatopshiriq_user_id_1907d4e6" ON "topshiriq_ozsohasidatopshiriq" ("user_id");
CREATE INDEX IF NOT EXISTS "topshiriq_ozxohishibilantopshiriq_user_id_86076857" ON "topshiriq_ozxohishibilantopshiriq" ("user_id");
CREATE UNIQUE INDEX "django_celery_beat_solarschedule_event_latitude_longitude_ba64999a_uniq" ON "django_celery_beat_solarschedule" ("event", "latitude", "longitude");
CREATE INDEX IF NOT EXISTS "django_celery_beat_periodictask_crontab_id_d3cba168" ON "django_celery_beat_periodictask" ("crontab_id");
CREATE INDEX IF NOT EXISTS "django_celery_beat_periodictask_interval_id_a8ca27da" ON "django_celery_beat_periodictask" ("interval_id");
CREATE INDEX IF NOT EXISTS "django_celery_beat_periodictask_solar_id_a87ce72c" ON "django_celery_beat_periodictask" ("solar_id");
CREATE INDEX IF NOT EXISTS "django_celery_beat_periodictask_clocked_id_47a69f82" ON "django_celery_beat_periodictask" ("clocked_id");
CREATE TABLE IF NOT EXISTS "django_content_type" ("id" integer NOT NULL PRIMARY KEY AUTOINCREMENT, "app_label" varchar(100) NOT NULL, "model" varchar(100) NOT NULL);
INSERT INTO "django_content_type" VALUES(1,'admin','logentry');
INSERT INTO "django_content_type" VALUES(2,'auth','permission');
INSERT INTO "django_content_type" VALUES(3,'auth','group');
INSERT INTO "django_content_type" VALUES(4,'contenttypes','contenttype');
INSERT INTO "django_content_type" VALUES(5,'sessions','session');
INSERT INTO "django_content_type" VALUES(6,'users','fakultets');
INSERT INTO "django_content_type" VALUES(7,'users','users');
INSERT INTO "django_content_type" VALUES(8,'topshiriqs','majburiytopshiriq');
INSERT INTO "django_content_type" VALUES(9,'topshiriqs','qoshimchatopshiriq');
INSERT INTO "django_content_type" VALUES(10,'topshiriqs','topshiriq');
INSERT INTO "django_content_type" VALUES(11,'topshiriq','superadminqoshimchatopshiriq');
INSERT INTO "django_content_type" VALUES(12,'topshiriq','superadminmajburiytopshiriq');
INSERT INTO "django_content_type" VALUES(13,'topshiriq','superadmintopshiriq');
INSERT INTO "django_content_type" VALUES(14,'topshiriq','topshiriq');
INSERT INTO "django_content_type" VALUES(15,'topshiriq','qoshimchatopshiriq');
INSERT INTO "django_content_type" VALUES(16,'topshiriq','majburiytopshiriq');
INSERT INTO "django_content_type" VALUES(17,'topshiriq','ozsohasidatopshiriq');
INSERT INTO "django_content_type" VALUES(18,'topshiriq','ozxohishibilantopshiriq');
INSERT INTO "django_content_type" VALUES(19,'topshiriq','testtopshiriq');
INSERT INTO "django_content_type" VALUES(20,'django_celery_beat','crontabschedule');
INSERT INTO "django_content_type" VALUES(21,'django_celery_beat','intervalschedule');
INSERT INTO "django_content_type" VALUES(22,'django_celery_beat','periodictask');
INSERT INTO "django_content_type" VALUES(23,'django_celery_beat','periodictasks');
INSERT INTO "django_content_type" VALUES(24,'django_celery_beat','solarschedule');
INSERT INTO "django_content_type" VALUES(25,'django_celery_beat','clockedschedule');
CREATE UNIQUE INDEX "django_content_type_app_label_model_76bd3d3b_uniq" ON "django_content_type" ("app_label", "model");
CREATE UNIQUE INDEX "auth_group_permissions_group_id_permission_id_0cd325b0_uniq" ON "auth_group_permissions" ("group_id", "permission_id");
CREATE INDEX IF NOT EXISTS "auth_group_permissions_group_id_b120cbf9" ON "auth_group_permissions" ("group_id");
CREATE INDEX IF NOT EXISTS "auth_group_permissions_permission_id_84c5c92e" ON "auth_group_permissions" ("permission_id");
CREATE UNIQUE INDEX "auth_permission_content_type_id_codename_01ab375a_uniq" ON "auth_permission" ("content_type_id", "codename");
CREATE INDEX IF NOT EXISTS "auth_permission_content_type_id_2f476e4b" ON "auth_permission" ("content_type_id");
CREATE INDEX IF NOT EXISTS "users_users_fakultet_id_5899e7a5" ON "users_users" ("fakultet_id");
CREATE UNIQUE INDEX "users_users_groups_users_id_group_id_02603a5e_uniq" ON "users_users_groups" ("users_id", "group_id");
CREATE INDEX IF NOT EXISTS "users_users_groups_users_id_5572cf36" ON "users_users_groups" ("users_id");
CREATE INDEX IF NOT EXISTS "users_users_groups_group_id_3e15ff0f" ON "users_users_groups" ("group_id");
CREATE UNIQUE INDEX "users_users_user_permissions_users_id_permission_id_119659d5_uniq" ON "users_users_user_permissions" ("users_id", "permission_id");
CREATE INDEX IF NOT EXISTS "users_users_user_permissions_users_id_04010ba6" ON "users_users_user_permissions" ("users_id");
CREATE INDEX IF NOT EXISTS "users_users_user_permissions_permission_id_9a117d64" ON "users_users_user_permissions" ("permission_id");
CREATE INDEX IF NOT EXISTS "django_admin_log_content_type_id_c4bce8eb" ON "django_admin_log" ("content_type_id");
CREATE INDEX IF NOT EXISTS "django_admin_log_user_id_c564eba6" ON "django_admin_log" ("user_id");
CREATE INDEX IF NOT EXISTS "django_session_expire_date_a5c62663" ON "django_session" ("expire_date");
CREATE UNIQUE INDEX "topshiriqs_topshiriq_users_topshiriq_id_users_id_43728bee_uniq" ON "topshiriqs_topshiriq_users" ("topshiriq_id", "users_id");
CREATE INDEX IF NOT EXISTS "topshiriqs_topshiriq_users_topshiriq_id_3495ca95" ON "topshiriqs_topshiriq_users" ("topshiriq_id");
CREATE INDEX IF NOT EXISTS "topshiriqs_topshiriq_users_users_id_bdac511d" ON "topshiriqs_topshiriq_users" ("users_id");
CREATE INDEX IF NOT EXISTS "topshiriqs_qoshimchatopshiriq_user_id_1a489478" ON "topshiriqs_qoshimchatopshiriq" ("user_id");
CREATE INDEX IF NOT EXISTS "topshiriqs_qoshimchatopshiriq_topshiriq_id_46fe60c3" ON "topshiriqs_qoshimchatopshiriq" ("topshiriq_id");
CREATE INDEX IF NOT EXISTS "topshiriqs_majburiytopshiriq_user_id_7563b9eb" ON "topshiriqs_majburiytopshiriq" ("user_id");
CREATE INDEX IF NOT EXISTS "topshiriqs_majburiytopshiriq_topshiriq_id_00197fb1" ON "topshiriqs_majburiytopshiriq" ("topshiriq_id");
CREATE UNIQUE INDEX "topshiriq_topshiriq_topshiriq_users_topshiriq_id_users_id_9df7825a_uniq" ON "topshiriq_topshiriq_topshiriq_users" ("topshiriq_id", "users_id");
CREATE INDEX IF NOT EXISTS "topshiriq_topshiriq_topshiriq_users_topshiriq_id_5dd32f78" ON "topshiriq_topshiriq_topshiriq_users" ("topshiriq_id");
CREATE INDEX IF NOT EXISTS "topshiriq_topshiriq_topshiriq_users_users_id_c5e10809" ON "topshiriq_topshiriq_topshiriq_users" ("users_id");
CREATE INDEX IF NOT EXISTS "topshiriq_majburiytopshiriq_user_id_bc19da0e" ON "topshiriq_majburiytopshiriq" ("user_id");
CREATE INDEX IF NOT EXISTS "topshiriq_majburiytopshiriq_topshiriq_id_6a375b5e" ON "topshiriq_majburiytopshiriq" ("topshiriq_id");
CREATE INDEX IF NOT EXISTS "topshiriq_qoshimchatopshiriq_user_id_ddeb336f" ON "topshiriq_qoshimchatopshiriq" ("user_id");
CREATE INDEX IF NOT EXISTS "topshiriq_qoshimchatopshiriq_topshiriq_id_1763c045" ON "topshiriq_qoshimchatopshiriq" ("topshiriq_id");
CREATE INDEX IF NOT EXISTS "topshiriq_topshiriq_admin_user_id_375d331e" ON "topshiriq_topshiriq" ("admin_user_id");
CREATE INDEX IF NOT EXISTS "topshiriq_ozsohasidatopshiriq_user_id_1907d4e6" ON "topshiriq_ozsohasidatopshiriq" ("user_id");
CREATE INDEX IF NOT EXISTS "topshiriq_ozxohishibilantopshiriq_user_id_86076857" ON "topshiriq_ozxohishibilantopshiriq" ("user_id");
CREATE UNIQUE INDEX "django_celery_beat_solarschedule_event_latitude_longitude_ba64999a_uniq" ON "django_celery_beat_solarschedule" ("event", "latitude", "longitude");
CREATE INDEX IF NOT EXISTS "django_celery_beat_periodictask_crontab_id_d3cba168" ON "django_celery_beat_periodictask" ("crontab_id");
CREATE INDEX IF NOT EXISTS "django_celery_beat_periodictask_interval_id_a8ca27da" ON "django_celery_beat_periodictask" ("interval_id");
CREATE INDEX IF NOT EXISTS "django_celery_beat_periodictask_solar_id_a87ce72c" ON "django_celery_beat_periodictask" ("solar_id");
CREATE INDEX IF NOT EXISTS "django_celery_beat_periodictask_clocked_id_47a69f82" ON "django_celery_beat_periodictask" ("clocked_id");
CREATE TABLE IF NOT EXISTS "django_migrations" ("id" integer NOT NULL PRIMARY KEY AUTOINCREMENT, "app" varchar(255) NOT NULL, "name" varchar(255) NOT NULL, "applied" datetime NOT NULL);
INSERT INTO "django_migrations" VALUES(1,'contenttypes','0001_initial','2025-01-31 06:43:04.256311');
INSERT INTO "django_migrations" VALUES(2,'contenttypes','0002_remove_content_type_name','2025-01-31 06:43:04.258516');
INSERT INTO "django_migrations" VALUES(3,'auth','0001_initial','2025-01-31 06:43:04.262094');
INSERT INTO "django_migrations" VALUES(4,'auth','0002_alter_permission_name_max_length','2025-01-31 06:43:04.264107');
INSERT INTO "django_migrations" VALUES(5,'auth','0003_alter_user_email_max_length','2025-01-31 06:43:04.265656');
INSERT INTO "django_migrations" VALUES(6,'auth','0004_alter_user_username_opts','2025-01-31 06:43:04.268768');
INSERT INTO "django_migrations" VALUES(7,'auth','0005_alter_user_last_login_null','2025-01-31 06:43:04.270375');
INSERT INTO "django_migrations" VALUES(8,'auth','0006_require_contenttypes_0002','2025-01-31 06:43:04.270792');
INSERT INTO "django_migrations" VALUES(9,'auth','0007_alter_validators_add_error_messages','2025-01-31 06:43:04.272157');
INSERT INTO "django_migrations" VALUES(10,'auth','0008_alter_user_username_max_length','2025-01-31 06:43:04.273830');
INSERT INTO "django_migrations" VALUES(11,'auth','0009_alter_user_last_name_max_length','2025-01-31 06:43:04.275539');
INSERT INTO "django_migrations" VALUES(12,'auth','0010_alter_group_name_max_length','2025-01-31 06:43:04.277396');
INSERT INTO "django_migrations" VALUES(13,'auth','0011_update_proxy_permissions','2025-01-31 06:43:04.278833');
INSERT INTO "django_migrations" VALUES(14,'auth','0012_alter_user_first_name_max_length','2025-01-31 06:43:04.280441');
INSERT INTO "django_migrations" VALUES(15,'users','0001_initial','2025-01-31 06:43:04.283693');
INSERT INTO "django_migrations" VALUES(16,'admin','0001_initial','2025-01-31 06:43:04.286913');
INSERT INTO "django_migrations" VALUES(17,'admin','0002_logentry_remove_auto_add','2025-01-31 06:43:04.290180');
INSERT INTO "django_migrations" VALUES(18,'admin','0003_logentry_add_action_flag_choices','2025-01-31 06:43:04.292618');
INSERT INTO "django_migrations" VALUES(19,'sessions','0001_initial','2025-01-31 06:43:04.293717');
INSERT INTO "django_migrations" VALUES(20,'topshiriqs','0001_initial','2025-01-31 06:43:04.295618');
INSERT INTO "django_migrations" VALUES(21,'topshiriqs','0002_initial','2025-01-31 06:43:04.313426');
INSERT INTO "django_migrations" VALUES(22,'topshiriqs','0003_alter_topshiriq_users','2025-01-31 06:43:04.317196');
INSERT INTO "django_migrations" VALUES(23,'topshiriq','0001_initial','2025-01-31 10:01:21.232580');
INSERT INTO "django_migrations" VALUES(24,'topshiriq','0002_initial','2025-01-31 10:01:21.252691');
INSERT INTO "django_migrations" VALUES(25,'topshiriq','0003_topshiriq_body_topshiriq_file1_topshiriq_file2_and_more','2025-02-01 04:03:09.498881');
INSERT INTO "django_migrations" VALUES(26,'topshiriq','0004_alter_majburiytopshiriq_body_and_more','2025-02-01 04:07:33.652756');
INSERT INTO "django_migrations" VALUES(27,'topshiriq','0005_alter_majburiytopshiriq_options_and_more','2025-02-01 06:57:47.739631');
INSERT INTO "django_migrations" VALUES(28,'users','0002_alter_fakultets_options','2025-02-01 06:57:47.743567');
INSERT INTO "django_migrations" VALUES(29,'users','0003_alter_users_fakultet','2025-02-01 07:07:28.983638');
INSERT INTO "django_migrations" VALUES(30,'topshiriq','0006_alter_majburiytopshiriq_created_at_and_more','2025-02-01 08:40:39.521841');
INSERT INTO "django_migrations" VALUES(31,'users','0004_alter_fakultets_created_at_and_more','2025-02-01 08:40:39.527578');
INSERT INTO "django_migrations" VALUES(32,'topshiriq','0007_topshiriq_active','2025-02-01 10:12:47.789318');
INSERT INTO "django_migrations" VALUES(33,'topshiriq','0008_rename_majburiytopshiriq_superadminmajburiytopshiriq_and_more','2025-02-03 05:29:44.920682');
INSERT INTO "django_migrations" VALUES(34,'topshiriq','0009_remove_superadminqoshimchatopshiriq_topshiriq_and_more','2025-02-03 16:11:45.450695');
INSERT INTO "django_migrations" VALUES(35,'users','0005_alter_users_role','2025-02-03 16:11:45.454741');
INSERT INTO "django_migrations" VALUES(36,'topshiriq','0010_alter_majburiytopshiriq_baxo_and_more','2025-02-04 04:37:06.072679');
INSERT INTO "django_migrations" VALUES(37,'topshiriq','0011_majburiytopshiriq_active_majburiytopshiriq_baxolash_and_more','2025-02-04 04:56:13.752463');
INSERT INTO "django_migrations" VALUES(38,'topshiriq','0012_alter_topshiriq_admin_user','2025-02-04 09:44:23.099867');
INSERT INTO "django_migrations" VALUES(39,'topshiriq','0013_alter_topshiriq_admin_user','2025-02-04 15:54:21.667332');
INSERT INTO "django_migrations" VALUES(40,'topshiriq','0014_alter_topshiriq_admin_user','2025-02-04 15:55:50.144878');
INSERT INTO "django_migrations" VALUES(41,'topshiriq','0015_ozsohasidatopshiriq_ozxohishibilantopshiriq','2025-02-05 09:11:03.553974');
INSERT INTO "django_migrations" VALUES(42,'topshiriq','0016_topshiriq_test_file','2025-02-05 10:22:05.969316');
INSERT INTO "django_migrations" VALUES(43,'topshiriq','0017_alter_topshiriq_topshiriq_turi_testtopshiriq','2025-02-05 10:28:32.165563');
INSERT INTO "django_migrations" VALUES(44,'topshiriq','0018_alter_majburiytopshiriq_tur_and_more','2025-02-13 05:17:49.905035');
INSERT INTO "django_migrations" VALUES(45,'django_celery_beat','0001_initial','2025-02-13 06:18:26.480179');
INSERT INTO "django_migrations" VALUES(46,'django_celery_beat','0002_auto_20161118_0346','2025-02-13 06:18:26.482942');
INSERT INTO "django_migrations" VALUES(47,'django_celery_beat','0003_auto_20161209_0049','2025-02-13 06:18:26.485178');
INSERT INTO "django_migrations" VALUES(48,'django_celery_beat','0004_auto_20170221_0000','2025-02-13 06:18:26.486545');
INSERT INTO "django_migrations" VALUES(49,'django_celery_beat','0005_add_solarschedule_events_choices','2025-02-13 06:18:26.487822');
INSERT INTO "django_migrations" VALUES(50,'django_celery_beat','0006_auto_20180322_0932','2025-02-13 06:18:26.503841');
INSERT INTO "django_migrations" VALUES(51,'django_celery_beat','0007_auto_20180521_0826','2025-02-13 06:18:26.512216');
INSERT INTO "django_migrations" VALUES(52,'django_celery_beat','0008_auto_20180914_1922','2025-02-13 06:18:26.526177');
INSERT INTO "django_migrations" VALUES(53,'django_celery_beat','0006_auto_20180210_1226','2025-02-13 06:18:26.534776');
INSERT INTO "django_migrations" VALUES(54,'django_celery_beat','0006_periodictask_priority','2025-02-13 06:18:26.540256');
INSERT INTO "django_migrations" VALUES(55,'django_celery_beat','0009_periodictask_headers','2025-02-13 06:18:26.545442');
INSERT INTO "django_migrations" VALUES(56,'django_celery_beat','0010_auto_20190429_0326','2025-02-13 06:18:26.628247');
INSERT INTO "django_migrations" VALUES(57,'django_celery_beat','0011_auto_20190508_0153','2025-02-13 06:18:26.633364');
INSERT INTO "django_migrations" VALUES(58,'django_celery_beat','0012_periodictask_expire_seconds','2025-02-13 06:18:26.637240');
INSERT INTO "django_migrations" VALUES(59,'django_celery_beat','0013_auto_20200609_0727','2025-02-13 06:18:26.643076');
INSERT INTO "django_migrations" VALUES(60,'django_celery_beat','0014_remove_clockedschedule_enabled','2025-02-13 06:18:26.645292');
INSERT INTO "django_migrations" VALUES(61,'django_celery_beat','0015_edit_solarschedule_events_choices','2025-02-13 06:18:26.646731');
INSERT INTO "django_migrations" VALUES(62,'django_celery_beat','0016_alter_crontabschedule_timezone','2025-02-13 06:18:26.652279');
INSERT INTO "django_migrations" VALUES(63,'django_celery_beat','0017_alter_crontabschedule_month_of_year','2025-02-13 06:18:26.655666');
INSERT INTO "django_migrations" VALUES(64,'django_celery_beat','0018_improve_crontab_helptext','2025-02-13 06:18:26.658927');
INSERT INTO "django_migrations" VALUES(65,'django_celery_beat','0019_alter_periodictasks_options','2025-02-13 06:18:26.659789');
CREATE UNIQUE INDEX "django_content_type_app_label_model_76bd3d3b_uniq" ON "django_content_type" ("app_label", "model");
CREATE UNIQUE INDEX "auth_group_permissions_group_id_permission_id_0cd325b0_uniq" ON "auth_group_permissions" ("group_id", "permission_id");
CREATE INDEX IF NOT EXISTS "auth_group_permissions_group_id_b120cbf9" ON "auth_group_permissions" ("group_id");
CREATE INDEX IF NOT EXISTS "auth_group_permissions_permission_id_84c5c92e" ON "auth_group_permissions" ("permission_id");
CREATE UNIQUE INDEX "auth_permission_content_type_id_codename_01ab375a_uniq" ON "auth_permission" ("content_type_id", "codename");
CREATE INDEX IF NOT EXISTS "auth_permission_content_type_id_2f476e4b" ON "auth_permission" ("content_type_id");
CREATE INDEX IF NOT EXISTS "users_users_fakultet_id_5899e7a5" ON "users_users" ("fakultet_id");
CREATE UNIQUE INDEX "users_users_groups_users_id_group_id_02603a5e_uniq" ON "users_users_groups" ("users_id", "group_id");
CREATE INDEX IF NOT EXISTS "users_users_groups_users_id_5572cf36" ON "users_users_groups" ("users_id");
CREATE INDEX IF NOT EXISTS "users_users_groups_group_id_3e15ff0f" ON "users_users_groups" ("group_id");
CREATE UNIQUE INDEX "users_users_user_permissions_users_id_permission_id_119659d5_uniq" ON "users_users_user_permissions" ("users_id", "permission_id");
CREATE INDEX IF NOT EXISTS "users_users_user_permissions_users_id_04010ba6" ON "users_users_user_permissions" ("users_id");
CREATE INDEX IF NOT EXISTS "users_users_user_permissions_permission_id_9a117d64" ON "users_users_user_permissions" ("permission_id");
CREATE INDEX IF NOT EXISTS "django_admin_log_content_type_id_c4bce8eb" ON "django_admin_log" ("content_type_id");
CREATE INDEX IF NOT EXISTS "django_admin_log_user_id_c564eba6" ON "django_admin_log" ("user_id");
CREATE INDEX IF NOT EXISTS "django_session_expire_date_a5c62663" ON "django_session" ("expire_date");
CREATE UNIQUE INDEX "topshiriqs_topshiriq_users_topshiriq_id_users_id_43728bee_uniq" ON "topshiriqs_topshiriq_users" ("topshiriq_id", "users_id");
CREATE INDEX IF NOT EXISTS "topshiriqs_topshiriq_users_topshiriq_id_3495ca95" ON "topshiriqs_topshiriq_users" ("topshiriq_id");
CREATE INDEX IF NOT EXISTS "topshiriqs_topshiriq_users_users_id_bdac511d" ON "topshiriqs_topshiriq_users" ("users_id");
CREATE INDEX IF NOT EXISTS "topshiriqs_qoshimchatopshiriq_user_id_1a489478" ON "topshiriqs_qoshimchatopshiriq" ("user_id");
CREATE INDEX IF NOT EXISTS "topshiriqs_qoshimchatopshiriq_topshiriq_id_46fe60c3" ON "topshiriqs_qoshimchatopshiriq" ("topshiriq_id");
CREATE INDEX IF NOT EXISTS "topshiriqs_majburiytopshiriq_user_id_7563b9eb" ON "topshiriqs_majburiytopshiriq" ("user_id");
CREATE INDEX IF NOT EXISTS "topshiriqs_majburiytopshiriq_topshiriq_id_00197fb1" ON "topshiriqs_majburiytopshiriq" ("topshiriq_id");
CREATE UNIQUE INDEX "topshiriq_topshiriq_topshiriq_users_topshiriq_id_users_id_9df7825a_uniq" ON "topshiriq_topshiriq_topshiriq_users" ("topshiriq_id", "users_id");
CREATE INDEX IF NOT EXISTS "topshiriq_topshiriq_topshiriq_users_topshiriq_id_5dd32f78" ON "topshiriq_topshiriq_topshiriq_users" ("topshiriq_id");
CREATE INDEX IF NOT EXISTS "topshiriq_topshiriq_topshiriq_users_users_id_c5e10809" ON "topshiriq_topshiriq_topshiriq_users" ("users_id");
CREATE INDEX IF NOT EXISTS "topshiriq_majburiytopshiriq_user_id_bc19da0e" ON "topshiriq_majburiytopshiriq" ("user_id");
CREATE INDEX IF NOT EXISTS "topshiriq_majburiytopshiriq_topshiriq_id_6a375b5e" ON "topshiriq_majburiytopshiriq" ("topshiriq_id");
CREATE INDEX IF NOT EXISTS "topshiriq_qoshimchatopshiriq_user_id_ddeb336f" ON "topshiriq_qoshimchatopshiriq" ("user_id");
CREATE INDEX IF NOT EXISTS "topshiriq_qoshimchatopshiriq_topshiriq_id_1763c045" ON "topshiriq_qoshimchatopshiriq" ("topshiriq_id");
CREATE INDEX IF NOT EXISTS "topshiriq_topshiriq_admin_user_id_375d331e" ON "topshiriq_topshiriq" ("admin_user_id");
CREATE INDEX IF NOT EXISTS "topshiriq_ozsohasidatopshiriq_user_id_1907d4e6" ON "topshiriq_ozsohasidatopshiriq" ("user_id");
CREATE INDEX IF NOT EXISTS "topshiriq_ozxohishibilantopshiriq_user_id_86076857" ON "topshiriq_ozxohishibilantopshiriq" ("user_id");
CREATE UNIQUE INDEX "django_celery_beat_solarschedule_event_latitude_longitude_ba64999a_uniq" ON "django_celery_beat_solarschedule" ("event", "latitude", "longitude");
CREATE INDEX IF NOT EXISTS "django_celery_beat_periodictask_crontab_id_d3cba168" ON "django_celery_beat_periodictask" ("crontab_id");
CREATE INDEX IF NOT EXISTS "django_celery_beat_periodictask_interval_id_a8ca27da" ON "django_celery_beat_periodictask" ("interval_id");
CREATE INDEX IF NOT EXISTS "django_celery_beat_periodictask_solar_id_a87ce72c" ON "django_celery_beat_periodictask" ("solar_id");
CREATE INDEX IF NOT EXISTS "django_celery_beat_periodictask_clocked_id_47a69f82" ON "django_celery_beat_periodictask" ("clocked_id");
CREATE TABLE IF NOT EXISTS "django_session" ("session_key" varchar(40) NOT NULL PRIMARY KEY, "session_data" text NOT NULL, "expire_date" datetime NOT NULL);
INSERT INTO "django_session" VALUES('43xnap6fwgswc9vibyyawq8tfc0ewkrk','.eJxVzDkOwjAQheG7uMaWd48p6TlDNB6PCYsSKUuFuDuJlALq93_vLTpcl75bZ566exVnYTQ4W1hLTw2kb1Qk5Ioy-IStNSSTizj9soL05GG39YHDbVQ0Dst0L2pP1LHO6jpWfl2O9u-gx7nfNFSGHLwD1mCKYe-d1ZwCpJCwJgvGRCJOFXSO2cXoMQJG3kQ0lqL4fAE86EB6:1tdnGn:XpBYxdgIgBabAlIZlvy2G7X-25rm0ao0M6CIZO8u_-I','2025-02-14 09:25:01.514597');
INSERT INTO "django_session" VALUES('wppbolk998uph5od6l7rwoomdbagb5wg','.eJxVzDkOwjAQheG7uMaWd48p6TlDNB6PCYsSKUuFuDuJlALq93_vLTpcl75bZ566exVnYTQ4W1hLTw2kb1Qk5Ioy-IStNSSTizj9soL05GG39YHDbVQ0Dst0L2pP1LHO6jpWfl2O9u-gx7nfNFSGHLwD1mCKYe-d1ZwCpJCwJgvGRCJOFXSO2cXoMQJG3kQ0lqL4fAE86EB6:1teniR:KfgmOIA5eoovXQoPOHz624VmuBtrkdlxfh0l5Mim6Gc','2025-02-17 04:05:43.225540');
INSERT INTO "django_session" VALUES('1z1potv27s4gujs4hwxi37b8eq8xtmq6','.eJxVzDkOwjAQheG7uMaWd48p6TlDNB6PCYsSKUuFuDuJlALq93_vLTpcl75bZ566exVnYTQ4W1hLTw2kb1Qk5Ioy-IStNSSTizj9soL05GG39YHDbVQ0Dst0L2pP1LHO6jpWfl2O9u-gx7nfNFSGHLwD1mCKYe-d1ZwCpJCwJgvGRCJOFXSO2cXoMQJG3kQ0lqL4fAE86EB6:1ti4oO:4QKo773jpMbConaz-4RY15POxiEDfUtdEs9laAMpWQ4','2025-02-26 04:57:24.075658');
INSERT INTO "django_session" VALUES('d1urlf21wjo5d984wx6d2n6lk058pvtf','.eJxVzDkOwjAQheG7uMaWd48p6TlDNB6PCYsSKUuFuDuJlALq93_vLTpcl75bZ566exVnYTQ4W1hLTw2kb1Qk5Ioy-IStNSSTizj9soL05GG39YHDbVQ0Dst0L2pP1LHO6jpWfl2O9u-gx7nfNFSGHLwD1mCKYe-d1ZwCpJCwJgvGRCJOFXSO2cXoMQJG3kQ0lqL4fAE86EB6:1tiwnB:mBnsJ8DgSo58b5n8658D6nHgpNNrMJ0ZiiH4x2etvUo','2025-02-28 14:35:45.316983');
CREATE UNIQUE INDEX "django_content_type_app_label_model_76bd3d3b_uniq" ON "django_content_type" ("app_label", "model");
CREATE UNIQUE INDEX "auth_group_permissions_group_id_permission_id_0cd325b0_uniq" ON "auth_group_permissions" ("group_id", "permission_id");
CREATE INDEX IF NOT EXISTS "auth_group_permissions_group_id_b120cbf9" ON "auth_group_permissions" ("group_id");
CREATE INDEX IF NOT EXISTS "auth_group_permissions_permission_id_84c5c92e" ON "auth_group_permissions" ("permission_id");
CREATE UNIQUE INDEX "auth_permission_content_type_id_codename_01ab375a_uniq" ON "auth_permission" ("content_type_id", "codename");
CREATE INDEX IF NOT EXISTS "auth_permission_content_type_id_2f476e4b" ON "auth_permission" ("content_type_id");
CREATE INDEX IF NOT EXISTS "users_users_fakultet_id_5899e7a5" ON "users_users" ("fakultet_id");
CREATE UNIQUE INDEX "users_users_groups_users_id_group_id_02603a5e_uniq" ON "users_users_groups" ("users_id", "group_id");
CREATE INDEX IF NOT EXISTS "users_users_groups_users_id_5572cf36" ON "users_users_groups" ("users_id");
CREATE INDEX IF NOT EXISTS "users_users_groups_group_id_3e15ff0f" ON "users_users_groups" ("group_id");
CREATE UNIQUE INDEX "users_users_user_permissions_users_id_permission_id_119659d5_uniq" ON "users_users_user_permissions" ("users_id", "permission_id");
CREATE INDEX IF NOT EXISTS "users_users_user_permissions_users_id_04010ba6" ON "users_users_user_permissions" ("users_id");
CREATE INDEX IF NOT EXISTS "users_users_user_permissions_permission_id_9a117d64" ON "users_users_user_permissions" ("permission_id");
CREATE INDEX IF NOT EXISTS "django_admin_log_content_type_id_c4bce8eb" ON "django_admin_log" ("content_type_id");
CREATE INDEX IF NOT EXISTS "django_admin_log_user_id_c564eba6" ON "django_admin_log" ("user_id");
CREATE INDEX IF NOT EXISTS "django_session_expire_date_a5c62663" ON "django_session" ("expire_date");
CREATE UNIQUE INDEX "topshiriqs_topshiriq_users_topshiriq_id_users_id_43728bee_uniq" ON "topshiriqs_topshiriq_users" ("topshiriq_id", "users_id");
CREATE INDEX IF NOT EXISTS "topshiriqs_topshiriq_users_topshiriq_id_3495ca95" ON "topshiriqs_topshiriq_users" ("topshiriq_id");
CREATE INDEX IF NOT EXISTS "topshiriqs_topshiriq_users_users_id_bdac511d" ON "topshiriqs_topshiriq_users" ("users_id");
CREATE INDEX IF NOT EXISTS "topshiriqs_qoshimchatopshiriq_user_id_1a489478" ON "topshiriqs_qoshimchatopshiriq" ("user_id");
CREATE INDEX IF NOT EXISTS "topshiriqs_qoshimchatopshiriq_topshiriq_id_46fe60c3" ON "topshiriqs_qoshimchatopshiriq" ("topshiriq_id");
CREATE INDEX IF NOT EXISTS "topshiriqs_majburiytopshiriq_user_id_7563b9eb" ON "topshiriqs_majburiytopshiriq" ("user_id");
CREATE INDEX IF NOT EXISTS "topshiriqs_majburiytopshiriq_topshiriq_id_00197fb1" ON "topshiriqs_majburiytopshiriq" ("topshiriq_id");
CREATE UNIQUE INDEX "topshiriq_topshiriq_topshiriq_users_topshiriq_id_users_id_9df7825a_uniq" ON "topshiriq_topshiriq_topshiriq_users" ("topshiriq_id", "users_id");
CREATE INDEX IF NOT EXISTS "topshiriq_topshiriq_topshiriq_users_topshiriq_id_5dd32f78" ON "topshiriq_topshiriq_topshiriq_users" ("topshiriq_id");
CREATE INDEX IF NOT EXISTS "topshiriq_topshiriq_topshiriq_users_users_id_c5e10809" ON "topshiriq_topshiriq_topshiriq_users" ("users_id");
CREATE INDEX IF NOT EXISTS "topshiriq_majburiytopshiriq_user_id_bc19da0e" ON "topshiriq_majburiytopshiriq" ("user_id");
CREATE INDEX IF NOT EXISTS "topshiriq_majburiytopshiriq_topshiriq_id_6a375b5e" ON "topshiriq_majburiytopshiriq" ("topshiriq_id");
CREATE INDEX IF NOT EXISTS "topshiriq_qoshimchatopshiriq_user_id_ddeb336f" ON "topshiriq_qoshimchatopshiriq" ("user_id");
CREATE INDEX IF NOT EXISTS "topshiriq_qoshimchatopshiriq_topshiriq_id_1763c045" ON "topshiriq_qoshimchatopshiriq" ("topshiriq_id");
CREATE INDEX IF NOT EXISTS "topshiriq_topshiriq_admin_user_id_375d331e" ON "topshiriq_topshiriq" ("admin_user_id");
CREATE INDEX IF NOT EXISTS "topshiriq_ozsohasidatopshiriq_user_id_1907d4e6" ON "topshiriq_ozsohasidatopshiriq" ("user_id");
CREATE INDEX IF NOT EXISTS "topshiriq_ozxohishibilantopshiriq_user_id_86076857" ON "topshiriq_ozxohishibilantopshiriq" ("user_id");
CREATE UNIQUE INDEX "django_celery_beat_solarschedule_event_latitude_longitude_ba64999a_uniq" ON "django_celery_beat_solarschedule" ("event", "latitude", "longitude");
CREATE INDEX IF NOT EXISTS "django_celery_beat_periodictask_crontab_id_d3cba168" ON "django_celery_beat_periodictask" ("crontab_id");
CREATE INDEX IF NOT EXISTS "django_celery_beat_periodictask_interval_id_a8ca27da" ON "django_celery_beat_periodictask" ("interval_id");
CREATE INDEX IF NOT EXISTS "django_celery_beat_periodictask_solar_id_a87ce72c" ON "django_celery_beat_periodictask" ("solar_id");
CREATE INDEX IF NOT EXISTS "django_celery_beat_periodictask_clocked_id_47a69f82" ON "django_celery_beat_periodictask" ("clocked_id");
CREATE TABLE IF NOT EXISTS "topshiriq_majburiytopshiriq" ("id" char(32) NOT NULL PRIMARY KEY, "created_at" datetime NOT NULL, "updated_at" datetime NOT NULL, "tur" varchar(30) NOT NULL, "title" varchar(300) NOT NULL, "body" text NOT NULL, "baxo" integer NOT NULL, "file1" varchar(100) NULL, "file2" varchar(100) NULL, "file3" varchar(100) NULL, "file4" varchar(100) NULL, "user_id" char(32) NOT NULL REFERENCES "users_users" ("id") DEFERRABLE INITIALLY DEFERRED, "topshiriq_id" char(32) NOT NULL REFERENCES "topshiriq_topshiriq" ("id") DEFERRABLE INITIALLY DEFERRED, "active" bool NOT NULL, "baxolash" bool NOT NULL);
CREATE UNIQUE INDEX "django_content_type_app_label_model_76bd3d3b_uniq" ON "django_content_type" ("app_label", "model");
CREATE UNIQUE INDEX "auth_group_permissions_group_id_permission_id_0cd325b0_uniq" ON "auth_group_permissions" ("group_id", "permission_id");
CREATE INDEX IF NOT EXISTS "auth_group_permissions_group_id_b120cbf9" ON "auth_group_permissions" ("group_id");
CREATE INDEX IF NOT EXISTS "auth_group_permissions_permission_id_84c5c92e" ON "auth_group_permissions" ("permission_id");
CREATE UNIQUE INDEX "auth_permission_content_type_id_codename_01ab375a_uniq" ON "auth_permission" ("content_type_id", "codename");
CREATE INDEX IF NOT EXISTS "auth_permission_content_type_id_2f476e4b" ON "auth_permission" ("content_type_id");
CREATE INDEX IF NOT EXISTS "users_users_fakultet_id_5899e7a5" ON "users_users" ("fakultet_id");
CREATE UNIQUE INDEX "users_users_groups_users_id_group_id_02603a5e_uniq" ON "users_users_groups" ("users_id", "group_id");
CREATE INDEX IF NOT EXISTS "users_users_groups_users_id_5572cf36" ON "users_users_groups" ("users_id");
CREATE INDEX IF NOT EXISTS "users_users_groups_group_id_3e15ff0f" ON "users_users_groups" ("group_id");
CREATE UNIQUE INDEX "users_users_user_permissions_users_id_permission_id_119659d5_uniq" ON "users_users_user_permissions" ("users_id", "permission_id");
CREATE INDEX IF NOT EXISTS "users_users_user_permissions_users_id_04010ba6" ON "users_users_user_permissions" ("users_id");
CREATE INDEX IF NOT EXISTS "users_users_user_permissions_permission_id_9a117d64" ON "users_users_user_permissions" ("permission_id");
CREATE INDEX IF NOT EXISTS "django_admin_log_content_type_id_c4bce8eb" ON "django_admin_log" ("content_type_id");
CREATE INDEX IF NOT EXISTS "django_admin_log_user_id_c564eba6" ON "django_admin_log" ("user_id");
CREATE INDEX IF NOT EXISTS "django_session_expire_date_a5c62663" ON "django_session" ("expire_date");
CREATE UNIQUE INDEX "topshiriqs_topshiriq_users_topshiriq_id_users_id_43728bee_uniq" ON "topshiriqs_topshiriq_users" ("topshiriq_id", "users_id");
CREATE INDEX IF NOT EXISTS "topshiriqs_topshiriq_users_topshiriq_id_3495ca95" ON "topshiriqs_topshiriq_users" ("topshiriq_id");
CREATE INDEX IF NOT EXISTS "topshiriqs_topshiriq_users_users_id_bdac511d" ON "topshiriqs_topshiriq_users" ("users_id");
CREATE INDEX IF NOT EXISTS "topshiriqs_qoshimchatopshiriq_user_id_1a489478" ON "topshiriqs_qoshimchatopshiriq" ("user_id");
CREATE INDEX IF NOT EXISTS "topshiriqs_qoshimchatopshiriq_topshiriq_id_46fe60c3" ON "topshiriqs_qoshimchatopshiriq" ("topshiriq_id");
CREATE INDEX IF NOT EXISTS "topshiriqs_majburiytopshiriq_user_id_7563b9eb" ON "topshiriqs_majburiytopshiriq" ("user_id");
CREATE INDEX IF NOT EXISTS "topshiriqs_majburiytopshiriq_topshiriq_id_00197fb1" ON "topshiriqs_majburiytopshiriq" ("topshiriq_id");
CREATE UNIQUE INDEX "topshiriq_topshiriq_topshiriq_users_topshiriq_id_users_id_9df7825a_uniq" ON "topshiriq_topshiriq_topshiriq_users" ("topshiriq_id", "users_id");
CREATE INDEX IF NOT EXISTS "topshiriq_topshiriq_topshiriq_users_topshiriq_id_5dd32f78" ON "topshiriq_topshiriq_topshiriq_users" ("topshiriq_id");
CREATE INDEX IF NOT EXISTS "topshiriq_topshiriq_topshiriq_users_users_id_c5e10809" ON "topshiriq_topshiriq_topshiriq_users" ("users_id");
CREATE INDEX IF NOT EXISTS "topshiriq_majburiytopshiriq_user_id_bc19da0e" ON "topshiriq_majburiytopshiriq" ("user_id");
CREATE INDEX IF NOT EXISTS "topshiriq_majburiytopshiriq_topshiriq_id_6a375b5e" ON "topshiriq_majburiytopshiriq" ("topshiriq_id");
CREATE INDEX IF NOT EXISTS "topshiriq_qoshimchatopshiriq_user_id_ddeb336f" ON "topshiriq_qoshimchatopshiriq" ("user_id");
CREATE INDEX IF NOT EXISTS "topshiriq_qoshimchatopshiriq_topshiriq_id_1763c045" ON "topshiriq_qoshimchatopshiriq" ("topshiriq_id");
CREATE INDEX IF NOT EXISTS "topshiriq_topshiriq_admin_user_id_375d331e" ON "topshiriq_topshiriq" ("admin_user_id");
CREATE INDEX IF NOT EXISTS "topshiriq_ozsohasidatopshiriq_user_id_1907d4e6" ON "topshiriq_ozsohasidatopshiriq" ("user_id");
CREATE INDEX IF NOT EXISTS "topshiriq_ozxohishibilantopshiriq_user_id_86076857" ON "topshiriq_ozxohishibilantopshiriq" ("user_id");
CREATE UNIQUE INDEX "django_celery_beat_solarschedule_event_latitude_longitude_ba64999a_uniq" ON "django_celery_beat_solarschedule" ("event", "latitude", "longitude");
CREATE INDEX IF NOT EXISTS "django_celery_beat_periodictask_crontab_id_d3cba168" ON "django_celery_beat_periodictask" ("crontab_id");
CREATE INDEX IF NOT EXISTS "django_celery_beat_periodictask_interval_id_a8ca27da" ON "django_celery_beat_periodictask" ("interval_id");
CREATE INDEX IF NOT EXISTS "django_celery_beat_periodictask_solar_id_a87ce72c" ON "django_celery_beat_periodictask" ("solar_id");
CREATE INDEX IF NOT EXISTS "django_celery_beat_periodictask_clocked_id_47a69f82" ON "django_celery_beat_periodictask" ("clocked_id");
CREATE TABLE IF NOT EXISTS "topshiriq_ozsohasidatopshiriq" ("id" char(32) NOT NULL PRIMARY KEY, "created_at" datetime NOT NULL, "updated_at" datetime NOT NULL, "baxo" integer NOT NULL, "title" varchar(300) NOT NULL, "body" text NOT NULL, "file1" varchar(100) NULL, "file2" varchar(100) NULL, "file3" varchar(100) NULL, "file4" varchar(100) NULL, "active" bool NOT NULL, "baxolash" bool NOT NULL, "user_id" char(32) NOT NULL REFERENCES "users_users" ("id") DEFERRABLE INITIALLY DEFERRED);
CREATE UNIQUE INDEX "django_content_type_app_label_model_76bd3d3b_uniq" ON "django_content_type" ("app_label", "model");
CREATE UNIQUE INDEX "auth_group_permissions_group_id_permission_id_0cd325b0_uniq" ON "auth_group_permissions" ("group_id", "permission_id");
CREATE INDEX IF NOT EXISTS "auth_group_permissions_group_id_b120cbf9" ON "auth_group_permissions" ("group_id");
CREATE INDEX IF NOT EXISTS "auth_group_permissions_permission_id_84c5c92e" ON "auth_group_permissions" ("permission_id");
CREATE UNIQUE INDEX "auth_permission_content_type_id_codename_01ab375a_uniq" ON "auth_permission" ("content_type_id", "codename");
CREATE INDEX IF NOT EXISTS "auth_permission_content_type_id_2f476e4b" ON "auth_permission" ("content_type_id");
CREATE INDEX IF NOT EXISTS "users_users_fakultet_id_5899e7a5" ON "users_users" ("fakultet_id");
CREATE UNIQUE INDEX "users_users_groups_users_id_group_id_02603a5e_uniq" ON "users_users_groups" ("users_id", "group_id");
CREATE INDEX IF NOT EXISTS "users_users_groups_users_id_5572cf36" ON "users_users_groups" ("users_id");
CREATE INDEX IF NOT EXISTS "users_users_groups_group_id_3e15ff0f" ON "users_users_groups" ("group_id");
CREATE UNIQUE INDEX "users_users_user_permissions_users_id_permission_id_119659d5_uniq" ON "users_users_user_permissions" ("users_id", "permission_id");
CREATE INDEX IF NOT EXISTS "users_users_user_permissions_users_id_04010ba6" ON "users_users_user_permissions" ("users_id");
CREATE INDEX IF NOT EXISTS "users_users_user_permissions_permission_id_9a117d64" ON "users_users_user_permissions" ("permission_id");
CREATE INDEX IF NOT EXISTS "django_admin_log_content_type_id_c4bce8eb" ON "django_admin_log" ("content_type_id");
CREATE INDEX IF NOT EXISTS "django_admin_log_user_id_c564eba6" ON "django_admin_log" ("user_id");
CREATE INDEX IF NOT EXISTS "django_session_expire_date_a5c62663" ON "django_session" ("expire_date");
CREATE UNIQUE INDEX "topshiriqs_topshiriq_users_topshiriq_id_users_id_43728bee_uniq" ON "topshiriqs_topshiriq_users" ("topshiriq_id", "users_id");
CREATE INDEX IF NOT EXISTS "topshiriqs_topshiriq_users_topshiriq_id_3495ca95" ON "topshiriqs_topshiriq_users" ("topshiriq_id");
CREATE INDEX IF NOT EXISTS "topshiriqs_topshiriq_users_users_id_bdac511d" ON "topshiriqs_topshiriq_users" ("users_id");
CREATE INDEX IF NOT EXISTS "topshiriqs_qoshimchatopshiriq_user_id_1a489478" ON "topshiriqs_qoshimchatopshiriq" ("user_id");
CREATE INDEX IF NOT EXISTS "topshiriqs_qoshimchatopshiriq_topshiriq_id_46fe60c3" ON "topshiriqs_qoshimchatopshiriq" ("topshiriq_id");
CREATE INDEX IF NOT EXISTS "topshiriqs_majburiytopshiriq_user_id_7563b9eb" ON "topshiriqs_majburiytopshiriq" ("user_id");
CREATE INDEX IF NOT EXISTS "topshiriqs_majburiytopshiriq_topshiriq_id_00197fb1" ON "topshiriqs_majburiytopshiriq" ("topshiriq_id");
CREATE UNIQUE INDEX "topshiriq_topshiriq_topshiriq_users_topshiriq_id_users_id_9df7825a_uniq" ON "topshiriq_topshiriq_topshiriq_users" ("topshiriq_id", "users_id");
CREATE INDEX IF NOT EXISTS "topshiriq_topshiriq_topshiriq_users_topshiriq_id_5dd32f78" ON "topshiriq_topshiriq_topshiriq_users" ("topshiriq_id");
CREATE INDEX IF NOT EXISTS "topshiriq_topshiriq_topshiriq_users_users_id_c5e10809" ON "topshiriq_topshiriq_topshiriq_users" ("users_id");
CREATE INDEX IF NOT EXISTS "topshiriq_majburiytopshiriq_user_id_bc19da0e" ON "topshiriq_majburiytopshiriq" ("user_id");
CREATE INDEX IF NOT EXISTS "topshiriq_majburiytopshiriq_topshiriq_id_6a375b5e" ON "topshiriq_majburiytopshiriq" ("topshiriq_id");
CREATE INDEX IF NOT EXISTS "topshiriq_qoshimchatopshiriq_user_id_ddeb336f" ON "topshiriq_qoshimchatopshiriq" ("user_id");
CREATE INDEX IF NOT EXISTS "topshiriq_qoshimchatopshiriq_topshiriq_id_1763c045" ON "topshiriq_qoshimchatopshiriq" ("topshiriq_id");
CREATE INDEX IF NOT EXISTS "topshiriq_topshiriq_admin_user_id_375d331e" ON "topshiriq_topshiriq" ("admin_user_id");
CREATE INDEX IF NOT EXISTS "topshiriq_ozsohasidatopshiriq_user_id_1907d4e6" ON "topshiriq_ozsohasidatopshiriq" ("user_id");
CREATE INDEX IF NOT EXISTS "topshiriq_ozxohishibilantopshiriq_user_id_86076857" ON "topshiriq_ozxohishibilantopshiriq" ("user_id");
CREATE UNIQUE INDEX "django_celery_beat_solarschedule_event_latitude_longitude_ba64999a_uniq" ON "django_celery_beat_solarschedule" ("event", "latitude", "longitude");
CREATE INDEX IF NOT EXISTS "django_celery_beat_periodictask_crontab_id_d3cba168" ON "django_celery_beat_periodictask" ("crontab_id");
CREATE INDEX IF NOT EXISTS "django_celery_beat_periodictask_interval_id_a8ca27da" ON "django_celery_beat_periodictask" ("interval_id");
CREATE INDEX IF NOT EXISTS "django_celery_beat_periodictask_solar_id_a87ce72c" ON "django_celery_beat_periodictask" ("solar_id");
CREATE INDEX IF NOT EXISTS "django_celery_beat_periodictask_clocked_id_47a69f82" ON "django_celery_beat_periodictask" ("clocked_id");
CREATE TABLE IF NOT EXISTS "topshiriq_ozxohishibilantopshiriq" ("id" char(32) NOT NULL PRIMARY KEY, "created_at" datetime NOT NULL, "updated_at" datetime NOT NULL, "baxo" integer NOT NULL, "title" varchar(300) NOT NULL, "body" text NOT NULL, "file1" varchar(100) NULL, "file2" varchar(100) NULL, "file3" varchar(100) NULL, "file4" varchar(100) NULL, "active" bool NOT NULL, "baxolash" bool NOT NULL, "user_id" char(32) NOT NULL REFERENCES "users_users" ("id") DEFERRABLE INITIALLY DEFERRED);
CREATE UNIQUE INDEX "django_content_type_app_label_model_76bd3d3b_uniq" ON "django_content_type" ("app_label", "model");
CREATE UNIQUE INDEX "auth_group_permissions_group_id_permission_id_0cd325b0_uniq" ON "auth_group_permissions" ("group_id", "permission_id");
CREATE INDEX IF NOT EXISTS "auth_group_permissions_group_id_b120cbf9" ON "auth_group_permissions" ("group_id");
CREATE INDEX IF NOT EXISTS "auth_group_permissions_permission_id_84c5c92e" ON "auth_group_permissions" ("permission_id");
CREATE UNIQUE INDEX "auth_permission_content_type_id_codename_01ab375a_uniq" ON "auth_permission" ("content_type_id", "codename");
CREATE INDEX IF NOT EXISTS "auth_permission_content_type_id_2f476e4b" ON "auth_permission" ("content_type_id");
CREATE INDEX IF NOT EXISTS "users_users_fakultet_id_5899e7a5" ON "users_users" ("fakultet_id");
CREATE UNIQUE INDEX "users_users_groups_users_id_group_id_02603a5e_uniq" ON "users_users_groups" ("users_id", "group_id");
CREATE INDEX IF NOT EXISTS "users_users_groups_users_id_5572cf36" ON "users_users_groups" ("users_id");
CREATE INDEX IF NOT EXISTS "users_users_groups_group_id_3e15ff0f" ON "users_users_groups" ("group_id");
CREATE UNIQUE INDEX "users_users_user_permissions_users_id_permission_id_119659d5_uniq" ON "users_users_user_permissions" ("users_id", "permission_id");
CREATE INDEX IF NOT EXISTS "users_users_user_permissions_users_id_04010ba6" ON "users_users_user_permissions" ("users_id");
CREATE INDEX IF NOT EXISTS "users_users_user_permissions_permission_id_9a117d64" ON "users_users_user_permissions" ("permission_id");
CREATE INDEX IF NOT EXISTS "django_admin_log_content_type_id_c4bce8eb" ON "django_admin_log" ("content_type_id");
CREATE INDEX IF NOT EXISTS "django_admin_log_user_id_c564eba6" ON "django_admin_log" ("user_id");
CREATE INDEX IF NOT EXISTS "django_session_expire_date_a5c62663" ON "django_session" ("expire_date");
CREATE UNIQUE INDEX "topshiriqs_topshiriq_users_topshiriq_id_users_id_43728bee_uniq" ON "topshiriqs_topshiriq_users" ("topshiriq_id", "users_id");
CREATE INDEX IF NOT EXISTS "topshiriqs_topshiriq_users_topshiriq_id_3495ca95" ON "topshiriqs_topshiriq_users" ("topshiriq_id");
CREATE INDEX IF NOT EXISTS "topshiriqs_topshiriq_users_users_id_bdac511d" ON "topshiriqs_topshiriq_users" ("users_id");
CREATE INDEX IF NOT EXISTS "topshiriqs_qoshimchatopshiriq_user_id_1a489478" ON "topshiriqs_qoshimchatopshiriq" ("user_id");
CREATE INDEX IF NOT EXISTS "topshiriqs_qoshimchatopshiriq_topshiriq_id_46fe60c3" ON "topshiriqs_qoshimchatopshiriq" ("topshiriq_id");
CREATE INDEX IF NOT EXISTS "topshiriqs_majburiytopshiriq_user_id_7563b9eb" ON "topshiriqs_majburiytopshiriq" ("user_id");
CREATE INDEX IF NOT EXISTS "topshiriqs_majburiytopshiriq_topshiriq_id_00197fb1" ON "topshiriqs_majburiytopshiriq" ("topshiriq_id");
CREATE UNIQUE INDEX "topshiriq_topshiriq_topshiriq_users_topshiriq_id_users_id_9df7825a_uniq" ON "topshiriq_topshiriq_topshiriq_users" ("topshiriq_id", "users_id");
CREATE INDEX IF NOT EXISTS "topshiriq_topshiriq_topshiriq_users_topshiriq_id_5dd32f78" ON "topshiriq_topshiriq_topshiriq_users" ("topshiriq_id");
CREATE INDEX IF NOT EXISTS "topshiriq_topshiriq_topshiriq_users_users_id_c5e10809" ON "topshiriq_topshiriq_topshiriq_users" ("users_id");
CREATE INDEX IF NOT EXISTS "topshiriq_majburiytopshiriq_user_id_bc19da0e" ON "topshiriq_majburiytopshiriq" ("user_id");
CREATE INDEX IF NOT EXISTS "topshiriq_majburiytopshiriq_topshiriq_id_6a375b5e" ON "topshiriq_majburiytopshiriq" ("topshiriq_id");
CREATE INDEX IF NOT EXISTS "topshiriq_qoshimchatopshiriq_user_id_ddeb336f" ON "topshiriq_qoshimchatopshiriq" ("user_id");
CREATE INDEX IF NOT EXISTS "topshiriq_qoshimchatopshiriq_topshiriq_id_1763c045" ON "topshiriq_qoshimchatopshiriq" ("topshiriq_id");
CREATE INDEX IF NOT EXISTS "topshiriq_topshiriq_admin_user_id_375d331e" ON "topshiriq_topshiriq" ("admin_user_id");
CREATE INDEX IF NOT EXISTS "topshiriq_ozsohasidatopshiriq_user_id_1907d4e6" ON "topshiriq_ozsohasidatopshiriq" ("user_id");
CREATE INDEX IF NOT EXISTS "topshiriq_ozxohishibilantopshiriq_user_id_86076857" ON "topshiriq_ozxohishibilantopshiriq" ("user_id");
CREATE UNIQUE INDEX "django_celery_beat_solarschedule_event_latitude_longitude_ba64999a_uniq" ON "django_celery_beat_solarschedule" ("event", "latitude", "longitude");
CREATE INDEX IF NOT EXISTS "django_celery_beat_periodictask_crontab_id_d3cba168" ON "django_celery_beat_periodictask" ("crontab_id");
CREATE INDEX IF NOT EXISTS "django_celery_beat_periodictask_interval_id_a8ca27da" ON "django_celery_beat_periodictask" ("interval_id");
CREATE INDEX IF NOT EXISTS "django_celery_beat_periodictask_solar_id_a87ce72c" ON "django_celery_beat_periodictask" ("solar_id");
CREATE INDEX IF NOT EXISTS "django_celery_beat_periodictask_clocked_id_47a69f82" ON "django_celery_beat_periodictask" ("clocked_id");
CREATE TABLE IF NOT EXISTS "topshiriq_qoshimchatopshiriq" ("id" char(32) NOT NULL PRIMARY KEY, "created_at" datetime NOT NULL, "updated_at" datetime NOT NULL, "baxo" integer NOT NULL, "title" varchar(300) NOT NULL, "body" text NOT NULL, "file1" varchar(100) NULL, "file2" varchar(100) NULL, "file3" varchar(100) NULL, "file4" varchar(100) NULL, "user_id" char(32) NOT NULL REFERENCES "users_users" ("id") DEFERRABLE INITIALLY DEFERRED, "topshiriq_id" char(32) NOT NULL REFERENCES "topshiriq_topshiriq" ("id") DEFERRABLE INITIALLY DEFERRED, "active" bool NOT NULL, "baxolash" bool NOT NULL);
INSERT INTO "topshiriq_qoshimchatopshiriq" VALUES('78ab06286db8472cbca71ea21b89f3e5','2025-02-08 06:01:23.209164','2025-02-08 06:01:23.209272',0,'','','','','','','ba2297c701994cf7aeda7bd104f51722','d9898da6a10c40419b036ab0b500febf',1,0);
INSERT INTO "topshiriq_qoshimchatopshiriq" VALUES('3a3201286b454e70b2affa0ea22b2789','2025-02-08 06:01:23.211594','2025-02-08 06:01:23.211636',0,'','','','','','','bf1ce7993d7f4025818a9c4db8647991','d9898da6a10c40419b036ab0b500febf',1,0);
INSERT INTO "topshiriq_qoshimchatopshiriq" VALUES('a731ab89d5b44786aa4733d75b7fdb3d','2025-02-08 07:05:27.423367','2025-02-08 07:05:27.423421',0,'','','','','','','ba2297c701994cf7aeda7bd104f51722','f8d569942a714d4ea6c0699bcf387de2',1,0);
INSERT INTO "topshiriq_qoshimchatopshiriq" VALUES('e4eec0c4c99e450087ea9a2cb1b1beec','2025-02-08 07:05:27.425367','2025-02-08 07:05:27.425490',0,'','','','','','','bf1ce7993d7f4025818a9c4db8647991','f8d569942a714d4ea6c0699bcf387de2',1,0);
INSERT INTO "topshiriq_qoshimchatopshiriq" VALUES('881cff0647454ece890d9426e4888cd8','2025-02-08 07:06:47.854951','2025-02-08 07:06:47.855014',0,'','','','','','','ba2297c701994cf7aeda7bd104f51722','78f7be05e10841ae81a2deed101892d0',1,0);
INSERT INTO "topshiriq_qoshimchatopshiriq" VALUES('027d38b6197c4df799a225d9d089102e','2025-02-08 07:06:47.857043','2025-02-08 07:06:47.857096',0,'','','','','','','bf1ce7993d7f4025818a9c4db8647991','78f7be05e10841ae81a2deed101892d0',1,0);
INSERT INTO "topshiriq_qoshimchatopshiriq" VALUES('d4100c70f10a4d7c9841afb2d7678bf2','2025-02-08 07:49:51.942669','2025-02-08 07:49:51.942722',0,'','','','','','','ba2297c701994cf7aeda7bd104f51722','47116715069c4983bf3ecc2f500123eb',1,0);
INSERT INTO "topshiriq_qoshimchatopshiriq" VALUES('64532e7e2bb942f4bf09c4270d7acec7','2025-02-08 07:49:51.944732','2025-02-08 07:49:51.944804',0,'','','','','','','bf1ce7993d7f4025818a9c4db8647991','47116715069c4983bf3ecc2f500123eb',1,0);
INSERT INTO "topshiriq_qoshimchatopshiriq" VALUES('d91e3cdc8bb544ec95686d0430526331','2025-02-11 04:12:05.069704','2025-02-11 04:12:05.069752',0,'','','','','','','ba2297c701994cf7aeda7bd104f51722','0adb04753bec4af99ac9f8e09fe811ff',1,0);
INSERT INTO "topshiriq_qoshimchatopshiriq" VALUES('46c6de3d3e0448da854de6c0c86b6b2a','2025-02-11 04:12:05.072882','2025-02-11 04:12:05.072926',0,'','','','','','','bf1ce7993d7f4025818a9c4db8647991','0adb04753bec4af99ac9f8e09fe811ff',1,0);
INSERT INTO "topshiriq_qoshimchatopshiriq" VALUES('c7bd53c32637413d8b86d23a19e7871c','2025-02-11 04:32:52.651888','2025-02-11 04:32:52.651936',0,'','','','','','','ba2297c701994cf7aeda7bd104f51722','34d32929630f4e74a2511f90dee8fcf4',1,0);
INSERT INTO "topshiriq_qoshimchatopshiriq" VALUES('5833634f46684d169a6827ca598ea36f','2025-02-11 04:32:52.654199','2025-02-11 04:32:52.654229',0,'','','','','','','bf1ce7993d7f4025818a9c4db8647991','34d32929630f4e74a2511f90dee8fcf4',1,0);
CREATE UNIQUE INDEX "django_content_type_app_label_model_76bd3d3b_uniq" ON "django_content_type" ("app_label", "model");
CREATE UNIQUE INDEX "auth_group_permissions_group_id_permission_id_0cd325b0_uniq" ON "auth_group_permissions" ("group_id", "permission_id");
CREATE INDEX IF NOT EXISTS "auth_group_permissions_group_id_b120cbf9" ON "auth_group_permissions" ("group_id");
CREATE INDEX IF NOT EXISTS "auth_group_permissions_permission_id_84c5c92e" ON "auth_group_permissions" ("permission_id");
CREATE UNIQUE INDEX "auth_permission_content_type_id_codename_01ab375a_uniq" ON "auth_permission" ("content_type_id", "codename");
CREATE INDEX IF NOT EXISTS "auth_permission_content_type_id_2f476e4b" ON "auth_permission" ("content_type_id");
CREATE INDEX IF NOT EXISTS "users_users_fakultet_id_5899e7a5" ON "users_users" ("fakultet_id");
CREATE UNIQUE INDEX "users_users_groups_users_id_group_id_02603a5e_uniq" ON "users_users_groups" ("users_id", "group_id");
CREATE INDEX IF NOT EXISTS "users_users_groups_users_id_5572cf36" ON "users_users_groups" ("users_id");
CREATE INDEX IF NOT EXISTS "users_users_groups_group_id_3e15ff0f" ON "users_users_groups" ("group_id");
CREATE UNIQUE INDEX "users_users_user_permissions_users_id_permission_id_119659d5_uniq" ON "users_users_user_permissions" ("users_id", "permission_id");
CREATE INDEX IF NOT EXISTS "users_users_user_permissions_users_id_04010ba6" ON "users_users_user_permissions" ("users_id");
CREATE INDEX IF NOT EXISTS "users_users_user_permissions_permission_id_9a117d64" ON "users_users_user_permissions" ("permission_id");
CREATE INDEX IF NOT EXISTS "django_admin_log_content_type_id_c4bce8eb" ON "django_admin_log" ("content_type_id");
CREATE INDEX IF NOT EXISTS "django_admin_log_user_id_c564eba6" ON "django_admin_log" ("user_id");
CREATE INDEX IF NOT EXISTS "django_session_expire_date_a5c62663" ON "django_session" ("expire_date");
CREATE UNIQUE INDEX "topshiriqs_topshiriq_users_topshiriq_id_users_id_43728bee_uniq" ON "topshiriqs_topshiriq_users" ("topshiriq_id", "users_id");
CREATE INDEX IF NOT EXISTS "topshiriqs_topshiriq_users_topshiriq_id_3495ca95" ON "topshiriqs_topshiriq_users" ("topshiriq_id");
CREATE INDEX IF NOT EXISTS "topshiriqs_topshiriq_users_users_id_bdac511d" ON "topshiriqs_topshiriq_users" ("users_id");
CREATE INDEX IF NOT EXISTS "topshiriqs_qoshimchatopshiriq_user_id_1a489478" ON "topshiriqs_qoshimchatopshiriq" ("user_id");
CREATE INDEX IF NOT EXISTS "topshiriqs_qoshimchatopshiriq_topshiriq_id_46fe60c3" ON "topshiriqs_qoshimchatopshiriq" ("topshiriq_id");
CREATE INDEX IF NOT EXISTS "topshiriqs_majburiytopshiriq_user_id_7563b9eb" ON "topshiriqs_majburiytopshiriq" ("user_id");
CREATE INDEX IF NOT EXISTS "topshiriqs_majburiytopshiriq_topshiriq_id_00197fb1" ON "topshiriqs_majburiytopshiriq" ("topshiriq_id");
CREATE UNIQUE INDEX "topshiriq_topshiriq_topshiriq_users_topshiriq_id_users_id_9df7825a_uniq" ON "topshiriq_topshiriq_topshiriq_users" ("topshiriq_id", "users_id");
CREATE INDEX IF NOT EXISTS "topshiriq_topshiriq_topshiriq_users_topshiriq_id_5dd32f78" ON "topshiriq_topshiriq_topshiriq_users" ("topshiriq_id");
CREATE INDEX IF NOT EXISTS "topshiriq_topshiriq_topshiriq_users_users_id_c5e10809" ON "topshiriq_topshiriq_topshiriq_users" ("users_id");
CREATE INDEX IF NOT EXISTS "topshiriq_majburiytopshiriq_user_id_bc19da0e" ON "topshiriq_majburiytopshiriq" ("user_id");
CREATE INDEX IF NOT EXISTS "topshiriq_majburiytopshiriq_topshiriq_id_6a375b5e" ON "topshiriq_majburiytopshiriq" ("topshiriq_id");
CREATE INDEX IF NOT EXISTS "topshiriq_qoshimchatopshiriq_user_id_ddeb336f" ON "topshiriq_qoshimchatopshiriq" ("user_id");
CREATE INDEX IF NOT EXISTS "topshiriq_qoshimchatopshiriq_topshiriq_id_1763c045" ON "topshiriq_qoshimchatopshiriq" ("topshiriq_id");
CREATE INDEX IF NOT EXISTS "topshiriq_topshiriq_admin_user_id_375d331e" ON "topshiriq_topshiriq" ("admin_user_id");
CREATE INDEX IF NOT EXISTS "topshiriq_ozsohasidatopshiriq_user_id_1907d4e6" ON "topshiriq_ozsohasidatopshiriq" ("user_id");
CREATE INDEX IF NOT EXISTS "topshiriq_ozxohishibilantopshiriq_user_id_86076857" ON "topshiriq_ozxohishibilantopshiriq" ("user_id");
CREATE UNIQUE INDEX "django_celery_beat_solarschedule_event_latitude_longitude_ba64999a_uniq" ON "django_celery_beat_solarschedule" ("event", "latitude", "longitude");
CREATE INDEX IF NOT EXISTS "django_celery_beat_periodictask_crontab_id_d3cba168" ON "django_celery_beat_periodictask" ("crontab_id");
CREATE INDEX IF NOT EXISTS "django_celery_beat_periodictask_interval_id_a8ca27da" ON "django_celery_beat_periodictask" ("interval_id");
CREATE INDEX IF NOT EXISTS "django_celery_beat_periodictask_solar_id_a87ce72c" ON "django_celery_beat_periodictask" ("solar_id");
CREATE INDEX IF NOT EXISTS "django_celery_beat_periodictask_clocked_id_47a69f82" ON "django_celery_beat_periodictask" ("clocked_id");
CREATE TABLE IF NOT EXISTS "topshiriq_topshiriq" ("id" char(32) NOT NULL PRIMARY KEY, "created_at" datetime NOT NULL, "updated_at" datetime NOT NULL, "topshiriq_turi" varchar(30) NOT NULL, "majburiy_topshiriq_turi" varchar(30) NULL, "topshiriq_soni" integer NOT NULL, "max_baxo" integer NOT NULL, "title" varchar(300) NOT NULL, "body" text NOT NULL, "file1" varchar(100) NULL, "file2" varchar(100) NULL, "file3" varchar(100) NULL, "file4" varchar(100) NULL, "active" bool NOT NULL, "boshlanish_vaqti" date NOT NULL, "tugash_vaqti" date NOT NULL, "admin_user_id" char(32) NULL REFERENCES "users_users" ("id") DEFERRABLE INITIALLY DEFERRED, "test_file" varchar(100) NULL);
INSERT INTO "topshiriq_topshiriq" VALUES('d9898da6a10c40419b036ab0b500febf','2025-02-08 06:01:23.140634','2025-02-11 04:55:52.742497','qoshimcha',NULL,1,3,'Sarlavha test uchun title','Batafsil test uchun Batafsil test uchun Batafsil test uchun Batafsil test uchun Batafsil test uchun Batafsil test uchun Batafsil test uchun Batafsil test uchun Batafsil test uchun Batafsil test uchun Batafsil test uchun Batafsil test uchun Batafsil test uchun','topshiriq/topshiriq/invoice_6.pdf','topshiriq/topshiriq/talabnoma.pdf','','',0,'2025-02-08','2025-02-20','dd933ec578e44bf09a9c9251e8f7b20c','');
INSERT INTO "topshiriq_topshiriq" VALUES('f8d569942a714d4ea6c0699bcf387de2','2025-02-08 07:05:27.364920','2025-02-11 04:02:36.385429','qoshimcha',NULL,1,2,'rthgf hfhfgbhfgx','trgs tgsdftg trhgsrt hfrsyh hrtfh','topshiriq/topshiriq/invoice_6_10xaZEy.pdf','topshiriq/topshiriq/talabnoma_4.pdf','','',0,'2025-02-08','2025-02-18','dd933ec578e44bf09a9c9251e8f7b20c','');
INSERT INTO "topshiriq_topshiriq" VALUES('78f7be05e10841ae81a2deed101892d0','2025-02-08 07:06:47.783379','2025-02-11 04:29:04.442527','qoshimcha',NULL,1,4,'rthgf hfhfgb fgb fg title','trgs tgsdftg trhgsrt hfrsyh hrtfhd gdfbfd dfftd g','topshiriq/topshiriq/invoice_6_Q9ciZNX.pdf','topshiriq/topshiriq/talabnoma_4_dH33Bs6.pdf','','',0,'2025-02-08','2025-02-27','dd933ec578e44bf09a9c9251e8f7b20c','');
INSERT INTO "topshiriq_topshiriq" VALUES('47116715069c4983bf3ecc2f500123eb','2025-02-08 07:49:51.879197','2025-02-14 14:54:07.064121','qoshimcha',NULL,1,3,'erg dfvfgd cvb dfg dfgtfgfrtgb','f cfbvdfg cb bfnbhfgbh bdfgb','topshiriq/topshiriq/Adiblar_Xiyoboni_Presentation.pptx','','','',0,'2025-02-08','2025-02-10','dd933ec578e44bf09a9c9251e8f7b20c','');
INSERT INTO "topshiriq_topshiriq" VALUES('0adb04753bec4af99ac9f8e09fe811ff','2025-02-11 04:12:04.960110','2025-02-11 04:15:48.222284','qoshimcha',NULL,1,1,'rtfhfgb rtyhfth','fsbhfg s46y syfhb drth vbn rthfgb fgh tyh','','','','',0,'2025-02-11','2025-02-28','dd933ec578e44bf09a9c9251e8f7b20c','');
INSERT INTO "topshiriq_topshiriq" VALUES('34d32929630f4e74a2511f90dee8fcf4','2025-02-11 04:32:52.596368','2025-02-11 04:51:37.650935','qoshimcha',NULL,1,7,'rfgvdf dfzg','rfgvd gdfzg dg','topshiriq/topshiriq/file_6.pdf','','','',0,'2025-02-11','2025-02-26','dd933ec578e44bf09a9c9251e8f7b20c','');
CREATE UNIQUE INDEX "django_content_type_app_label_model_76bd3d3b_uniq" ON "django_content_type" ("app_label", "model");
CREATE UNIQUE INDEX "auth_group_permissions_group_id_permission_id_0cd325b0_uniq" ON "auth_group_permissions" ("group_id", "permission_id");
CREATE INDEX IF NOT EXISTS "auth_group_permissions_group_id_b120cbf9" ON "auth_group_permissions" ("group_id");
CREATE INDEX IF NOT EXISTS "auth_group_permissions_permission_id_84c5c92e" ON "auth_group_permissions" ("permission_id");
CREATE UNIQUE INDEX "auth_permission_content_type_id_codename_01ab375a_uniq" ON "auth_permission" ("content_type_id", "codename");
CREATE INDEX IF NOT EXISTS "auth_permission_content_type_id_2f476e4b" ON "auth_permission" ("content_type_id");
CREATE INDEX IF NOT EXISTS "users_users_fakultet_id_5899e7a5" ON "users_users" ("fakultet_id");
CREATE UNIQUE INDEX "users_users_groups_users_id_group_id_02603a5e_uniq" ON "users_users_groups" ("users_id", "group_id");
CREATE INDEX IF NOT EXISTS "users_users_groups_users_id_5572cf36" ON "users_users_groups" ("users_id");
CREATE INDEX IF NOT EXISTS "users_users_groups_group_id_3e15ff0f" ON "users_users_groups" ("group_id");
CREATE UNIQUE INDEX "users_users_user_permissions_users_id_permission_id_119659d5_uniq" ON "users_users_user_permissions" ("users_id", "permission_id");
CREATE INDEX IF NOT EXISTS "users_users_user_permissions_users_id_04010ba6" ON "users_users_user_permissions" ("users_id");
CREATE INDEX IF NOT EXISTS "users_users_user_permissions_permission_id_9a117d64" ON "users_users_user_permissions" ("permission_id");
CREATE INDEX IF NOT EXISTS "django_admin_log_content_type_id_c4bce8eb" ON "django_admin_log" ("content_type_id");
CREATE INDEX IF NOT EXISTS "django_admin_log_user_id_c564eba6" ON "django_admin_log" ("user_id");
CREATE INDEX IF NOT EXISTS "django_session_expire_date_a5c62663" ON "django_session" ("expire_date");
CREATE UNIQUE INDEX "topshiriqs_topshiriq_users_topshiriq_id_users_id_43728bee_uniq" ON "topshiriqs_topshiriq_users" ("topshiriq_id", "users_id");
CREATE INDEX IF NOT EXISTS "topshiriqs_topshiriq_users_topshiriq_id_3495ca95" ON "topshiriqs_topshiriq_users" ("topshiriq_id");
CREATE INDEX IF NOT EXISTS "topshiriqs_topshiriq_users_users_id_bdac511d" ON "topshiriqs_topshiriq_users" ("users_id");
CREATE INDEX IF NOT EXISTS "topshiriqs_qoshimchatopshiriq_user_id_1a489478" ON "topshiriqs_qoshimchatopshiriq" ("user_id");
CREATE INDEX IF NOT EXISTS "topshiriqs_qoshimchatopshiriq_topshiriq_id_46fe60c3" ON "topshiriqs_qoshimchatopshiriq" ("topshiriq_id");
CREATE INDEX IF NOT EXISTS "topshiriqs_majburiytopshiriq_user_id_7563b9eb" ON "topshiriqs_majburiytopshiriq" ("user_id");
CREATE INDEX IF NOT EXISTS "topshiriqs_majburiytopshiriq_topshiriq_id_00197fb1" ON "topshiriqs_majburiytopshiriq" ("topshiriq_id");
CREATE UNIQUE INDEX "topshiriq_topshiriq_topshiriq_users_topshiriq_id_users_id_9df7825a_uniq" ON "topshiriq_topshiriq_topshiriq_users" ("topshiriq_id", "users_id");
CREATE INDEX IF NOT EXISTS "topshiriq_topshiriq_topshiriq_users_topshiriq_id_5dd32f78" ON "topshiriq_topshiriq_topshiriq_users" ("topshiriq_id");
CREATE INDEX IF NOT EXISTS "topshiriq_topshiriq_topshiriq_users_users_id_c5e10809" ON "topshiriq_topshiriq_topshiriq_users" ("users_id");
CREATE INDEX IF NOT EXISTS "topshiriq_majburiytopshiriq_user_id_bc19da0e" ON "topshiriq_majburiytopshiriq" ("user_id");
CREATE INDEX IF NOT EXISTS "topshiriq_majburiytopshiriq_topshiriq_id_6a375b5e" ON "topshiriq_majburiytopshiriq" ("topshiriq_id");
CREATE INDEX IF NOT EXISTS "topshiriq_qoshimchatopshiriq_user_id_ddeb336f" ON "topshiriq_qoshimchatopshiriq" ("user_id");
CREATE INDEX IF NOT EXISTS "topshiriq_qoshimchatopshiriq_topshiriq_id_1763c045" ON "topshiriq_qoshimchatopshiriq" ("topshiriq_id");
CREATE INDEX IF NOT EXISTS "topshiriq_topshiriq_admin_user_id_375d331e" ON "topshiriq_topshiriq" ("admin_user_id");
CREATE INDEX IF NOT EXISTS "topshiriq_ozsohasidatopshiriq_user_id_1907d4e6" ON "topshiriq_ozsohasidatopshiriq" ("user_id");
CREATE INDEX IF NOT EXISTS "topshiriq_ozxohishibilantopshiriq_user_id_86076857" ON "topshiriq_ozxohishibilantopshiriq" ("user_id");
CREATE UNIQUE INDEX "django_celery_beat_solarschedule_event_latitude_longitude_ba64999a_uniq" ON "django_celery_beat_solarschedule" ("event", "latitude", "longitude");
CREATE INDEX IF NOT EXISTS "django_celery_beat_periodictask_crontab_id_d3cba168" ON "django_celery_beat_periodictask" ("crontab_id");
CREATE INDEX IF NOT EXISTS "django_celery_beat_periodictask_interval_id_a8ca27da" ON "django_celery_beat_periodictask" ("interval_id");
CREATE INDEX IF NOT EXISTS "django_celery_beat_periodictask_solar_id_a87ce72c" ON "django_celery_beat_periodictask" ("solar_id");
CREATE INDEX IF NOT EXISTS "django_celery_beat_periodictask_clocked_id_47a69f82" ON "django_celery_beat_periodictask" ("clocked_id");
CREATE TABLE IF NOT EXISTS "topshiriq_topshiriq_topshiriq_users" ("id" integer NOT NULL PRIMARY KEY AUTOINCREMENT, "topshiriq_id" char(32) NOT NULL REFERENCES "topshiriq_topshiriq" ("id") DEFERRABLE INITIALLY DEFERRED, "users_id" char(32) NOT NULL REFERENCES "users_users" ("id") DEFERRABLE INITIALLY DEFERRED);
INSERT INTO "topshiriq_topshiriq_topshiriq_users" VALUES(36,'d9898da6a10c40419b036ab0b500febf','bf1ce7993d7f4025818a9c4db8647991');
INSERT INTO "topshiriq_topshiriq_topshiriq_users" VALUES(37,'d9898da6a10c40419b036ab0b500febf','ba2297c701994cf7aeda7bd104f51722');
INSERT INTO "topshiriq_topshiriq_topshiriq_users" VALUES(38,'f8d569942a714d4ea6c0699bcf387de2','bf1ce7993d7f4025818a9c4db8647991');
INSERT INTO "topshiriq_topshiriq_topshiriq_users" VALUES(39,'f8d569942a714d4ea6c0699bcf387de2','ba2297c701994cf7aeda7bd104f51722');
INSERT INTO "topshiriq_topshiriq_topshiriq_users" VALUES(40,'78f7be05e10841ae81a2deed101892d0','bf1ce7993d7f4025818a9c4db8647991');
INSERT INTO "topshiriq_topshiriq_topshiriq_users" VALUES(41,'78f7be05e10841ae81a2deed101892d0','ba2297c701994cf7aeda7bd104f51722');
INSERT INTO "topshiriq_topshiriq_topshiriq_users" VALUES(44,'47116715069c4983bf3ecc2f500123eb','bf1ce7993d7f4025818a9c4db8647991');
INSERT INTO "topshiriq_topshiriq_topshiriq_users" VALUES(45,'47116715069c4983bf3ecc2f500123eb','ba2297c701994cf7aeda7bd104f51722');
INSERT INTO "topshiriq_topshiriq_topshiriq_users" VALUES(48,'0adb04753bec4af99ac9f8e09fe811ff','bf1ce7993d7f4025818a9c4db8647991');
INSERT INTO "topshiriq_topshiriq_topshiriq_users" VALUES(49,'0adb04753bec4af99ac9f8e09fe811ff','ba2297c701994cf7aeda7bd104f51722');
INSERT INTO "topshiriq_topshiriq_topshiriq_users" VALUES(50,'34d32929630f4e74a2511f90dee8fcf4','bf1ce7993d7f4025818a9c4db8647991');
INSERT INTO "topshiriq_topshiriq_topshiriq_users" VALUES(51,'34d32929630f4e74a2511f90dee8fcf4','ba2297c701994cf7aeda7bd104f51722');
CREATE UNIQUE INDEX "django_content_type_app_label_model_76bd3d3b_uniq" ON "django_content_type" ("app_label", "model");
CREATE UNIQUE INDEX "auth_group_permissions_group_id_permission_id_0cd325b0_uniq" ON "auth_group_permissions" ("group_id", "permission_id");
CREATE INDEX IF NOT EXISTS "auth_group_permissions_group_id_b120cbf9" ON "auth_group_permissions" ("group_id");
CREATE INDEX IF NOT EXISTS "auth_group_permissions_permission_id_84c5c92e" ON "auth_group_permissions" ("permission_id");
CREATE UNIQUE INDEX "auth_permission_content_type_id_codename_01ab375a_uniq" ON "auth_permission" ("content_type_id", "codename");
CREATE INDEX IF NOT EXISTS "auth_permission_content_type_id_2f476e4b" ON "auth_permission" ("content_type_id");
CREATE INDEX IF NOT EXISTS "users_users_fakultet_id_5899e7a5" ON "users_users" ("fakultet_id");
CREATE UNIQUE INDEX "users_users_groups_users_id_group_id_02603a5e_uniq" ON "users_users_groups" ("users_id", "group_id");
CREATE INDEX IF NOT EXISTS "users_users_groups_users_id_5572cf36" ON "users_users_groups" ("users_id");
CREATE INDEX IF NOT EXISTS "users_users_groups_group_id_3e15ff0f" ON "users_users_groups" ("group_id");
CREATE UNIQUE INDEX "users_users_user_permissions_users_id_permission_id_119659d5_uniq" ON "users_users_user_permissions" ("users_id", "permission_id");
CREATE INDEX IF NOT EXISTS "users_users_user_permissions_users_id_04010ba6" ON "users_users_user_permissions" ("users_id");
CREATE INDEX IF NOT EXISTS "users_users_user_permissions_permission_id_9a117d64" ON "users_users_user_permissions" ("permission_id");
CREATE INDEX IF NOT EXISTS "django_admin_log_content_type_id_c4bce8eb" ON "django_admin_log" ("content_type_id");
CREATE INDEX IF NOT EXISTS "django_admin_log_user_id_c564eba6" ON "django_admin_log" ("user_id");
CREATE INDEX IF NOT EXISTS "django_session_expire_date_a5c62663" ON "django_session" ("expire_date");
CREATE UNIQUE INDEX "topshiriqs_topshiriq_users_topshiriq_id_users_id_43728bee_uniq" ON "topshiriqs_topshiriq_users" ("topshiriq_id", "users_id");
CREATE INDEX IF NOT EXISTS "topshiriqs_topshiriq_users_topshiriq_id_3495ca95" ON "topshiriqs_topshiriq_users" ("topshiriq_id");
CREATE INDEX IF NOT EXISTS "topshiriqs_topshiriq_users_users_id_bdac511d" ON "topshiriqs_topshiriq_users" ("users_id");
CREATE INDEX IF NOT EXISTS "topshiriqs_qoshimchatopshiriq_user_id_1a489478" ON "topshiriqs_qoshimchatopshiriq" ("user_id");
CREATE INDEX IF NOT EXISTS "topshiriqs_qoshimchatopshiriq_topshiriq_id_46fe60c3" ON "topshiriqs_qoshimchatopshiriq" ("topshiriq_id");
CREATE INDEX IF NOT EXISTS "topshiriqs_majburiytopshiriq_user_id_7563b9eb" ON "topshiriqs_majburiytopshiriq" ("user_id");
CREATE INDEX IF NOT EXISTS "topshiriqs_majburiytopshiriq_topshiriq_id_00197fb1" ON "topshiriqs_majburiytopshiriq" ("topshiriq_id");
CREATE UNIQUE INDEX "topshiriq_topshiriq_topshiriq_users_topshiriq_id_users_id_9df7825a_uniq" ON "topshiriq_topshiriq_topshiriq_users" ("topshiriq_id", "users_id");
CREATE INDEX IF NOT EXISTS "topshiriq_topshiriq_topshiriq_users_topshiriq_id_5dd32f78" ON "topshiriq_topshiriq_topshiriq_users" ("topshiriq_id");
CREATE INDEX IF NOT EXISTS "topshiriq_topshiriq_topshiriq_users_users_id_c5e10809" ON "topshiriq_topshiriq_topshiriq_users" ("users_id");
CREATE INDEX IF NOT EXISTS "topshiriq_majburiytopshiriq_user_id_bc19da0e" ON "topshiriq_majburiytopshiriq" ("user_id");
CREATE INDEX IF NOT EXISTS "topshiriq_majburiytopshiriq_topshiriq_id_6a375b5e" ON "topshiriq_majburiytopshiriq" ("topshiriq_id");
CREATE INDEX IF NOT EXISTS "topshiriq_qoshimchatopshiriq_user_id_ddeb336f" ON "topshiriq_qoshimchatopshiriq" ("user_id");
CREATE INDEX IF NOT EXISTS "topshiriq_qoshimchatopshiriq_topshiriq_id_1763c045" ON "topshiriq_qoshimchatopshiriq" ("topshiriq_id");
CREATE INDEX IF NOT EXISTS "topshiriq_topshiriq_admin_user_id_375d331e" ON "topshiriq_topshiriq" ("admin_user_id");
CREATE INDEX IF NOT EXISTS "topshiriq_ozsohasidatopshiriq_user_id_1907d4e6" ON "topshiriq_ozsohasidatopshiriq" ("user_id");
CREATE INDEX IF NOT EXISTS "topshiriq_ozxohishibilantopshiriq_user_id_86076857" ON "topshiriq_ozxohishibilantopshiriq" ("user_id");
CREATE UNIQUE INDEX "django_celery_beat_solarschedule_event_latitude_longitude_ba64999a_uniq" ON "django_celery_beat_solarschedule" ("event", "latitude", "longitude");
CREATE INDEX IF NOT EXISTS "django_celery_beat_periodictask_crontab_id_d3cba168" ON "django_celery_beat_periodictask" ("crontab_id");
CREATE INDEX IF NOT EXISTS "django_celery_beat_periodictask_interval_id_a8ca27da" ON "django_celery_beat_periodictask" ("interval_id");
CREATE INDEX IF NOT EXISTS "django_celery_beat_periodictask_solar_id_a87ce72c" ON "django_celery_beat_periodictask" ("solar_id");
CREATE INDEX IF NOT EXISTS "django_celery_beat_periodictask_clocked_id_47a69f82" ON "django_celery_beat_periodictask" ("clocked_id");
CREATE TABLE IF NOT EXISTS "topshiriqs_majburiytopshiriq" ("id" char(32) NOT NULL PRIMARY KEY, "created_at" date NOT NULL, "updated_at" date NOT NULL, "tur" varchar(30) NOT NULL, "title" varchar(300) NOT NULL, "body" text NOT NULL, "file1" varchar(100) NOT NULL, "file2" varchar(100) NOT NULL, "file3" varchar(100) NOT NULL, "file4" varchar(100) NOT NULL, "user_id" char(32) NOT NULL REFERENCES "users_users" ("id") DEFERRABLE INITIALLY DEFERRED, "topshiriq_id" char(32) NOT NULL REFERENCES "topshiriqs_topshiriq" ("id") DEFERRABLE INITIALLY DEFERRED);
CREATE UNIQUE INDEX "django_content_type_app_label_model_76bd3d3b_uniq" ON "django_content_type" ("app_label", "model");
CREATE UNIQUE INDEX "auth_group_permissions_group_id_permission_id_0cd325b0_uniq" ON "auth_group_permissions" ("group_id", "permission_id");
CREATE INDEX IF NOT EXISTS "auth_group_permissions_group_id_b120cbf9" ON "auth_group_permissions" ("group_id");
CREATE INDEX IF NOT EXISTS "auth_group_permissions_permission_id_84c5c92e" ON "auth_group_permissions" ("permission_id");
CREATE UNIQUE INDEX "auth_permission_content_type_id_codename_01ab375a_uniq" ON "auth_permission" ("content_type_id", "codename");
CREATE INDEX IF NOT EXISTS "auth_permission_content_type_id_2f476e4b" ON "auth_permission" ("content_type_id");
CREATE INDEX IF NOT EXISTS "users_users_fakultet_id_5899e7a5" ON "users_users" ("fakultet_id");
CREATE UNIQUE INDEX "users_users_groups_users_id_group_id_02603a5e_uniq" ON "users_users_groups" ("users_id", "group_id");
CREATE INDEX IF NOT EXISTS "users_users_groups_users_id_5572cf36" ON "users_users_groups" ("users_id");
CREATE INDEX IF NOT EXISTS "users_users_groups_group_id_3e15ff0f" ON "users_users_groups" ("group_id");
CREATE UNIQUE INDEX "users_users_user_permissions_users_id_permission_id_119659d5_uniq" ON "users_users_user_permissions" ("users_id", "permission_id");
CREATE INDEX IF NOT EXISTS "users_users_user_permissions_users_id_04010ba6" ON "users_users_user_permissions" ("users_id");
CREATE INDEX IF NOT EXISTS "users_users_user_permissions_permission_id_9a117d64" ON "users_users_user_permissions" ("permission_id");
CREATE INDEX IF NOT EXISTS "django_admin_log_content_type_id_c4bce8eb" ON "django_admin_log" ("content_type_id");
CREATE INDEX IF NOT EXISTS "django_admin_log_user_id_c564eba6" ON "django_admin_log" ("user_id");
CREATE INDEX IF NOT EXISTS "django_session_expire_date_a5c62663" ON "django_session" ("expire_date");
CREATE UNIQUE INDEX "topshiriqs_topshiriq_users_topshiriq_id_users_id_43728bee_uniq" ON "topshiriqs_topshiriq_users" ("topshiriq_id", "users_id");
CREATE INDEX IF NOT EXISTS "topshiriqs_topshiriq_users_topshiriq_id_3495ca95" ON "topshiriqs_topshiriq_users" ("topshiriq_id");
CREATE INDEX IF NOT EXISTS "topshiriqs_topshiriq_users_users_id_bdac511d" ON "topshiriqs_topshiriq_users" ("users_id");
CREATE INDEX IF NOT EXISTS "topshiriqs_qoshimchatopshiriq_user_id_1a489478" ON "topshiriqs_qoshimchatopshiriq" ("user_id");
CREATE INDEX IF NOT EXISTS "topshiriqs_qoshimchatopshiriq_topshiriq_id_46fe60c3" ON "topshiriqs_qoshimchatopshiriq" ("topshiriq_id");
CREATE INDEX IF NOT EXISTS "topshiriqs_majburiytopshiriq_user_id_7563b9eb" ON "topshiriqs_majburiytopshiriq" ("user_id");
CREATE INDEX IF NOT EXISTS "topshiriqs_majburiytopshiriq_topshiriq_id_00197fb1" ON "topshiriqs_majburiytopshiriq" ("topshiriq_id");
CREATE UNIQUE INDEX "topshiriq_topshiriq_topshiriq_users_topshiriq_id_users_id_9df7825a_uniq" ON "topshiriq_topshiriq_topshiriq_users" ("topshiriq_id", "users_id");
CREATE INDEX IF NOT EXISTS "topshiriq_topshiriq_topshiriq_users_topshiriq_id_5dd32f78" ON "topshiriq_topshiriq_topshiriq_users" ("topshiriq_id");
CREATE INDEX IF NOT EXISTS "topshiriq_topshiriq_topshiriq_users_users_id_c5e10809" ON "topshiriq_topshiriq_topshiriq_users" ("users_id");
CREATE INDEX IF NOT EXISTS "topshiriq_majburiytopshiriq_user_id_bc19da0e" ON "topshiriq_majburiytopshiriq" ("user_id");
CREATE INDEX IF NOT EXISTS "topshiriq_majburiytopshiriq_topshiriq_id_6a375b5e" ON "topshiriq_majburiytopshiriq" ("topshiriq_id");
CREATE INDEX IF NOT EXISTS "topshiriq_qoshimchatopshiriq_user_id_ddeb336f" ON "topshiriq_qoshimchatopshiriq" ("user_id");
CREATE INDEX IF NOT EXISTS "topshiriq_qoshimchatopshiriq_topshiriq_id_1763c045" ON "topshiriq_qoshimchatopshiriq" ("topshiriq_id");
CREATE INDEX IF NOT EXISTS "topshiriq_topshiriq_admin_user_id_375d331e" ON "topshiriq_topshiriq" ("admin_user_id");
CREATE INDEX IF NOT EXISTS "topshiriq_ozsohasidatopshiriq_user_id_1907d4e6" ON "topshiriq_ozsohasidatopshiriq" ("user_id");
CREATE INDEX IF NOT EXISTS "topshiriq_ozxohishibilantopshiriq_user_id_86076857" ON "topshiriq_ozxohishibilantopshiriq" ("user_id");
CREATE UNIQUE INDEX "django_celery_beat_solarschedule_event_latitude_longitude_ba64999a_uniq" ON "django_celery_beat_solarschedule" ("event", "latitude", "longitude");
CREATE INDEX IF NOT EXISTS "django_celery_beat_periodictask_crontab_id_d3cba168" ON "django_celery_beat_periodictask" ("crontab_id");
CREATE INDEX IF NOT EXISTS "django_celery_beat_periodictask_interval_id_a8ca27da" ON "django_celery_beat_periodictask" ("interval_id");
CREATE INDEX IF NOT EXISTS "django_celery_beat_periodictask_solar_id_a87ce72c" ON "django_celery_beat_periodictask" ("solar_id");
CREATE INDEX IF NOT EXISTS "django_celery_beat_periodictask_clocked_id_47a69f82" ON "django_celery_beat_periodictask" ("clocked_id");
CREATE TABLE IF NOT EXISTS "topshiriqs_qoshimchatopshiriq" ("id" char(32) NOT NULL PRIMARY KEY, "created_at" date NOT NULL, "updated_at" date NOT NULL, "tur" varchar(30) NOT NULL, "title" varchar(300) NOT NULL, "body" text NOT NULL, "file1" varchar(100) NOT NULL, "file2" varchar(100) NOT NULL, "file3" varchar(100) NOT NULL, "file4" varchar(100) NOT NULL, "user_id" char(32) NOT NULL REFERENCES "users_users" ("id") DEFERRABLE INITIALLY DEFERRED, "topshiriq_id" char(32) NOT NULL REFERENCES "topshiriqs_topshiriq" ("id") DEFERRABLE INITIALLY DEFERRED);
CREATE UNIQUE INDEX "django_content_type_app_label_model_76bd3d3b_uniq" ON "django_content_type" ("app_label", "model");
CREATE UNIQUE INDEX "auth_group_permissions_group_id_permission_id_0cd325b0_uniq" ON "auth_group_permissions" ("group_id", "permission_id");
CREATE INDEX IF NOT EXISTS "auth_group_permissions_group_id_b120cbf9" ON "auth_group_permissions" ("group_id");
CREATE INDEX IF NOT EXISTS "auth_group_permissions_permission_id_84c5c92e" ON "auth_group_permissions" ("permission_id");
CREATE UNIQUE INDEX "auth_permission_content_type_id_codename_01ab375a_uniq" ON "auth_permission" ("content_type_id", "codename");
CREATE INDEX IF NOT EXISTS "auth_permission_content_type_id_2f476e4b" ON "auth_permission" ("content_type_id");
CREATE INDEX IF NOT EXISTS "users_users_fakultet_id_5899e7a5" ON "users_users" ("fakultet_id");
CREATE UNIQUE INDEX "users_users_groups_users_id_group_id_02603a5e_uniq" ON "users_users_groups" ("users_id", "group_id");
CREATE INDEX IF NOT EXISTS "users_users_groups_users_id_5572cf36" ON "users_users_groups" ("users_id");
CREATE INDEX IF NOT EXISTS "users_users_groups_group_id_3e15ff0f" ON "users_users_groups" ("group_id");
CREATE UNIQUE INDEX "users_users_user_permissions_users_id_permission_id_119659d5_uniq" ON "users_users_user_permissions" ("users_id", "permission_id");
CREATE INDEX IF NOT EXISTS "users_users_user_permissions_users_id_04010ba6" ON "users_users_user_permissions" ("users_id");
CREATE INDEX IF NOT EXISTS "users_users_user_permissions_permission_id_9a117d64" ON "users_users_user_permissions" ("permission_id");
CREATE INDEX IF NOT EXISTS "django_admin_log_content_type_id_c4bce8eb" ON "django_admin_log" ("content_type_id");
CREATE INDEX IF NOT EXISTS "django_admin_log_user_id_c564eba6" ON "django_admin_log" ("user_id");
CREATE INDEX IF NOT EXISTS "django_session_expire_date_a5c62663" ON "django_session" ("expire_date");
CREATE UNIQUE INDEX "topshiriqs_topshiriq_users_topshiriq_id_users_id_43728bee_uniq" ON "topshiriqs_topshiriq_users" ("topshiriq_id", "users_id");
CREATE INDEX IF NOT EXISTS "topshiriqs_topshiriq_users_topshiriq_id_3495ca95" ON "topshiriqs_topshiriq_users" ("topshiriq_id");
CREATE INDEX IF NOT EXISTS "topshiriqs_topshiriq_users_users_id_bdac511d" ON "topshiriqs_topshiriq_users" ("users_id");
CREATE INDEX IF NOT EXISTS "topshiriqs_qoshimchatopshiriq_user_id_1a489478" ON "topshiriqs_qoshimchatopshiriq" ("user_id");
CREATE INDEX IF NOT EXISTS "topshiriqs_qoshimchatopshiriq_topshiriq_id_46fe60c3" ON "topshiriqs_qoshimchatopshiriq" ("topshiriq_id");
CREATE INDEX IF NOT EXISTS "topshiriqs_majburiytopshiriq_user_id_7563b9eb" ON "topshiriqs_majburiytopshiriq" ("user_id");
CREATE INDEX IF NOT EXISTS "topshiriqs_majburiytopshiriq_topshiriq_id_00197fb1" ON "topshiriqs_majburiytopshiriq" ("topshiriq_id");
CREATE UNIQUE INDEX "topshiriq_topshiriq_topshiriq_users_topshiriq_id_users_id_9df7825a_uniq" ON "topshiriq_topshiriq_topshiriq_users" ("topshiriq_id", "users_id");
CREATE INDEX IF NOT EXISTS "topshiriq_topshiriq_topshiriq_users_topshiriq_id_5dd32f78" ON "topshiriq_topshiriq_topshiriq_users" ("topshiriq_id");
CREATE INDEX IF NOT EXISTS "topshiriq_topshiriq_topshiriq_users_users_id_c5e10809" ON "topshiriq_topshiriq_topshiriq_users" ("users_id");
CREATE INDEX IF NOT EXISTS "topshiriq_majburiytopshiriq_user_id_bc19da0e" ON "topshiriq_majburiytopshiriq" ("user_id");
CREATE INDEX IF NOT EXISTS "topshiriq_majburiytopshiriq_topshiriq_id_6a375b5e" ON "topshiriq_majburiytopshiriq" ("topshiriq_id");
CREATE INDEX IF NOT EXISTS "topshiriq_qoshimchatopshiriq_user_id_ddeb336f" ON "topshiriq_qoshimchatopshiriq" ("user_id");
CREATE INDEX IF NOT EXISTS "topshiriq_qoshimchatopshiriq_topshiriq_id_1763c045" ON "topshiriq_qoshimchatopshiriq" ("topshiriq_id");
CREATE INDEX IF NOT EXISTS "topshiriq_topshiriq_admin_user_id_375d331e" ON "topshiriq_topshiriq" ("admin_user_id");
CREATE INDEX IF NOT EXISTS "topshiriq_ozsohasidatopshiriq_user_id_1907d4e6" ON "topshiriq_ozsohasidatopshiriq" ("user_id");
CREATE INDEX IF NOT EXISTS "topshiriq_ozxohishibilantopshiriq_user_id_86076857" ON "topshiriq_ozxohishibilantopshiriq" ("user_id");
CREATE UNIQUE INDEX "django_celery_beat_solarschedule_event_latitude_longitude_ba64999a_uniq" ON "django_celery_beat_solarschedule" ("event", "latitude", "longitude");
CREATE INDEX IF NOT EXISTS "django_celery_beat_periodictask_crontab_id_d3cba168" ON "django_celery_beat_periodictask" ("crontab_id");
CREATE INDEX IF NOT EXISTS "django_celery_beat_periodictask_interval_id_a8ca27da" ON "django_celery_beat_periodictask" ("interval_id");
CREATE INDEX IF NOT EXISTS "django_celery_beat_periodictask_solar_id_a87ce72c" ON "django_celery_beat_periodictask" ("solar_id");
CREATE INDEX IF NOT EXISTS "django_celery_beat_periodictask_clocked_id_47a69f82" ON "django_celery_beat_periodictask" ("clocked_id");
CREATE TABLE IF NOT EXISTS "topshiriqs_topshiriq" ("id" char(32) NOT NULL PRIMARY KEY, "created_at" date NOT NULL, "updated_at" date NOT NULL, "topshiriq_turi" varchar(30) NOT NULL, "urinishlar_soni" varchar(2) NOT NULL, "boshlanish_vaqti" date NOT NULL, "tugash_vaqti" date NOT NULL);
INSERT INTO "topshiriqs_topshiriq" VALUES('1f0e4ae516944091851db191601e0204','2025-01-31','2025-01-31','majburiy','3','2025-01-31','2025-02-03');
INSERT INTO "topshiriqs_topshiriq" VALUES('3cd2e7b5f1854f7db832a97296693711','2025-01-31','2025-01-31','majburiy','3','2025-01-31','2025-02-03');
INSERT INTO "topshiriqs_topshiriq" VALUES('1858af437d164f32897fa0d53932e368','2025-01-31','2025-01-31','majburiy','3','2025-01-31','2025-02-03');
CREATE UNIQUE INDEX "django_content_type_app_label_model_76bd3d3b_uniq" ON "django_content_type" ("app_label", "model");
CREATE UNIQUE INDEX "auth_group_permissions_group_id_permission_id_0cd325b0_uniq" ON "auth_group_permissions" ("group_id", "permission_id");
CREATE INDEX IF NOT EXISTS "auth_group_permissions_group_id_b120cbf9" ON "auth_group_permissions" ("group_id");
CREATE INDEX IF NOT EXISTS "auth_group_permissions_permission_id_84c5c92e" ON "auth_group_permissions" ("permission_id");
CREATE UNIQUE INDEX "auth_permission_content_type_id_codename_01ab375a_uniq" ON "auth_permission" ("content_type_id", "codename");
CREATE INDEX IF NOT EXISTS "auth_permission_content_type_id_2f476e4b" ON "auth_permission" ("content_type_id");
CREATE INDEX IF NOT EXISTS "users_users_fakultet_id_5899e7a5" ON "users_users" ("fakultet_id");
CREATE UNIQUE INDEX "users_users_groups_users_id_group_id_02603a5e_uniq" ON "users_users_groups" ("users_id", "group_id");
CREATE INDEX IF NOT EXISTS "users_users_groups_users_id_5572cf36" ON "users_users_groups" ("users_id");
CREATE INDEX IF NOT EXISTS "users_users_groups_group_id_3e15ff0f" ON "users_users_groups" ("group_id");
CREATE UNIQUE INDEX "users_users_user_permissions_users_id_permission_id_119659d5_uniq" ON "users_users_user_permissions" ("users_id", "permission_id");
CREATE INDEX IF NOT EXISTS "users_users_user_permissions_users_id_04010ba6" ON "users_users_user_permissions" ("users_id");
CREATE INDEX IF NOT EXISTS "users_users_user_permissions_permission_id_9a117d64" ON "users_users_user_permissions" ("permission_id");
CREATE INDEX IF NOT EXISTS "django_admin_log_content_type_id_c4bce8eb" ON "django_admin_log" ("content_type_id");
CREATE INDEX IF NOT EXISTS "django_admin_log_user_id_c564eba6" ON "django_admin_log" ("user_id");
CREATE INDEX IF NOT EXISTS "django_session_expire_date_a5c62663" ON "django_session" ("expire_date");
CREATE UNIQUE INDEX "topshiriqs_topshiriq_users_topshiriq_id_users_id_43728bee_uniq" ON "topshiriqs_topshiriq_users" ("topshiriq_id", "users_id");
CREATE INDEX IF NOT EXISTS "topshiriqs_topshiriq_users_topshiriq_id_3495ca95" ON "topshiriqs_topshiriq_users" ("topshiriq_id");
CREATE INDEX IF NOT EXISTS "topshiriqs_topshiriq_users_users_id_bdac511d" ON "topshiriqs_topshiriq_users" ("users_id");
CREATE INDEX IF NOT EXISTS "topshiriqs_qoshimchatopshiriq_user_id_1a489478" ON "topshiriqs_qoshimchatopshiriq" ("user_id");
CREATE INDEX IF NOT EXISTS "topshiriqs_qoshimchatopshiriq_topshiriq_id_46fe60c3" ON "topshiriqs_qoshimchatopshiriq" ("topshiriq_id");
CREATE INDEX IF NOT EXISTS "topshiriqs_majburiytopshiriq_user_id_7563b9eb" ON "topshiriqs_majburiytopshiriq" ("user_id");
CREATE INDEX IF NOT EXISTS "topshiriqs_majburiytopshiriq_topshiriq_id_00197fb1" ON "topshiriqs_majburiytopshiriq" ("topshiriq_id");
CREATE UNIQUE INDEX "topshiriq_topshiriq_topshiriq_users_topshiriq_id_users_id_9df7825a_uniq" ON "topshiriq_topshiriq_topshiriq_users" ("topshiriq_id", "users_id");
CREATE INDEX IF NOT EXISTS "topshiriq_topshiriq_topshiriq_users_topshiriq_id_5dd32f78" ON "topshiriq_topshiriq_topshiriq_users" ("topshiriq_id");
CREATE INDEX IF NOT EXISTS "topshiriq_topshiriq_topshiriq_users_users_id_c5e10809" ON "topshiriq_topshiriq_topshiriq_users" ("users_id");
CREATE INDEX IF NOT EXISTS "topshiriq_majburiytopshiriq_user_id_bc19da0e" ON "topshiriq_majburiytopshiriq" ("user_id");
CREATE INDEX IF NOT EXISTS "topshiriq_majburiytopshiriq_topshiriq_id_6a375b5e" ON "topshiriq_majburiytopshiriq" ("topshiriq_id");
CREATE INDEX IF NOT EXISTS "topshiriq_qoshimchatopshiriq_user_id_ddeb336f" ON "topshiriq_qoshimchatopshiriq" ("user_id");
CREATE INDEX IF NOT EXISTS "topshiriq_qoshimchatopshiriq_topshiriq_id_1763c045" ON "topshiriq_qoshimchatopshiriq" ("topshiriq_id");
CREATE INDEX IF NOT EXISTS "topshiriq_topshiriq_admin_user_id_375d331e" ON "topshiriq_topshiriq" ("admin_user_id");
CREATE INDEX IF NOT EXISTS "topshiriq_ozsohasidatopshiriq_user_id_1907d4e6" ON "topshiriq_ozsohasidatopshiriq" ("user_id");
CREATE INDEX IF NOT EXISTS "topshiriq_ozxohishibilantopshiriq_user_id_86076857" ON "topshiriq_ozxohishibilantopshiriq" ("user_id");
CREATE UNIQUE INDEX "django_celery_beat_solarschedule_event_latitude_longitude_ba64999a_uniq" ON "django_celery_beat_solarschedule" ("event", "latitude", "longitude");
CREATE INDEX IF NOT EXISTS "django_celery_beat_periodictask_crontab_id_d3cba168" ON "django_celery_beat_periodictask" ("crontab_id");
CREATE INDEX IF NOT EXISTS "django_celery_beat_periodictask_interval_id_a8ca27da" ON "django_celery_beat_periodictask" ("interval_id");
CREATE INDEX IF NOT EXISTS "django_celery_beat_periodictask_solar_id_a87ce72c" ON "django_celery_beat_periodictask" ("solar_id");
CREATE INDEX IF NOT EXISTS "django_celery_beat_periodictask_clocked_id_47a69f82" ON "django_celery_beat_periodictask" ("clocked_id");
CREATE TABLE IF NOT EXISTS "topshiriqs_topshiriq_users" ("id" integer NOT NULL PRIMARY KEY AUTOINCREMENT, "topshiriq_id" char(32) NOT NULL REFERENCES "topshiriqs_topshiriq" ("id") DEFERRABLE INITIALLY DEFERRED, "users_id" char(32) NOT NULL REFERENCES "users_users" ("id") DEFERRABLE INITIALLY DEFERRED);
INSERT INTO "topshiriqs_topshiriq_users" VALUES(1,'1858af437d164f32897fa0d53932e368','513c30d30c3e47099f55950a434726ca');
INSERT INTO "topshiriqs_topshiriq_users" VALUES(2,'1858af437d164f32897fa0d53932e368','7960d47b347e4b59871dfdd2af8c1715');
INSERT INTO "topshiriqs_topshiriq_users" VALUES(3,'3cd2e7b5f1854f7db832a97296693711','dd933ec578e44bf09a9c9251e8f7b20c');
INSERT INTO "topshiriqs_topshiriq_users" VALUES(4,'3cd2e7b5f1854f7db832a97296693711','513c30d30c3e47099f55950a434726ca');
INSERT INTO "topshiriqs_topshiriq_users" VALUES(5,'3cd2e7b5f1854f7db832a97296693711','10832be04cf84fcb89da547afffac19b');
INSERT INTO "topshiriqs_topshiriq_users" VALUES(6,'3cd2e7b5f1854f7db832a97296693711','7960d47b347e4b59871dfdd2af8c1715');
INSERT INTO "topshiriqs_topshiriq_users" VALUES(7,'1f0e4ae516944091851db191601e0204','dd933ec578e44bf09a9c9251e8f7b20c');
INSERT INTO "topshiriqs_topshiriq_users" VALUES(8,'1f0e4ae516944091851db191601e0204','513c30d30c3e47099f55950a434726ca');
INSERT INTO "topshiriqs_topshiriq_users" VALUES(9,'1f0e4ae516944091851db191601e0204','10832be04cf84fcb89da547afffac19b');
INSERT INTO "topshiriqs_topshiriq_users" VALUES(10,'1f0e4ae516944091851db191601e0204','7960d47b347e4b59871dfdd2af8c1715');
INSERT INTO "topshiriqs_topshiriq_users" VALUES(11,'1858af437d164f32897fa0d53932e368','dd933ec578e44bf09a9c9251e8f7b20c');
INSERT INTO "topshiriqs_topshiriq_users" VALUES(12,'1858af437d164f32897fa0d53932e368','10832be04cf84fcb89da547afffac19b');
CREATE UNIQUE INDEX "django_content_type_app_label_model_76bd3d3b_uniq" ON "django_content_type" ("app_label", "model");
CREATE UNIQUE INDEX "auth_group_permissions_group_id_permission_id_0cd325b0_uniq" ON "auth_group_permissions" ("group_id", "permission_id");
CREATE INDEX IF NOT EXISTS "auth_group_permissions_group_id_b120cbf9" ON "auth_group_permissions" ("group_id");
CREATE INDEX IF NOT EXISTS "auth_group_permissions_permission_id_84c5c92e" ON "auth_group_permissions" ("permission_id");
CREATE UNIQUE INDEX "auth_permission_content_type_id_codename_01ab375a_uniq" ON "auth_permission" ("content_type_id", "codename");
CREATE INDEX IF NOT EXISTS "auth_permission_content_type_id_2f476e4b" ON "auth_permission" ("content_type_id");
CREATE INDEX IF NOT EXISTS "users_users_fakultet_id_5899e7a5" ON "users_users" ("fakultet_id");
CREATE UNIQUE INDEX "users_users_groups_users_id_group_id_02603a5e_uniq" ON "users_users_groups" ("users_id", "group_id");
CREATE INDEX IF NOT EXISTS "users_users_groups_users_id_5572cf36" ON "users_users_groups" ("users_id");
CREATE INDEX IF NOT EXISTS "users_users_groups_group_id_3e15ff0f" ON "users_users_groups" ("group_id");
CREATE UNIQUE INDEX "users_users_user_permissions_users_id_permission_id_119659d5_uniq" ON "users_users_user_permissions" ("users_id", "permission_id");
CREATE INDEX IF NOT EXISTS "users_users_user_permissions_users_id_04010ba6" ON "users_users_user_permissions" ("users_id");
CREATE INDEX IF NOT EXISTS "users_users_user_permissions_permission_id_9a117d64" ON "users_users_user_permissions" ("permission_id");
CREATE INDEX IF NOT EXISTS "django_admin_log_content_type_id_c4bce8eb" ON "django_admin_log" ("content_type_id");
CREATE INDEX IF NOT EXISTS "django_admin_log_user_id_c564eba6" ON "django_admin_log" ("user_id");
CREATE INDEX IF NOT EXISTS "django_session_expire_date_a5c62663" ON "django_session" ("expire_date");
CREATE UNIQUE INDEX "topshiriqs_topshiriq_users_topshiriq_id_users_id_43728bee_uniq" ON "topshiriqs_topshiriq_users" ("topshiriq_id", "users_id");
CREATE INDEX IF NOT EXISTS "topshiriqs_topshiriq_users_topshiriq_id_3495ca95" ON "topshiriqs_topshiriq_users" ("topshiriq_id");
CREATE INDEX IF NOT EXISTS "topshiriqs_topshiriq_users_users_id_bdac511d" ON "topshiriqs_topshiriq_users" ("users_id");
CREATE INDEX IF NOT EXISTS "topshiriqs_qoshimchatopshiriq_user_id_1a489478" ON "topshiriqs_qoshimchatopshiriq" ("user_id");
CREATE INDEX IF NOT EXISTS "topshiriqs_qoshimchatopshiriq_topshiriq_id_46fe60c3" ON "topshiriqs_qoshimchatopshiriq" ("topshiriq_id");
CREATE INDEX IF NOT EXISTS "topshiriqs_majburiytopshiriq_user_id_7563b9eb" ON "topshiriqs_majburiytopshiriq" ("user_id");
CREATE INDEX IF NOT EXISTS "topshiriqs_majburiytopshiriq_topshiriq_id_00197fb1" ON "topshiriqs_majburiytopshiriq" ("topshiriq_id");
CREATE UNIQUE INDEX "topshiriq_topshiriq_topshiriq_users_topshiriq_id_users_id_9df7825a_uniq" ON "topshiriq_topshiriq_topshiriq_users" ("topshiriq_id", "users_id");
CREATE INDEX IF NOT EXISTS "topshiriq_topshiriq_topshiriq_users_topshiriq_id_5dd32f78" ON "topshiriq_topshiriq_topshiriq_users" ("topshiriq_id");
CREATE INDEX IF NOT EXISTS "topshiriq_topshiriq_topshiriq_users_users_id_c5e10809" ON "topshiriq_topshiriq_topshiriq_users" ("users_id");
CREATE INDEX IF NOT EXISTS "topshiriq_majburiytopshiriq_user_id_bc19da0e" ON "topshiriq_majburiytopshiriq" ("user_id");
CREATE INDEX IF NOT EXISTS "topshiriq_majburiytopshiriq_topshiriq_id_6a375b5e" ON "topshiriq_majburiytopshiriq" ("topshiriq_id");
CREATE INDEX IF NOT EXISTS "topshiriq_qoshimchatopshiriq_user_id_ddeb336f" ON "topshiriq_qoshimchatopshiriq" ("user_id");
CREATE INDEX IF NOT EXISTS "topshiriq_qoshimchatopshiriq_topshiriq_id_1763c045" ON "topshiriq_qoshimchatopshiriq" ("topshiriq_id");
CREATE INDEX IF NOT EXISTS "topshiriq_topshiriq_admin_user_id_375d331e" ON "topshiriq_topshiriq" ("admin_user_id");
CREATE INDEX IF NOT EXISTS "topshiriq_ozsohasidatopshiriq_user_id_1907d4e6" ON "topshiriq_ozsohasidatopshiriq" ("user_id");
CREATE INDEX IF NOT EXISTS "topshiriq_ozxohishibilantopshiriq_user_id_86076857" ON "topshiriq_ozxohishibilantopshiriq" ("user_id");
CREATE UNIQUE INDEX "django_celery_beat_solarschedule_event_latitude_longitude_ba64999a_uniq" ON "django_celery_beat_solarschedule" ("event", "latitude", "longitude");
CREATE INDEX IF NOT EXISTS "django_celery_beat_periodictask_crontab_id_d3cba168" ON "django_celery_beat_periodictask" ("crontab_id");
CREATE INDEX IF NOT EXISTS "django_celery_beat_periodictask_interval_id_a8ca27da" ON "django_celery_beat_periodictask" ("interval_id");
CREATE INDEX IF NOT EXISTS "django_celery_beat_periodictask_solar_id_a87ce72c" ON "django_celery_beat_periodictask" ("solar_id");
CREATE INDEX IF NOT EXISTS "django_celery_beat_periodictask_clocked_id_47a69f82" ON "django_celery_beat_periodictask" ("clocked_id");
CREATE TABLE IF NOT EXISTS "users_fakultets" ("id" char(32) NOT NULL PRIMARY KEY, "created_at" datetime NOT NULL, "name" varchar(255) NOT NULL, "updated_at" datetime NOT NULL);
INSERT INTO "users_fakultets" VALUES('4edfe3aadc3249b6b1e03775a431d88a','2025-02-01 08:41:09.463640','Asosiy','2025-02-01 08:41:09.463672');
INSERT INTO "users_fakultets" VALUES('8fd4ab6306e94c08911e1d4c88d0a0e6','2025-02-07 06:05:20.914450','Matematika','2025-02-07 06:05:20.914506');
INSERT INTO "users_fakultets" VALUES('cdbd279ff4c54520a69d2e3aeeb23e8b','2025-02-07 06:05:24.947799','Tarix','2025-02-07 06:05:24.947899');
INSERT INTO "users_fakultets" VALUES('1486cee9edf7465a98049ab225e71bb6','2025-02-07 06:05:32.484980','Tabiiy fanlar','2025-02-07 06:05:32.485029');
INSERT INTO "users_fakultets" VALUES('8dc30065015a4caa9f7fd1b30722c030','2025-02-07 06:05:40.232981','Aniq fanlar','2025-02-07 06:05:40.233029');
INSERT INTO "users_fakultets" VALUES('66e602a0da4e4ebf802559f88ca57a87','2025-02-07 06:05:46.209413','San''at','2025-02-07 06:05:46.209462');
INSERT INTO "users_fakultets" VALUES('9aa1d88b67e94dcf9a4042f2b1e92531','2025-02-07 06:06:00.643505','Boshlang''ich ta''lim','2025-02-07 06:06:00.643537');
INSERT INTO "users_fakultets" VALUES('4bb5b63538e74ef1b71175ec54144dc0','2025-02-07 06:06:12.118874','Maktabgacha ta''lim','2025-02-07 06:06:12.118920');
CREATE UNIQUE INDEX "django_content_type_app_label_model_76bd3d3b_uniq" ON "django_content_type" ("app_label", "model");
CREATE UNIQUE INDEX "auth_group_permissions_group_id_permission_id_0cd325b0_uniq" ON "auth_group_permissions" ("group_id", "permission_id");
CREATE INDEX IF NOT EXISTS "auth_group_permissions_group_id_b120cbf9" ON "auth_group_permissions" ("group_id");
CREATE INDEX IF NOT EXISTS "auth_group_permissions_permission_id_84c5c92e" ON "auth_group_permissions" ("permission_id");
CREATE UNIQUE INDEX "auth_permission_content_type_id_codename_01ab375a_uniq" ON "auth_permission" ("content_type_id", "codename");
CREATE INDEX IF NOT EXISTS "auth_permission_content_type_id_2f476e4b" ON "auth_permission" ("content_type_id");
CREATE INDEX IF NOT EXISTS "users_users_fakultet_id_5899e7a5" ON "users_users" ("fakultet_id");
CREATE UNIQUE INDEX "users_users_groups_users_id_group_id_02603a5e_uniq" ON "users_users_groups" ("users_id", "group_id");
CREATE INDEX IF NOT EXISTS "users_users_groups_users_id_5572cf36" ON "users_users_groups" ("users_id");
CREATE INDEX IF NOT EXISTS "users_users_groups_group_id_3e15ff0f" ON "users_users_groups" ("group_id");
CREATE UNIQUE INDEX "users_users_user_permissions_users_id_permission_id_119659d5_uniq" ON "users_users_user_permissions" ("users_id", "permission_id");
CREATE INDEX IF NOT EXISTS "users_users_user_permissions_users_id_04010ba6" ON "users_users_user_permissions" ("users_id");
CREATE INDEX IF NOT EXISTS "users_users_user_permissions_permission_id_9a117d64" ON "users_users_user_permissions" ("permission_id");
CREATE INDEX IF NOT EXISTS "django_admin_log_content_type_id_c4bce8eb" ON "django_admin_log" ("content_type_id");
CREATE INDEX IF NOT EXISTS "django_admin_log_user_id_c564eba6" ON "django_admin_log" ("user_id");
CREATE INDEX IF NOT EXISTS "django_session_expire_date_a5c62663" ON "django_session" ("expire_date");
CREATE UNIQUE INDEX "topshiriqs_topshiriq_users_topshiriq_id_users_id_43728bee_uniq" ON "topshiriqs_topshiriq_users" ("topshiriq_id", "users_id");
CREATE INDEX IF NOT EXISTS "topshiriqs_topshiriq_users_topshiriq_id_3495ca95" ON "topshiriqs_topshiriq_users" ("topshiriq_id");
CREATE INDEX IF NOT EXISTS "topshiriqs_topshiriq_users_users_id_bdac511d" ON "topshiriqs_topshiriq_users" ("users_id");
CREATE INDEX IF NOT EXISTS "topshiriqs_qoshimchatopshiriq_user_id_1a489478" ON "topshiriqs_qoshimchatopshiriq" ("user_id");
CREATE INDEX IF NOT EXISTS "topshiriqs_qoshimchatopshiriq_topshiriq_id_46fe60c3" ON "topshiriqs_qoshimchatopshiriq" ("topshiriq_id");
CREATE INDEX IF NOT EXISTS "topshiriqs_majburiytopshiriq_user_id_7563b9eb" ON "topshiriqs_majburiytopshiriq" ("user_id");
CREATE INDEX IF NOT EXISTS "topshiriqs_majburiytopshiriq_topshiriq_id_00197fb1" ON "topshiriqs_majburiytopshiriq" ("topshiriq_id");
CREATE UNIQUE INDEX "topshiriq_topshiriq_topshiriq_users_topshiriq_id_users_id_9df7825a_uniq" ON "topshiriq_topshiriq_topshiriq_users" ("topshiriq_id", "users_id");
CREATE INDEX IF NOT EXISTS "topshiriq_topshiriq_topshiriq_users_topshiriq_id_5dd32f78" ON "topshiriq_topshiriq_topshiriq_users" ("topshiriq_id");
CREATE INDEX IF NOT EXISTS "topshiriq_topshiriq_topshiriq_users_users_id_c5e10809" ON "topshiriq_topshiriq_topshiriq_users" ("users_id");
CREATE INDEX IF NOT EXISTS "topshiriq_majburiytopshiriq_user_id_bc19da0e" ON "topshiriq_majburiytopshiriq" ("user_id");
CREATE INDEX IF NOT EXISTS "topshiriq_majburiytopshiriq_topshiriq_id_6a375b5e" ON "topshiriq_majburiytopshiriq" ("topshiriq_id");
CREATE INDEX IF NOT EXISTS "topshiriq_qoshimchatopshiriq_user_id_ddeb336f" ON "topshiriq_qoshimchatopshiriq" ("user_id");
CREATE INDEX IF NOT EXISTS "topshiriq_qoshimchatopshiriq_topshiriq_id_1763c045" ON "topshiriq_qoshimchatopshiriq" ("topshiriq_id");
CREATE INDEX IF NOT EXISTS "topshiriq_topshiriq_admin_user_id_375d331e" ON "topshiriq_topshiriq" ("admin_user_id");
CREATE INDEX IF NOT EXISTS "topshiriq_ozsohasidatopshiriq_user_id_1907d4e6" ON "topshiriq_ozsohasidatopshiriq" ("user_id");
CREATE INDEX IF NOT EXISTS "topshiriq_ozxohishibilantopshiriq_user_id_86076857" ON "topshiriq_ozxohishibilantopshiriq" ("user_id");
CREATE UNIQUE INDEX "django_celery_beat_solarschedule_event_latitude_longitude_ba64999a_uniq" ON "django_celery_beat_solarschedule" ("event", "latitude", "longitude");
CREATE INDEX IF NOT EXISTS "django_celery_beat_periodictask_crontab_id_d3cba168" ON "django_celery_beat_periodictask" ("crontab_id");
CREATE INDEX IF NOT EXISTS "django_celery_beat_periodictask_interval_id_a8ca27da" ON "django_celery_beat_periodictask" ("interval_id");
CREATE INDEX IF NOT EXISTS "django_celery_beat_periodictask_solar_id_a87ce72c" ON "django_celery_beat_periodictask" ("solar_id");
CREATE INDEX IF NOT EXISTS "django_celery_beat_periodictask_clocked_id_47a69f82" ON "django_celery_beat_periodictask" ("clocked_id");
CREATE TABLE IF NOT EXISTS "users_users" ("password" varchar(128) NOT NULL, "last_login" datetime NULL, "is_superuser" bool NOT NULL, "username" varchar(150) NOT NULL UNIQUE, "first_name" varchar(150) NOT NULL, "last_name" varchar(150) NOT NULL, "email" varchar(254) NOT NULL, "is_staff" bool NOT NULL, "is_active" bool NOT NULL, "date_joined" datetime NOT NULL, "id" char(32) NOT NULL PRIMARY KEY, "role" varchar(30) NOT NULL, "rasm" varchar(100) NOT NULL, "parol" varchar(255) NOT NULL, "fakultet_id" char(32) NULL REFERENCES "users_fakultets" ("id") DEFERRABLE INITIALLY DEFERRED);
INSERT INTO "users_users" VALUES('pbkdf2_sha256$870000$Lvk652DZDo8qLI27kKvoAi$I1xzpP3PkUkqutKO6PuBFCToFn/JS91ruCkscp0156A=','2025-02-14 14:35:45.316030',1,'haker','','','',1,1,'2025-01-31 06:43:20','10832be04cf84fcb89da547afffac19b','superadmin','','',NULL);
INSERT INTO "users_users" VALUES('pbkdf2_sha256$870000$8x8YyWKOpBViKFytIbbS9h$lH1ZsizFl5SJeAj4EWJVpuCrbeEcFD3D9P+NjgwtmkM=',NULL,0,'admin','admin','admin','',0,1,'2025-01-31 06:48:39','dd933ec578e44bf09a9c9251e8f7b20c','admin','','admin123','9aa1d88b67e94dcf9a4042f2b1e92531');
INSERT INTO "users_users" VALUES('pbkdf2_sha256$870000$L1ZyF3XxMWXFqDcUpXqKGj$tbM38/t/Z2+LNEtLSRiXz+A0Kq6arhWXOYHt3AXaUWc=',NULL,0,'tyutor','tyutor','tyutor','',0,1,'2025-01-31 06:50:02','7960d47b347e4b59871dfdd2af8c1715','tyutor','','admin123','4edfe3aadc3249b6b1e03775a431d88a');
INSERT INTO "users_users" VALUES('pbkdf2_sha256$870000$iMGFLnnjpKiphiHcYHc6WH$FE2hvfnTXQ0M3iKRqvxmf+bDW3Gk252pcUD1SDgels4=',NULL,0,'tyutor1','tyutor','tyutor','',0,1,'2025-01-31 06:51:00','513c30d30c3e47099f55950a434726ca','tyutor','','admin123','4edfe3aadc3249b6b1e03775a431d88a');
INSERT INTO "users_users" VALUES('pbkdf2_sha256$870000$emFPPjfe5KqwnQ7KEt8P93$FcPDAKU7kcoGsjGdHruGmVUHtuq6q5qFta6hUBm7KW4=',NULL,0,'superadmin','superadmin','superadmin','',0,1,'2025-01-31 09:27:49','26b5ff947e114ad491a1dfa8d5090d21','superadmin','','admin123','4edfe3aadc3249b6b1e03775a431d88a');
INSERT INTO "users_users" VALUES('pbkdf2_sha256$870000$OFNyxOXmYjxSAFpdVjNIxU$z7o6IV8d/CNznmSu1tijDeD1Acd7kLePKSjuzbBimF0=',NULL,0,'tutor1','Abdulla','Palonchiyev','',0,1,'2025-02-07 06:06:36.990486','ca715b006c1f446ab12f7d30446ffc29','tutor','','tutor1','4bb5b63538e74ef1b71175ec54144dc0');
INSERT INTO "users_users" VALUES('pbkdf2_sha256$870000$0WKQ0MhsjOSD05yn9jHhXt$ijpEePgznilvG2i9Ti4y9NtCaiaq5gxVMElDRYl5MTA=',NULL,0,'tutor2','Azo3','Ilyosjonova','',0,1,'2025-02-07 06:06:55.700342','259e79e3b56a48d3b3b48a42cc1581c2','tutor','','tutor2','4bb5b63538e74ef1b71175ec54144dc0');
INSERT INTO "users_users" VALUES('pbkdf2_sha256$870000$RhF1L4553mlxiJ7xyVWyNC$UmSRPgRcqK2ARX1+tV4P4Rdb9DgBxG2BcAq/bdH/DS0=',NULL,0,'tutor3','Zokir','Tuychiyev','',0,1,'2025-02-07 06:07:17.629531','db46ee9ab7e640fea845c6a69fb16067','tutor','','tutor3','4bb5b63538e74ef1b71175ec54144dc0');
INSERT INTO "users_users" VALUES('pbkdf2_sha256$870000$h2T6YesNKVKETkt9gg64Ie$jOAVjKZp6mCCj+2KUnXzeNq83CiSw7117W0ims+/tV0=',NULL,0,'tutor4','Azimjon','Meliboev','',0,1,'2025-02-07 06:07:42.330910','ba2297c701994cf7aeda7bd104f51722','tutor','','tutor4','9aa1d88b67e94dcf9a4042f2b1e92531');
INSERT INTO "users_users" VALUES('pbkdf2_sha256$870000$3oXryTt2lX0ZLDmVoATmT1$QYNag2oGjRb8qUrmc9TEkyyPIUBLRIXIWTG16tAXhQc=',NULL,0,'tutor5','Umida','Ilyosjonova','',0,1,'2025-02-07 06:08:06.234279','bf1ce7993d7f4025818a9c4db8647991','tutor','','tutor5','9aa1d88b67e94dcf9a4042f2b1e92531');
CREATE UNIQUE INDEX "django_content_type_app_label_model_76bd3d3b_uniq" ON "django_content_type" ("app_label", "model");
CREATE UNIQUE INDEX "auth_group_permissions_group_id_permission_id_0cd325b0_uniq" ON "auth_group_permissions" ("group_id", "permission_id");
CREATE INDEX IF NOT EXISTS "auth_group_permissions_group_id_b120cbf9" ON "auth_group_permissions" ("group_id");
CREATE INDEX IF NOT EXISTS "auth_group_permissions_permission_id_84c5c92e" ON "auth_group_permissions" ("permission_id");
CREATE UNIQUE INDEX "auth_permission_content_type_id_codename_01ab375a_uniq" ON "auth_permission" ("content_type_id", "codename");
CREATE INDEX IF NOT EXISTS "auth_permission_content_type_id_2f476e4b" ON "auth_permission" ("content_type_id");
CREATE INDEX IF NOT EXISTS "users_users_fakultet_id_5899e7a5" ON "users_users" ("fakultet_id");
CREATE UNIQUE INDEX "users_users_groups_users_id_group_id_02603a5e_uniq" ON "users_users_groups" ("users_id", "group_id");
CREATE INDEX IF NOT EXISTS "users_users_groups_users_id_5572cf36" ON "users_users_groups" ("users_id");
CREATE INDEX IF NOT EXISTS "users_users_groups_group_id_3e15ff0f" ON "users_users_groups" ("group_id");
CREATE UNIQUE INDEX "users_users_user_permissions_users_id_permission_id_119659d5_uniq" ON "users_users_user_permissions" ("users_id", "permission_id");
CREATE INDEX IF NOT EXISTS "users_users_user_permissions_users_id_04010ba6" ON "users_users_user_permissions" ("users_id");
CREATE INDEX IF NOT EXISTS "users_users_user_permissions_permission_id_9a117d64" ON "users_users_user_permissions" ("permission_id");
CREATE INDEX IF NOT EXISTS "django_admin_log_content_type_id_c4bce8eb" ON "django_admin_log" ("content_type_id");
CREATE INDEX IF NOT EXISTS "django_admin_log_user_id_c564eba6" ON "django_admin_log" ("user_id");
CREATE INDEX IF NOT EXISTS "django_session_expire_date_a5c62663" ON "django_session" ("expire_date");
CREATE UNIQUE INDEX "topshiriqs_topshiriq_users_topshiriq_id_users_id_43728bee_uniq" ON "topshiriqs_topshiriq_users" ("topshiriq_id", "users_id");
CREATE INDEX IF NOT EXISTS "topshiriqs_topshiriq_users_topshiriq_id_3495ca95" ON "topshiriqs_topshiriq_users" ("topshiriq_id");
CREATE INDEX IF NOT EXISTS "topshiriqs_topshiriq_users_users_id_bdac511d" ON "topshiriqs_topshiriq_users" ("users_id");
CREATE INDEX IF NOT EXISTS "topshiriqs_qoshimchatopshiriq_user_id_1a489478" ON "topshiriqs_qoshimchatopshiriq" ("user_id");
CREATE INDEX IF NOT EXISTS "topshiriqs_qoshimchatopshiriq_topshiriq_id_46fe60c3" ON "topshiriqs_qoshimchatopshiriq" ("topshiriq_id");
CREATE INDEX IF NOT EXISTS "topshiriqs_majburiytopshiriq_user_id_7563b9eb" ON "topshiriqs_majburiytopshiriq" ("user_id");
CREATE INDEX IF NOT EXISTS "topshiriqs_majburiytopshiriq_topshiriq_id_00197fb1" ON "topshiriqs_majburiytopshiriq" ("topshiriq_id");
CREATE UNIQUE INDEX "topshiriq_topshiriq_topshiriq_users_topshiriq_id_users_id_9df7825a_uniq" ON "topshiriq_topshiriq_topshiriq_users" ("topshiriq_id", "users_id");
CREATE INDEX IF NOT EXISTS "topshiriq_topshiriq_topshiriq_users_topshiriq_id_5dd32f78" ON "topshiriq_topshiriq_topshiriq_users" ("topshiriq_id");
CREATE INDEX IF NOT EXISTS "topshiriq_topshiriq_topshiriq_users_users_id_c5e10809" ON "topshiriq_topshiriq_topshiriq_users" ("users_id");
CREATE INDEX IF NOT EXISTS "topshiriq_majburiytopshiriq_user_id_bc19da0e" ON "topshiriq_majburiytopshiriq" ("user_id");
CREATE INDEX IF NOT EXISTS "topshiriq_majburiytopshiriq_topshiriq_id_6a375b5e" ON "topshiriq_majburiytopshiriq" ("topshiriq_id");
CREATE INDEX IF NOT EXISTS "topshiriq_qoshimchatopshiriq_user_id_ddeb336f" ON "topshiriq_qoshimchatopshiriq" ("user_id");
CREATE INDEX IF NOT EXISTS "topshiriq_qoshimchatopshiriq_topshiriq_id_1763c045" ON "topshiriq_qoshimchatopshiriq" ("topshiriq_id");
CREATE INDEX IF NOT EXISTS "topshiriq_topshiriq_admin_user_id_375d331e" ON "topshiriq_topshiriq" ("admin_user_id");
CREATE INDEX IF NOT EXISTS "topshiriq_ozsohasidatopshiriq_user_id_1907d4e6" ON "topshiriq_ozsohasidatopshiriq" ("user_id");
CREATE INDEX IF NOT EXISTS "topshiriq_ozxohishibilantopshiriq_user_id_86076857" ON "topshiriq_ozxohishibilantopshiriq" ("user_id");
CREATE UNIQUE INDEX "django_celery_beat_solarschedule_event_latitude_longitude_ba64999a_uniq" ON "django_celery_beat_solarschedule" ("event", "latitude", "longitude");
CREATE INDEX IF NOT EXISTS "django_celery_beat_periodictask_crontab_id_d3cba168" ON "django_celery_beat_periodictask" ("crontab_id");
CREATE INDEX IF NOT EXISTS "django_celery_beat_periodictask_interval_id_a8ca27da" ON "django_celery_beat_periodictask" ("interval_id");
CREATE INDEX IF NOT EXISTS "django_celery_beat_periodictask_solar_id_a87ce72c" ON "django_celery_beat_periodictask" ("solar_id");
CREATE INDEX IF NOT EXISTS "django_celery_beat_periodictask_clocked_id_47a69f82" ON "django_celery_beat_periodictask" ("clocked_id");
CREATE TABLE IF NOT EXISTS "users_users_groups" ("id" integer NOT NULL PRIMARY KEY AUTOINCREMENT, "users_id" char(32) NOT NULL REFERENCES "users_users" ("id") DEFERRABLE INITIALLY DEFERRED, "group_id" integer NOT NULL REFERENCES "auth_group" ("id") DEFERRABLE INITIALLY DEFERRED);
CREATE UNIQUE INDEX "django_content_type_app_label_model_76bd3d3b_uniq" ON "django_content_type" ("app_label", "model");
CREATE UNIQUE INDEX "auth_group_permissions_group_id_permission_id_0cd325b0_uniq" ON "auth_group_permissions" ("group_id", "permission_id");
CREATE INDEX IF NOT EXISTS "auth_group_permissions_group_id_b120cbf9" ON "auth_group_permissions" ("group_id");
CREATE INDEX IF NOT EXISTS "auth_group_permissions_permission_id_84c5c92e" ON "auth_group_permissions" ("permission_id");
CREATE UNIQUE INDEX "auth_permission_content_type_id_codename_01ab375a_uniq" ON "auth_permission" ("content_type_id", "codename");
CREATE INDEX IF NOT EXISTS "auth_permission_content_type_id_2f476e4b" ON "auth_permission" ("content_type_id");
CREATE INDEX IF NOT EXISTS "users_users_fakultet_id_5899e7a5" ON "users_users" ("fakultet_id");
CREATE UNIQUE INDEX "users_users_groups_users_id_group_id_02603a5e_uniq" ON "users_users_groups" ("users_id", "group_id");
CREATE INDEX IF NOT EXISTS "users_users_groups_users_id_5572cf36" ON "users_users_groups" ("users_id");
CREATE INDEX IF NOT EXISTS "users_users_groups_group_id_3e15ff0f" ON "users_users_groups" ("group_id");
CREATE UNIQUE INDEX "users_users_user_permissions_users_id_permission_id_119659d5_uniq" ON "users_users_user_permissions" ("users_id", "permission_id");
CREATE INDEX IF NOT EXISTS "users_users_user_permissions_users_id_04010ba6" ON "users_users_user_permissions" ("users_id");
CREATE INDEX IF NOT EXISTS "users_users_user_permissions_permission_id_9a117d64" ON "users_users_user_permissions" ("permission_id");
CREATE INDEX IF NOT EXISTS "django_admin_log_content_type_id_c4bce8eb" ON "django_admin_log" ("content_type_id");
CREATE INDEX IF NOT EXISTS "django_admin_log_user_id_c564eba6" ON "django_admin_log" ("user_id");
CREATE INDEX IF NOT EXISTS "django_session_expire_date_a5c62663" ON "django_session" ("expire_date");
CREATE UNIQUE INDEX "topshiriqs_topshiriq_users_topshiriq_id_users_id_43728bee_uniq" ON "topshiriqs_topshiriq_users" ("topshiriq_id", "users_id");
CREATE INDEX IF NOT EXISTS "topshiriqs_topshiriq_users_topshiriq_id_3495ca95" ON "topshiriqs_topshiriq_users" ("topshiriq_id");
CREATE INDEX IF NOT EXISTS "topshiriqs_topshiriq_users_users_id_bdac511d" ON "topshiriqs_topshiriq_users" ("users_id");
CREATE INDEX IF NOT EXISTS "topshiriqs_qoshimchatopshiriq_user_id_1a489478" ON "topshiriqs_qoshimchatopshiriq" ("user_id");
CREATE INDEX IF NOT EXISTS "topshiriqs_qoshimchatopshiriq_topshiriq_id_46fe60c3" ON "topshiriqs_qoshimchatopshiriq" ("topshiriq_id");
CREATE INDEX IF NOT EXISTS "topshiriqs_majburiytopshiriq_user_id_7563b9eb" ON "topshiriqs_majburiytopshiriq" ("user_id");
CREATE INDEX IF NOT EXISTS "topshiriqs_majburiytopshiriq_topshiriq_id_00197fb1" ON "topshiriqs_majburiytopshiriq" ("topshiriq_id");
CREATE UNIQUE INDEX "topshiriq_topshiriq_topshiriq_users_topshiriq_id_users_id_9df7825a_uniq" ON "topshiriq_topshiriq_topshiriq_users" ("topshiriq_id", "users_id");
CREATE INDEX IF NOT EXISTS "topshiriq_topshiriq_topshiriq_users_topshiriq_id_5dd32f78" ON "topshiriq_topshiriq_topshiriq_users" ("topshiriq_id");
CREATE INDEX IF NOT EXISTS "topshiriq_topshiriq_topshiriq_users_users_id_c5e10809" ON "topshiriq_topshiriq_topshiriq_users" ("users_id");
CREATE INDEX IF NOT EXISTS "topshiriq_majburiytopshiriq_user_id_bc19da0e" ON "topshiriq_majburiytopshiriq" ("user_id");
CREATE INDEX IF NOT EXISTS "topshiriq_majburiytopshiriq_topshiriq_id_6a375b5e" ON "topshiriq_majburiytopshiriq" ("topshiriq_id");
CREATE INDEX IF NOT EXISTS "topshiriq_qoshimchatopshiriq_user_id_ddeb336f" ON "topshiriq_qoshimchatopshiriq" ("user_id");
CREATE INDEX IF NOT EXISTS "topshiriq_qoshimchatopshiriq_topshiriq_id_1763c045" ON "topshiriq_qoshimchatopshiriq" ("topshiriq_id");
CREATE INDEX IF NOT EXISTS "topshiriq_topshiriq_admin_user_id_375d331e" ON "topshiriq_topshiriq" ("admin_user_id");
CREATE INDEX IF NOT EXISTS "topshiriq_ozsohasidatopshiriq_user_id_1907d4e6" ON "topshiriq_ozsohasidatopshiriq" ("user_id");
CREATE INDEX IF NOT EXISTS "topshiriq_ozxohishibilantopshiriq_user_id_86076857" ON "topshiriq_ozxohishibilantopshiriq" ("user_id");
CREATE UNIQUE INDEX "django_celery_beat_solarschedule_event_latitude_longitude_ba64999a_uniq" ON "django_celery_beat_solarschedule" ("event", "latitude", "longitude");
CREATE INDEX IF NOT EXISTS "django_celery_beat_periodictask_crontab_id_d3cba168" ON "django_celery_beat_periodictask" ("crontab_id");
CREATE INDEX IF NOT EXISTS "django_celery_beat_periodictask_interval_id_a8ca27da" ON "django_celery_beat_periodictask" ("interval_id");
CREATE INDEX IF NOT EXISTS "django_celery_beat_periodictask_solar_id_a87ce72c" ON "django_celery_beat_periodictask" ("solar_id");
CREATE INDEX IF NOT EXISTS "django_celery_beat_periodictask_clocked_id_47a69f82" ON "django_celery_beat_periodictask" ("clocked_id");
CREATE TABLE IF NOT EXISTS "users_users_user_permissions" ("id" integer NOT NULL PRIMARY KEY AUTOINCREMENT, "users_id" char(32) NOT NULL REFERENCES "users_users" ("id") DEFERRABLE INITIALLY DEFERRED, "permission_id" integer NOT NULL REFERENCES "auth_permission" ("id") DEFERRABLE INITIALLY DEFERRED);
CREATE UNIQUE INDEX "django_content_type_app_label_model_76bd3d3b_uniq" ON "django_content_type" ("app_label", "model");
CREATE UNIQUE INDEX "auth_group_permissions_group_id_permission_id_0cd325b0_uniq" ON "auth_group_permissions" ("group_id", "permission_id");
CREATE INDEX IF NOT EXISTS "auth_group_permissions_group_id_b120cbf9" ON "auth_group_permissions" ("group_id");
CREATE INDEX IF NOT EXISTS "auth_group_permissions_permission_id_84c5c92e" ON "auth_group_permissions" ("permission_id");
CREATE UNIQUE INDEX "auth_permission_content_type_id_codename_01ab375a_uniq" ON "auth_permission" ("content_type_id", "codename");
CREATE INDEX IF NOT EXISTS "auth_permission_content_type_id_2f476e4b" ON "auth_permission" ("content_type_id");
CREATE INDEX IF NOT EXISTS "users_users_fakultet_id_5899e7a5" ON "users_users" ("fakultet_id");
CREATE UNIQUE INDEX "users_users_groups_users_id_group_id_02603a5e_uniq" ON "users_users_groups" ("users_id", "group_id");
CREATE INDEX IF NOT EXISTS "users_users_groups_users_id_5572cf36" ON "users_users_groups" ("users_id");
CREATE INDEX IF NOT EXISTS "users_users_groups_group_id_3e15ff0f" ON "users_users_groups" ("group_id");
CREATE UNIQUE INDEX "users_users_user_permissions_users_id_permission_id_119659d5_uniq" ON "users_users_user_permissions" ("users_id", "permission_id");
CREATE INDEX IF NOT EXISTS "users_users_user_permissions_users_id_04010ba6" ON "users_users_user_permissions" ("users_id");
CREATE INDEX IF NOT EXISTS "users_users_user_permissions_permission_id_9a117d64" ON "users_users_user_permissions" ("permission_id");
CREATE INDEX IF NOT EXISTS "django_admin_log_content_type_id_c4bce8eb" ON "django_admin_log" ("content_type_id");
CREATE INDEX IF NOT EXISTS "django_admin_log_user_id_c564eba6" ON "django_admin_log" ("user_id");
CREATE INDEX IF NOT EXISTS "django_session_expire_date_a5c62663" ON "django_session" ("expire_date");
CREATE UNIQUE INDEX "topshiriqs_topshiriq_users_topshiriq_id_users_id_43728bee_uniq" ON "topshiriqs_topshiriq_users" ("topshiriq_id", "users_id");
CREATE INDEX IF NOT EXISTS "topshiriqs_topshiriq_users_topshiriq_id_3495ca95" ON "topshiriqs_topshiriq_users" ("topshiriq_id");
CREATE INDEX IF NOT EXISTS "topshiriqs_topshiriq_users_users_id_bdac511d" ON "topshiriqs_topshiriq_users" ("users_id");
CREATE INDEX IF NOT EXISTS "topshiriqs_qoshimchatopshiriq_user_id_1a489478" ON "topshiriqs_qoshimchatopshiriq" ("user_id");
CREATE INDEX IF NOT EXISTS "topshiriqs_qoshimchatopshiriq_topshiriq_id_46fe60c3" ON "topshiriqs_qoshimchatopshiriq" ("topshiriq_id");
CREATE INDEX IF NOT EXISTS "topshiriqs_majburiytopshiriq_user_id_7563b9eb" ON "topshiriqs_majburiytopshiriq" ("user_id");
CREATE INDEX IF NOT EXISTS "topshiriqs_majburiytopshiriq_topshiriq_id_00197fb1" ON "topshiriqs_majburiytopshiriq" ("topshiriq_id");
CREATE UNIQUE INDEX "topshiriq_topshiriq_topshiriq_users_topshiriq_id_users_id_9df7825a_uniq" ON "topshiriq_topshiriq_topshiriq_users" ("topshiriq_id", "users_id");
CREATE INDEX IF NOT EXISTS "topshiriq_topshiriq_topshiriq_users_topshiriq_id_5dd32f78" ON "topshiriq_topshiriq_topshiriq_users" ("topshiriq_id");
CREATE INDEX IF NOT EXISTS "topshiriq_topshiriq_topshiriq_users_users_id_c5e10809" ON "topshiriq_topshiriq_topshiriq_users" ("users_id");
CREATE INDEX IF NOT EXISTS "topshiriq_majburiytopshiriq_user_id_bc19da0e" ON "topshiriq_majburiytopshiriq" ("user_id");
CREATE INDEX IF NOT EXISTS "topshiriq_majburiytopshiriq_topshiriq_id_6a375b5e" ON "topshiriq_majburiytopshiriq" ("topshiriq_id");
CREATE INDEX IF NOT EXISTS "topshiriq_qoshimchatopshiriq_user_id_ddeb336f" ON "topshiriq_qoshimchatopshiriq" ("user_id");
CREATE INDEX IF NOT EXISTS "topshiriq_qoshimchatopshiriq_topshiriq_id_1763c045" ON "topshiriq_qoshimchatopshiriq" ("topshiriq_id");
CREATE INDEX IF NOT EXISTS "topshiriq_topshiriq_admin_user_id_375d331e" ON "topshiriq_topshiriq" ("admin_user_id");
CREATE INDEX IF NOT EXISTS "topshiriq_ozsohasidatopshiriq_user_id_1907d4e6" ON "topshiriq_ozsohasidatopshiriq" ("user_id");
CREATE INDEX IF NOT EXISTS "topshiriq_ozxohishibilantopshiriq_user_id_86076857" ON "topshiriq_ozxohishibilantopshiriq" ("user_id");
CREATE UNIQUE INDEX "django_celery_beat_solarschedule_event_latitude_longitude_ba64999a_uniq" ON "django_celery_beat_solarschedule" ("event", "latitude", "longitude");
CREATE INDEX IF NOT EXISTS "django_celery_beat_periodictask_crontab_id_d3cba168" ON "django_celery_beat_periodictask" ("crontab_id");
CREATE INDEX IF NOT EXISTS "django_celery_beat_periodictask_interval_id_a8ca27da" ON "django_celery_beat_periodictask" ("interval_id");
CREATE INDEX IF NOT EXISTS "django_celery_beat_periodictask_solar_id_a87ce72c" ON "django_celery_beat_periodictask" ("solar_id");
CREATE INDEX IF NOT EXISTS "django_celery_beat_periodictask_clocked_id_47a69f82" ON "django_celery_beat_periodictask" ("clocked_id");
