CREATE TABLE IF NOT EXISTS "auth_group" ("id" integer NOT NULL PRIMARY KEY AUTOINCREMENT, "name" varchar(150) NOT NULL UNIQUE);
CREATE UNIQUE INDEX "django_content_type_app_label_model_76bd3d3b_uniq" ON "django_content_type" ("app_label", "model");
CREATE UNIQUE INDEX "auth_group_permissions_group_id_permission_id_0cd325b0_uniq" ON "auth_group_permissions" ("group_id", "permission_id");
CREATE INDEX IF NOT EXISTS "auth_group_permissions_group_id_b120cbf9" ON "auth_group_permissions" ("group_id");
CREATE INDEX IF NOT EXISTS "auth_group_permissions_permission_id_84c5c92e" ON "auth_group_permissions" ("permission_id");
CREATE UNIQUE INDEX "auth_permission_content_type_id_codename_01ab375a_uniq" ON "auth_permission" ("content_type_id", "codename");
CREATE INDEX IF NOT EXISTS "auth_permission_content_type_id_2f476e4b" ON "auth_permission" ("content_type_id");
CREATE INDEX IF NOT EXISTS "users_users_fakultet_id_5899e7a5" ON "users_users" ("fakultet_id");
CREATE UNIQUE INDEX "users_users_groups_users_id_group_id_02603a5e_uniq" ON "users_users_groups" ("users_id", "group_id");
CREATE INDEX IF NOT EXISTS "users_users_groups_users_id_5572cf36" ON "users_users_groups" ("users_id");
CREATE INDEX IF NOT EXISTS "users_users_groups_group_id_3e15ff0f" ON "users_users_groups" ("group_id");
CREATE UNIQUE INDEX "users_users_user_permissions_users_id_permission_id_119659d5_uniq" ON "users_users_user_permissions" ("users_id", "permission_id");
CREATE INDEX IF NOT EXISTS "users_users_user_permissions_users_id_04010ba6" ON "users_users_user_permissions" ("users_id");
CREATE INDEX IF NOT EXISTS "users_users_user_permissions_permission_id_9a117d64" ON "users_users_user_permissions" ("permission_id");
CREATE INDEX IF NOT EXISTS "django_admin_log_content_type_id_c4bce8eb" ON "django_admin_log" ("content_type_id");
CREATE INDEX IF NOT EXISTS "django_admin_log_user_id_c564eba6" ON "django_admin_log" ("user_id");
CREATE INDEX IF NOT EXISTS "django_session_expire_date_a5c62663" ON "django_session" ("expire_date");
CREATE UNIQUE INDEX "topshiriqs_topshiriq_users_topshiriq_id_users_id_43728bee_uniq" ON "topshiriqs_topshiriq_users" ("topshiriq_id", "users_id");
CREATE INDEX IF NOT EXISTS "topshiriqs_topshiriq_users_topshiriq_id_3495ca95" ON "topshiriqs_topshiriq_users" ("topshiriq_id");
CREATE INDEX IF NOT EXISTS "topshiriqs_topshiriq_users_users_id_bdac511d" ON "topshiriqs_topshiriq_users" ("users_id");
CREATE INDEX IF NOT EXISTS "topshiriqs_qoshimchatopshiriq_user_id_1a489478" ON "topshiriqs_qoshimchatopshiriq" ("user_id");
CREATE INDEX IF NOT EXISTS "topshiriqs_qoshimchatopshiriq_topshiriq_id_46fe60c3" ON "topshiriqs_qoshimchatopshiriq" ("topshiriq_id");
CREATE INDEX IF NOT EXISTS "topshiriqs_majburiytopshiriq_user_id_7563b9eb" ON "topshiriqs_majburiytopshiriq" ("user_id");
CREATE INDEX IF NOT EXISTS "topshiriqs_majburiytopshiriq_topshiriq_id_00197fb1" ON "topshiriqs_majburiytopshiriq" ("topshiriq_id");
CREATE TABLE IF NOT EXISTS "auth_group_permissions" ("id" integer NOT NULL PRIMARY KEY AUTOINCREMENT, "group_id" integer NOT NULL REFERENCES "auth_group" ("id") DEFERRABLE INITIALLY DEFERRED, "permission_id" integer NOT NULL REFERENCES "auth_permission" ("id") DEFERRABLE INITIALLY DEFERRED);
CREATE UNIQUE INDEX "django_content_type_app_label_model_76bd3d3b_uniq" ON "django_content_type" ("app_label", "model");
CREATE UNIQUE INDEX "auth_group_permissions_group_id_permission_id_0cd325b0_uniq" ON "auth_group_permissions" ("group_id", "permission_id");
CREATE INDEX IF NOT EXISTS "auth_group_permissions_group_id_b120cbf9" ON "auth_group_permissions" ("group_id");
CREATE INDEX IF NOT EXISTS "auth_group_permissions_permission_id_84c5c92e" ON "auth_group_permissions" ("permission_id");
CREATE UNIQUE INDEX "auth_permission_content_type_id_codename_01ab375a_uniq" ON "auth_permission" ("content_type_id", "codename");
CREATE INDEX IF NOT EXISTS "auth_permission_content_type_id_2f476e4b" ON "auth_permission" ("content_type_id");
CREATE INDEX IF NOT EXISTS "users_users_fakultet_id_5899e7a5" ON "users_users" ("fakultet_id");
CREATE UNIQUE INDEX "users_users_groups_users_id_group_id_02603a5e_uniq" ON "users_users_groups" ("users_id", "group_id");
CREATE INDEX IF NOT EXISTS "users_users_groups_users_id_5572cf36" ON "users_users_groups" ("users_id");
CREATE INDEX IF NOT EXISTS "users_users_groups_group_id_3e15ff0f" ON "users_users_groups" ("group_id");
CREATE UNIQUE INDEX "users_users_user_permissions_users_id_permission_id_119659d5_uniq" ON "users_users_user_permissions" ("users_id", "permission_id");
CREATE INDEX IF NOT EXISTS "users_users_user_permissions_users_id_04010ba6" ON "users_users_user_permissions" ("users_id");
CREATE INDEX IF NOT EXISTS "users_users_user_permissions_permission_id_9a117d64" ON "users_users_user_permissions" ("permission_id");
CREATE INDEX IF NOT EXISTS "django_admin_log_content_type_id_c4bce8eb" ON "django_admin_log" ("content_type_id");
CREATE INDEX IF NOT EXISTS "django_admin_log_user_id_c564eba6" ON "django_admin_log" ("user_id");
CREATE INDEX IF NOT EXISTS "django_session_expire_date_a5c62663" ON "django_session" ("expire_date");
CREATE UNIQUE INDEX "topshiriqs_topshiriq_users_topshiriq_id_users_id_43728bee_uniq" ON "topshiriqs_topshiriq_users" ("topshiriq_id", "users_id");
CREATE INDEX IF NOT EXISTS "topshiriqs_topshiriq_users_topshiriq_id_3495ca95" ON "topshiriqs_topshiriq_users" ("topshiriq_id");
CREATE INDEX IF NOT EXISTS "topshiriqs_topshiriq_users_users_id_bdac511d" ON "topshiriqs_topshiriq_users" ("users_id");
CREATE INDEX IF NOT EXISTS "topshiriqs_qoshimchatopshiriq_user_id_1a489478" ON "topshiriqs_qoshimchatopshiriq" ("user_id");
CREATE INDEX IF NOT EXISTS "topshiriqs_qoshimchatopshiriq_topshiriq_id_46fe60c3" ON "topshiriqs_qoshimchatopshiriq" ("topshiriq_id");
CREATE INDEX IF NOT EXISTS "topshiriqs_majburiytopshiriq_user_id_7563b9eb" ON "topshiriqs_majburiytopshiriq" ("user_id");
CREATE INDEX IF NOT EXISTS "topshiriqs_majburiytopshiriq_topshiriq_id_00197fb1" ON "topshiriqs_majburiytopshiriq" ("topshiriq_id");
CREATE TABLE IF NOT EXISTS "auth_permission" ("id" integer NOT NULL PRIMARY KEY AUTOINCREMENT, "content_type_id" integer NOT NULL REFERENCES "django_content_type" ("id") DEFERRABLE INITIALLY DEFERRED, "codename" varchar(100) NOT NULL, "name" varchar(255) NOT NULL);
INSERT INTO "auth_permission" VALUES(1,1,'add_logentry','Can add log entry');
INSERT INTO "auth_permission" VALUES(2,1,'change_logentry','Can change log entry');
INSERT INTO "auth_permission" VALUES(3,1,'delete_logentry','Can delete log entry');
INSERT INTO "auth_permission" VALUES(4,1,'view_logentry','Can view log entry');
INSERT INTO "auth_permission" VALUES(5,2,'add_permission','Can add permission');
INSERT INTO "auth_permission" VALUES(6,2,'change_permission','Can change permission');
INSERT INTO "auth_permission" VALUES(7,2,'delete_permission','Can delete permission');
INSERT INTO "auth_permission" VALUES(8,2,'view_permission','Can view permission');
INSERT INTO "auth_permission" VALUES(9,3,'add_group','Can add group');
INSERT INTO "auth_permission" VALUES(10,3,'change_group','Can change group');
INSERT INTO "auth_permission" VALUES(11,3,'delete_group','Can delete group');
INSERT INTO "auth_permission" VALUES(12,3,'view_group','Can view group');
INSERT INTO "auth_permission" VALUES(13,4,'add_contenttype','Can add content type');
INSERT INTO "auth_permission" VALUES(14,4,'change_contenttype','Can change content type');
INSERT INTO "auth_permission" VALUES(15,4,'delete_contenttype','Can delete content type');
INSERT INTO "auth_permission" VALUES(16,4,'view_contenttype','Can view content type');
INSERT INTO "auth_permission" VALUES(17,5,'add_session','Can add session');
INSERT INTO "auth_permission" VALUES(18,5,'change_session','Can change session');
INSERT INTO "auth_permission" VALUES(19,5,'delete_session','Can delete session');
INSERT INTO "auth_permission" VALUES(20,5,'view_session','Can view session');
INSERT INTO "auth_permission" VALUES(21,6,'add_fakultets','Can add fakultets');
INSERT INTO "auth_permission" VALUES(22,6,'change_fakultets','Can change fakultets');
INSERT INTO "auth_permission" VALUES(23,6,'delete_fakultets','Can delete fakultets');
INSERT INTO "auth_permission" VALUES(24,6,'view_fakultets','Can view fakultets');
INSERT INTO "auth_permission" VALUES(25,7,'add_users','Can add user');
INSERT INTO "auth_permission" VALUES(26,7,'change_users','Can change user');
INSERT INTO "auth_permission" VALUES(27,7,'delete_users','Can delete user');
INSERT INTO "auth_permission" VALUES(28,7,'view_users','Can view user');
INSERT INTO "auth_permission" VALUES(29,8,'add_majburiytopshiriq','Can add majburiy topshiriq');
INSERT INTO "auth_permission" VALUES(30,8,'change_majburiytopshiriq','Can change majburiy topshiriq');
INSERT INTO "auth_permission" VALUES(31,8,'delete_majburiytopshiriq','Can delete majburiy topshiriq');
INSERT INTO "auth_permission" VALUES(32,8,'view_majburiytopshiriq','Can view majburiy topshiriq');
INSERT INTO "auth_permission" VALUES(33,9,'add_qoshimchatopshiriq','Can add qoshimcha topshiriq');
INSERT INTO "auth_permission" VALUES(34,9,'change_qoshimchatopshiriq','Can change qoshimcha topshiriq');
INSERT INTO "auth_permission" VALUES(35,9,'delete_qoshimchatopshiriq','Can delete qoshimcha topshiriq');
INSERT INTO "auth_permission" VALUES(36,9,'view_qoshimchatopshiriq','Can view qoshimcha topshiriq');
INSERT INTO "auth_permission" VALUES(37,10,'add_topshiriq','Can add topshiriq');
INSERT INTO "auth_permission" VALUES(38,10,'change_topshiriq','Can change topshiriq');
INSERT INTO "auth_permission" VALUES(39,10,'delete_topshiriq','Can delete topshiriq');
INSERT INTO "auth_permission" VALUES(40,10,'view_topshiriq','Can view topshiriq');
CREATE UNIQUE INDEX "django_content_type_app_label_model_76bd3d3b_uniq" ON "django_content_type" ("app_label", "model");
CREATE UNIQUE INDEX "auth_group_permissions_group_id_permission_id_0cd325b0_uniq" ON "auth_group_permissions" ("group_id", "permission_id");
CREATE INDEX IF NOT EXISTS "auth_group_permissions_group_id_b120cbf9" ON "auth_group_permissions" ("group_id");
CREATE INDEX IF NOT EXISTS "auth_group_permissions_permission_id_84c5c92e" ON "auth_group_permissions" ("permission_id");
CREATE UNIQUE INDEX "auth_permission_content_type_id_codename_01ab375a_uniq" ON "auth_permission" ("content_type_id", "codename");
CREATE INDEX IF NOT EXISTS "auth_permission_content_type_id_2f476e4b" ON "auth_permission" ("content_type_id");
CREATE INDEX IF NOT EXISTS "users_users_fakultet_id_5899e7a5" ON "users_users" ("fakultet_id");
CREATE UNIQUE INDEX "users_users_groups_users_id_group_id_02603a5e_uniq" ON "users_users_groups" ("users_id", "group_id");
CREATE INDEX IF NOT EXISTS "users_users_groups_users_id_5572cf36" ON "users_users_groups" ("users_id");
CREATE INDEX IF NOT EXISTS "users_users_groups_group_id_3e15ff0f" ON "users_users_groups" ("group_id");
CREATE UNIQUE INDEX "users_users_user_permissions_users_id_permission_id_119659d5_uniq" ON "users_users_user_permissions" ("users_id", "permission_id");
CREATE INDEX IF NOT EXISTS "users_users_user_permissions_users_id_04010ba6" ON "users_users_user_permissions" ("users_id");
CREATE INDEX IF NOT EXISTS "users_users_user_permissions_permission_id_9a117d64" ON "users_users_user_permissions" ("permission_id");
CREATE INDEX IF NOT EXISTS "django_admin_log_content_type_id_c4bce8eb" ON "django_admin_log" ("content_type_id");
CREATE INDEX IF NOT EXISTS "django_admin_log_user_id_c564eba6" ON "django_admin_log" ("user_id");
CREATE INDEX IF NOT EXISTS "django_session_expire_date_a5c62663" ON "django_session" ("expire_date");
CREATE UNIQUE INDEX "topshiriqs_topshiriq_users_topshiriq_id_users_id_43728bee_uniq" ON "topshiriqs_topshiriq_users" ("topshiriq_id", "users_id");
CREATE INDEX IF NOT EXISTS "topshiriqs_topshiriq_users_topshiriq_id_3495ca95" ON "topshiriqs_topshiriq_users" ("topshiriq_id");
CREATE INDEX IF NOT EXISTS "topshiriqs_topshiriq_users_users_id_bdac511d" ON "topshiriqs_topshiriq_users" ("users_id");
CREATE INDEX IF NOT EXISTS "topshiriqs_qoshimchatopshiriq_user_id_1a489478" ON "topshiriqs_qoshimchatopshiriq" ("user_id");
CREATE INDEX IF NOT EXISTS "topshiriqs_qoshimchatopshiriq_topshiriq_id_46fe60c3" ON "topshiriqs_qoshimchatopshiriq" ("topshiriq_id");
CREATE INDEX IF NOT EXISTS "topshiriqs_majburiytopshiriq_user_id_7563b9eb" ON "topshiriqs_majburiytopshiriq" ("user_id");
CREATE INDEX IF NOT EXISTS "topshiriqs_majburiytopshiriq_topshiriq_id_00197fb1" ON "topshiriqs_majburiytopshiriq" ("topshiriq_id");
CREATE TABLE IF NOT EXISTS "django_admin_log" ("id" integer NOT NULL PRIMARY KEY AUTOINCREMENT, "object_id" text NULL, "object_repr" varchar(200) NOT NULL, "action_flag" smallint unsigned NOT NULL CHECK ("action_flag" >= 0), "change_message" text NOT NULL, "content_type_id" integer NULL REFERENCES "django_content_type" ("id") DEFERRABLE INITIALLY DEFERRED, "user_id" char(32) NOT NULL REFERENCES "users_users" ("id") DEFERRABLE INITIALLY DEFERRED, "action_time" datetime NOT NULL);
CREATE UNIQUE INDEX "django_content_type_app_label_model_76bd3d3b_uniq" ON "django_content_type" ("app_label", "model");
CREATE UNIQUE INDEX "auth_group_permissions_group_id_permission_id_0cd325b0_uniq" ON "auth_group_permissions" ("group_id", "permission_id");
CREATE INDEX IF NOT EXISTS "auth_group_permissions_group_id_b120cbf9" ON "auth_group_permissions" ("group_id");
CREATE INDEX IF NOT EXISTS "auth_group_permissions_permission_id_84c5c92e" ON "auth_group_permissions" ("permission_id");
CREATE UNIQUE INDEX "auth_permission_content_type_id_codename_01ab375a_uniq" ON "auth_permission" ("content_type_id", "codename");
CREATE INDEX IF NOT EXISTS "auth_permission_content_type_id_2f476e4b" ON "auth_permission" ("content_type_id");
CREATE INDEX IF NOT EXISTS "users_users_fakultet_id_5899e7a5" ON "users_users" ("fakultet_id");
CREATE UNIQUE INDEX "users_users_groups_users_id_group_id_02603a5e_uniq" ON "users_users_groups" ("users_id", "group_id");
CREATE INDEX IF NOT EXISTS "users_users_groups_users_id_5572cf36" ON "users_users_groups" ("users_id");
CREATE INDEX IF NOT EXISTS "users_users_groups_group_id_3e15ff0f" ON "users_users_groups" ("group_id");
CREATE UNIQUE INDEX "users_users_user_permissions_users_id_permission_id_119659d5_uniq" ON "users_users_user_permissions" ("users_id", "permission_id");
CREATE INDEX IF NOT EXISTS "users_users_user_permissions_users_id_04010ba6" ON "users_users_user_permissions" ("users_id");
CREATE INDEX IF NOT EXISTS "users_users_user_permissions_permission_id_9a117d64" ON "users_users_user_permissions" ("permission_id");
CREATE INDEX IF NOT EXISTS "django_admin_log_content_type_id_c4bce8eb" ON "django_admin_log" ("content_type_id");
CREATE INDEX IF NOT EXISTS "django_admin_log_user_id_c564eba6" ON "django_admin_log" ("user_id");
CREATE INDEX IF NOT EXISTS "django_session_expire_date_a5c62663" ON "django_session" ("expire_date");
CREATE UNIQUE INDEX "topshiriqs_topshiriq_users_topshiriq_id_users_id_43728bee_uniq" ON "topshiriqs_topshiriq_users" ("topshiriq_id", "users_id");
CREATE INDEX IF NOT EXISTS "topshiriqs_topshiriq_users_topshiriq_id_3495ca95" ON "topshiriqs_topshiriq_users" ("topshiriq_id");
CREATE INDEX IF NOT EXISTS "topshiriqs_topshiriq_users_users_id_bdac511d" ON "topshiriqs_topshiriq_users" ("users_id");
CREATE INDEX IF NOT EXISTS "topshiriqs_qoshimchatopshiriq_user_id_1a489478" ON "topshiriqs_qoshimchatopshiriq" ("user_id");
CREATE INDEX IF NOT EXISTS "topshiriqs_qoshimchatopshiriq_topshiriq_id_46fe60c3" ON "topshiriqs_qoshimchatopshiriq" ("topshiriq_id");
CREATE INDEX IF NOT EXISTS "topshiriqs_majburiytopshiriq_user_id_7563b9eb" ON "topshiriqs_majburiytopshiriq" ("user_id");
CREATE INDEX IF NOT EXISTS "topshiriqs_majburiytopshiriq_topshiriq_id_00197fb1" ON "topshiriqs_majburiytopshiriq" ("topshiriq_id");
CREATE TABLE IF NOT EXISTS "django_content_type" ("id" integer NOT NULL PRIMARY KEY AUTOINCREMENT, "app_label" varchar(100) NOT NULL, "model" varchar(100) NOT NULL);
INSERT INTO "django_content_type" VALUES(1,'admin','logentry');
INSERT INTO "django_content_type" VALUES(2,'auth','permission');
INSERT INTO "django_content_type" VALUES(3,'auth','group');
INSERT INTO "django_content_type" VALUES(4,'contenttypes','contenttype');
INSERT INTO "django_content_type" VALUES(5,'sessions','session');
INSERT INTO "django_content_type" VALUES(6,'users','fakultets');
INSERT INTO "django_content_type" VALUES(7,'users','users');
INSERT INTO "django_content_type" VALUES(8,'topshiriqs','majburiytopshiriq');
INSERT INTO "django_content_type" VALUES(9,'topshiriqs','qoshimchatopshiriq');
INSERT INTO "django_content_type" VALUES(10,'topshiriqs','topshiriq');
CREATE UNIQUE INDEX "django_content_type_app_label_model_76bd3d3b_uniq" ON "django_content_type" ("app_label", "model");
CREATE UNIQUE INDEX "auth_group_permissions_group_id_permission_id_0cd325b0_uniq" ON "auth_group_permissions" ("group_id", "permission_id");
CREATE INDEX IF NOT EXISTS "auth_group_permissions_group_id_b120cbf9" ON "auth_group_permissions" ("group_id");
CREATE INDEX IF NOT EXISTS "auth_group_permissions_permission_id_84c5c92e" ON "auth_group_permissions" ("permission_id");
CREATE UNIQUE INDEX "auth_permission_content_type_id_codename_01ab375a_uniq" ON "auth_permission" ("content_type_id", "codename");
CREATE INDEX IF NOT EXISTS "auth_permission_content_type_id_2f476e4b" ON "auth_permission" ("content_type_id");
CREATE INDEX IF NOT EXISTS "users_users_fakultet_id_5899e7a5" ON "users_users" ("fakultet_id");
CREATE UNIQUE INDEX "users_users_groups_users_id_group_id_02603a5e_uniq" ON "users_users_groups" ("users_id", "group_id");
CREATE INDEX IF NOT EXISTS "users_users_groups_users_id_5572cf36" ON "users_users_groups" ("users_id");
CREATE INDEX IF NOT EXISTS "users_users_groups_group_id_3e15ff0f" ON "users_users_groups" ("group_id");
CREATE UNIQUE INDEX "users_users_user_permissions_users_id_permission_id_119659d5_uniq" ON "users_users_user_permissions" ("users_id", "permission_id");
CREATE INDEX IF NOT EXISTS "users_users_user_permissions_users_id_04010ba6" ON "users_users_user_permissions" ("users_id");
CREATE INDEX IF NOT EXISTS "users_users_user_permissions_permission_id_9a117d64" ON "users_users_user_permissions" ("permission_id");
CREATE INDEX IF NOT EXISTS "django_admin_log_content_type_id_c4bce8eb" ON "django_admin_log" ("content_type_id");
CREATE INDEX IF NOT EXISTS "django_admin_log_user_id_c564eba6" ON "django_admin_log" ("user_id");
CREATE INDEX IF NOT EXISTS "django_session_expire_date_a5c62663" ON "django_session" ("expire_date");
CREATE UNIQUE INDEX "topshiriqs_topshiriq_users_topshiriq_id_users_id_43728bee_uniq" ON "topshiriqs_topshiriq_users" ("topshiriq_id", "users_id");
CREATE INDEX IF NOT EXISTS "topshiriqs_topshiriq_users_topshiriq_id_3495ca95" ON "topshiriqs_topshiriq_users" ("topshiriq_id");
CREATE INDEX IF NOT EXISTS "topshiriqs_topshiriq_users_users_id_bdac511d" ON "topshiriqs_topshiriq_users" ("users_id");
CREATE INDEX IF NOT EXISTS "topshiriqs_qoshimchatopshiriq_user_id_1a489478" ON "topshiriqs_qoshimchatopshiriq" ("user_id");
CREATE INDEX IF NOT EXISTS "topshiriqs_qoshimchatopshiriq_topshiriq_id_46fe60c3" ON "topshiriqs_qoshimchatopshiriq" ("topshiriq_id");
CREATE INDEX IF NOT EXISTS "topshiriqs_majburiytopshiriq_user_id_7563b9eb" ON "topshiriqs_majburiytopshiriq" ("user_id");
CREATE INDEX IF NOT EXISTS "topshiriqs_majburiytopshiriq_topshiriq_id_00197fb1" ON "topshiriqs_majburiytopshiriq" ("topshiriq_id");
CREATE TABLE IF NOT EXISTS "django_migrations" ("id" integer NOT NULL PRIMARY KEY AUTOINCREMENT, "app" varchar(255) NOT NULL, "name" varchar(255) NOT NULL, "applied" datetime NOT NULL);
INSERT INTO "django_migrations" VALUES(1,'contenttypes','0001_initial','2025-01-31 06:43:04.256311');
INSERT INTO "django_migrations" VALUES(2,'contenttypes','0002_remove_content_type_name','2025-01-31 06:43:04.258516');
INSERT INTO "django_migrations" VALUES(3,'auth','0001_initial','2025-01-31 06:43:04.262094');
INSERT INTO "django_migrations" VALUES(4,'auth','0002_alter_permission_name_max_length','2025-01-31 06:43:04.264107');
INSERT INTO "django_migrations" VALUES(5,'auth','0003_alter_user_email_max_length','2025-01-31 06:43:04.265656');
INSERT INTO "django_migrations" VALUES(6,'auth','0004_alter_user_username_opts','2025-01-31 06:43:04.268768');
INSERT INTO "django_migrations" VALUES(7,'auth','0005_alter_user_last_login_null','2025-01-31 06:43:04.270375');
INSERT INTO "django_migrations" VALUES(8,'auth','0006_require_contenttypes_0002','2025-01-31 06:43:04.270792');
INSERT INTO "django_migrations" VALUES(9,'auth','0007_alter_validators_add_error_messages','2025-01-31 06:43:04.272157');
INSERT INTO "django_migrations" VALUES(10,'auth','0008_alter_user_username_max_length','2025-01-31 06:43:04.273830');
INSERT INTO "django_migrations" VALUES(11,'auth','0009_alter_user_last_name_max_length','2025-01-31 06:43:04.275539');
INSERT INTO "django_migrations" VALUES(12,'auth','0010_alter_group_name_max_length','2025-01-31 06:43:04.277396');
INSERT INTO "django_migrations" VALUES(13,'auth','0011_update_proxy_permissions','2025-01-31 06:43:04.278833');
INSERT INTO "django_migrations" VALUES(14,'auth','0012_alter_user_first_name_max_length','2025-01-31 06:43:04.280441');
INSERT INTO "django_migrations" VALUES(15,'users','0001_initial','2025-01-31 06:43:04.283693');
INSERT INTO "django_migrations" VALUES(16,'admin','0001_initial','2025-01-31 06:43:04.286913');
INSERT INTO "django_migrations" VALUES(17,'admin','0002_logentry_remove_auto_add','2025-01-31 06:43:04.290180');
INSERT INTO "django_migrations" VALUES(18,'admin','0003_logentry_add_action_flag_choices','2025-01-31 06:43:04.292618');
INSERT INTO "django_migrations" VALUES(19,'sessions','0001_initial','2025-01-31 06:43:04.293717');
INSERT INTO "django_migrations" VALUES(20,'topshiriqs','0001_initial','2025-01-31 06:43:04.295618');
INSERT INTO "django_migrations" VALUES(21,'topshiriqs','0002_initial','2025-01-31 06:43:04.313426');
INSERT INTO "django_migrations" VALUES(22,'topshiriqs','0003_alter_topshiriq_users','2025-01-31 06:43:04.317196');
CREATE UNIQUE INDEX "django_content_type_app_label_model_76bd3d3b_uniq" ON "django_content_type" ("app_label", "model");
CREATE UNIQUE INDEX "auth_group_permissions_group_id_permission_id_0cd325b0_uniq" ON "auth_group_permissions" ("group_id", "permission_id");
CREATE INDEX IF NOT EXISTS "auth_group_permissions_group_id_b120cbf9" ON "auth_group_permissions" ("group_id");
CREATE INDEX IF NOT EXISTS "auth_group_permissions_permission_id_84c5c92e" ON "auth_group_permissions" ("permission_id");
CREATE UNIQUE INDEX "auth_permission_content_type_id_codename_01ab375a_uniq" ON "auth_permission" ("content_type_id", "codename");
CREATE INDEX IF NOT EXISTS "auth_permission_content_type_id_2f476e4b" ON "auth_permission" ("content_type_id");
CREATE INDEX IF NOT EXISTS "users_users_fakultet_id_5899e7a5" ON "users_users" ("fakultet_id");
CREATE UNIQUE INDEX "users_users_groups_users_id_group_id_02603a5e_uniq" ON "users_users_groups" ("users_id", "group_id");
CREATE INDEX IF NOT EXISTS "users_users_groups_users_id_5572cf36" ON "users_users_groups" ("users_id");
CREATE INDEX IF NOT EXISTS "users_users_groups_group_id_3e15ff0f" ON "users_users_groups" ("group_id");
CREATE UNIQUE INDEX "users_users_user_permissions_users_id_permission_id_119659d5_uniq" ON "users_users_user_permissions" ("users_id", "permission_id");
CREATE INDEX IF NOT EXISTS "users_users_user_permissions_users_id_04010ba6" ON "users_users_user_permissions" ("users_id");
CREATE INDEX IF NOT EXISTS "users_users_user_permissions_permission_id_9a117d64" ON "users_users_user_permissions" ("permission_id");
CREATE INDEX IF NOT EXISTS "django_admin_log_content_type_id_c4bce8eb" ON "django_admin_log" ("content_type_id");
CREATE INDEX IF NOT EXISTS "django_admin_log_user_id_c564eba6" ON "django_admin_log" ("user_id");
CREATE INDEX IF NOT EXISTS "django_session_expire_date_a5c62663" ON "django_session" ("expire_date");
CREATE UNIQUE INDEX "topshiriqs_topshiriq_users_topshiriq_id_users_id_43728bee_uniq" ON "topshiriqs_topshiriq_users" ("topshiriq_id", "users_id");
CREATE INDEX IF NOT EXISTS "topshiriqs_topshiriq_users_topshiriq_id_3495ca95" ON "topshiriqs_topshiriq_users" ("topshiriq_id");
CREATE INDEX IF NOT EXISTS "topshiriqs_topshiriq_users_users_id_bdac511d" ON "topshiriqs_topshiriq_users" ("users_id");
CREATE INDEX IF NOT EXISTS "topshiriqs_qoshimchatopshiriq_user_id_1a489478" ON "topshiriqs_qoshimchatopshiriq" ("user_id");
CREATE INDEX IF NOT EXISTS "topshiriqs_qoshimchatopshiriq_topshiriq_id_46fe60c3" ON "topshiriqs_qoshimchatopshiriq" ("topshiriq_id");
CREATE INDEX IF NOT EXISTS "topshiriqs_majburiytopshiriq_user_id_7563b9eb" ON "topshiriqs_majburiytopshiriq" ("user_id");
CREATE INDEX IF NOT EXISTS "topshiriqs_majburiytopshiriq_topshiriq_id_00197fb1" ON "topshiriqs_majburiytopshiriq" ("topshiriq_id");
CREATE TABLE IF NOT EXISTS "django_session" ("session_key" varchar(40) NOT NULL PRIMARY KEY, "session_data" text NOT NULL, "expire_date" datetime NOT NULL);
CREATE UNIQUE INDEX "django_content_type_app_label_model_76bd3d3b_uniq" ON "django_content_type" ("app_label", "model");
CREATE UNIQUE INDEX "auth_group_permissions_group_id_permission_id_0cd325b0_uniq" ON "auth_group_permissions" ("group_id", "permission_id");
CREATE INDEX IF NOT EXISTS "auth_group_permissions_group_id_b120cbf9" ON "auth_group_permissions" ("group_id");
CREATE INDEX IF NOT EXISTS "auth_group_permissions_permission_id_84c5c92e" ON "auth_group_permissions" ("permission_id");
CREATE UNIQUE INDEX "auth_permission_content_type_id_codename_01ab375a_uniq" ON "auth_permission" ("content_type_id", "codename");
CREATE INDEX IF NOT EXISTS "auth_permission_content_type_id_2f476e4b" ON "auth_permission" ("content_type_id");
CREATE INDEX IF NOT EXISTS "users_users_fakultet_id_5899e7a5" ON "users_users" ("fakultet_id");
CREATE UNIQUE INDEX "users_users_groups_users_id_group_id_02603a5e_uniq" ON "users_users_groups" ("users_id", "group_id");
CREATE INDEX IF NOT EXISTS "users_users_groups_users_id_5572cf36" ON "users_users_groups" ("users_id");
CREATE INDEX IF NOT EXISTS "users_users_groups_group_id_3e15ff0f" ON "users_users_groups" ("group_id");
CREATE UNIQUE INDEX "users_users_user_permissions_users_id_permission_id_119659d5_uniq" ON "users_users_user_permissions" ("users_id", "permission_id");
CREATE INDEX IF NOT EXISTS "users_users_user_permissions_users_id_04010ba6" ON "users_users_user_permissions" ("users_id");
CREATE INDEX IF NOT EXISTS "users_users_user_permissions_permission_id_9a117d64" ON "users_users_user_permissions" ("permission_id");
CREATE INDEX IF NOT EXISTS "django_admin_log_content_type_id_c4bce8eb" ON "django_admin_log" ("content_type_id");
CREATE INDEX IF NOT EXISTS "django_admin_log_user_id_c564eba6" ON "django_admin_log" ("user_id");
CREATE INDEX IF NOT EXISTS "django_session_expire_date_a5c62663" ON "django_session" ("expire_date");
CREATE UNIQUE INDEX "topshiriqs_topshiriq_users_topshiriq_id_users_id_43728bee_uniq" ON "topshiriqs_topshiriq_users" ("topshiriq_id", "users_id");
CREATE INDEX IF NOT EXISTS "topshiriqs_topshiriq_users_topshiriq_id_3495ca95" ON "topshiriqs_topshiriq_users" ("topshiriq_id");
CREATE INDEX IF NOT EXISTS "topshiriqs_topshiriq_users_users_id_bdac511d" ON "topshiriqs_topshiriq_users" ("users_id");
CREATE INDEX IF NOT EXISTS "topshiriqs_qoshimchatopshiriq_user_id_1a489478" ON "topshiriqs_qoshimchatopshiriq" ("user_id");
CREATE INDEX IF NOT EXISTS "topshiriqs_qoshimchatopshiriq_topshiriq_id_46fe60c3" ON "topshiriqs_qoshimchatopshiriq" ("topshiriq_id");
CREATE INDEX IF NOT EXISTS "topshiriqs_majburiytopshiriq_user_id_7563b9eb" ON "topshiriqs_majburiytopshiriq" ("user_id");
CREATE INDEX IF NOT EXISTS "topshiriqs_majburiytopshiriq_topshiriq_id_00197fb1" ON "topshiriqs_majburiytopshiriq" ("topshiriq_id");
CREATE TABLE IF NOT EXISTS "topshiriqs_majburiytopshiriq" ("id" char(32) NOT NULL PRIMARY KEY, "created_at" date NOT NULL, "updated_at" date NOT NULL, "tur" varchar(30) NOT NULL, "title" varchar(300) NOT NULL, "body" text NOT NULL, "file1" varchar(100) NOT NULL, "file2" varchar(100) NOT NULL, "file3" varchar(100) NOT NULL, "file4" varchar(100) NOT NULL, "user_id" char(32) NOT NULL REFERENCES "users_users" ("id") DEFERRABLE INITIALLY DEFERRED, "topshiriq_id" char(32) NOT NULL REFERENCES "topshiriqs_topshiriq" ("id") DEFERRABLE INITIALLY DEFERRED);
CREATE UNIQUE INDEX "django_content_type_app_label_model_76bd3d3b_uniq" ON "django_content_type" ("app_label", "model");
CREATE UNIQUE INDEX "auth_group_permissions_group_id_permission_id_0cd325b0_uniq" ON "auth_group_permissions" ("group_id", "permission_id");
CREATE INDEX IF NOT EXISTS "auth_group_permissions_group_id_b120cbf9" ON "auth_group_permissions" ("group_id");
CREATE INDEX IF NOT EXISTS "auth_group_permissions_permission_id_84c5c92e" ON "auth_group_permissions" ("permission_id");
CREATE UNIQUE INDEX "auth_permission_content_type_id_codename_01ab375a_uniq" ON "auth_permission" ("content_type_id", "codename");
CREATE INDEX IF NOT EXISTS "auth_permission_content_type_id_2f476e4b" ON "auth_permission" ("content_type_id");
CREATE INDEX IF NOT EXISTS "users_users_fakultet_id_5899e7a5" ON "users_users" ("fakultet_id");
CREATE UNIQUE INDEX "users_users_groups_users_id_group_id_02603a5e_uniq" ON "users_users_groups" ("users_id", "group_id");
CREATE INDEX IF NOT EXISTS "users_users_groups_users_id_5572cf36" ON "users_users_groups" ("users_id");
CREATE INDEX IF NOT EXISTS "users_users_groups_group_id_3e15ff0f" ON "users_users_groups" ("group_id");
CREATE UNIQUE INDEX "users_users_user_permissions_users_id_permission_id_119659d5_uniq" ON "users_users_user_permissions" ("users_id", "permission_id");
CREATE INDEX IF NOT EXISTS "users_users_user_permissions_users_id_04010ba6" ON "users_users_user_permissions" ("users_id");
CREATE INDEX IF NOT EXISTS "users_users_user_permissions_permission_id_9a117d64" ON "users_users_user_permissions" ("permission_id");
CREATE INDEX IF NOT EXISTS "django_admin_log_content_type_id_c4bce8eb" ON "django_admin_log" ("content_type_id");
CREATE INDEX IF NOT EXISTS "django_admin_log_user_id_c564eba6" ON "django_admin_log" ("user_id");
CREATE INDEX IF NOT EXISTS "django_session_expire_date_a5c62663" ON "django_session" ("expire_date");
CREATE UNIQUE INDEX "topshiriqs_topshiriq_users_topshiriq_id_users_id_43728bee_uniq" ON "topshiriqs_topshiriq_users" ("topshiriq_id", "users_id");
CREATE INDEX IF NOT EXISTS "topshiriqs_topshiriq_users_topshiriq_id_3495ca95" ON "topshiriqs_topshiriq_users" ("topshiriq_id");
CREATE INDEX IF NOT EXISTS "topshiriqs_topshiriq_users_users_id_bdac511d" ON "topshiriqs_topshiriq_users" ("users_id");
CREATE INDEX IF NOT EXISTS "topshiriqs_qoshimchatopshiriq_user_id_1a489478" ON "topshiriqs_qoshimchatopshiriq" ("user_id");
CREATE INDEX IF NOT EXISTS "topshiriqs_qoshimchatopshiriq_topshiriq_id_46fe60c3" ON "topshiriqs_qoshimchatopshiriq" ("topshiriq_id");
CREATE INDEX IF NOT EXISTS "topshiriqs_majburiytopshiriq_user_id_7563b9eb" ON "topshiriqs_majburiytopshiriq" ("user_id");
CREATE INDEX IF NOT EXISTS "topshiriqs_majburiytopshiriq_topshiriq_id_00197fb1" ON "topshiriqs_majburiytopshiriq" ("topshiriq_id");
CREATE TABLE IF NOT EXISTS "topshiriqs_qoshimchatopshiriq" ("id" char(32) NOT NULL PRIMARY KEY, "created_at" date NOT NULL, "updated_at" date NOT NULL, "tur" varchar(30) NOT NULL, "title" varchar(300) NOT NULL, "body" text NOT NULL, "file1" varchar(100) NOT NULL, "file2" varchar(100) NOT NULL, "file3" varchar(100) NOT NULL, "file4" varchar(100) NOT NULL, "user_id" char(32) NOT NULL REFERENCES "users_users" ("id") DEFERRABLE INITIALLY DEFERRED, "topshiriq_id" char(32) NOT NULL REFERENCES "topshiriqs_topshiriq" ("id") DEFERRABLE INITIALLY DEFERRED);
CREATE UNIQUE INDEX "django_content_type_app_label_model_76bd3d3b_uniq" ON "django_content_type" ("app_label", "model");
CREATE UNIQUE INDEX "auth_group_permissions_group_id_permission_id_0cd325b0_uniq" ON "auth_group_permissions" ("group_id", "permission_id");
CREATE INDEX IF NOT EXISTS "auth_group_permissions_group_id_b120cbf9" ON "auth_group_permissions" ("group_id");
CREATE INDEX IF NOT EXISTS "auth_group_permissions_permission_id_84c5c92e" ON "auth_group_permissions" ("permission_id");
CREATE UNIQUE INDEX "auth_permission_content_type_id_codename_01ab375a_uniq" ON "auth_permission" ("content_type_id", "codename");
CREATE INDEX IF NOT EXISTS "auth_permission_content_type_id_2f476e4b" ON "auth_permission" ("content_type_id");
CREATE INDEX IF NOT EXISTS "users_users_fakultet_id_5899e7a5" ON "users_users" ("fakultet_id");
CREATE UNIQUE INDEX "users_users_groups_users_id_group_id_02603a5e_uniq" ON "users_users_groups" ("users_id", "group_id");
CREATE INDEX IF NOT EXISTS "users_users_groups_users_id_5572cf36" ON "users_users_groups" ("users_id");
CREATE INDEX IF NOT EXISTS "users_users_groups_group_id_3e15ff0f" ON "users_users_groups" ("group_id");
CREATE UNIQUE INDEX "users_users_user_permissions_users_id_permission_id_119659d5_uniq" ON "users_users_user_permissions" ("users_id", "permission_id");
CREATE INDEX IF NOT EXISTS "users_users_user_permissions_users_id_04010ba6" ON "users_users_user_permissions" ("users_id");
CREATE INDEX IF NOT EXISTS "users_users_user_permissions_permission_id_9a117d64" ON "users_users_user_permissions" ("permission_id");
CREATE INDEX IF NOT EXISTS "django_admin_log_content_type_id_c4bce8eb" ON "django_admin_log" ("content_type_id");
CREATE INDEX IF NOT EXISTS "django_admin_log_user_id_c564eba6" ON "django_admin_log" ("user_id");
CREATE INDEX IF NOT EXISTS "django_session_expire_date_a5c62663" ON "django_session" ("expire_date");
CREATE UNIQUE INDEX "topshiriqs_topshiriq_users_topshiriq_id_users_id_43728bee_uniq" ON "topshiriqs_topshiriq_users" ("topshiriq_id", "users_id");
CREATE INDEX IF NOT EXISTS "topshiriqs_topshiriq_users_topshiriq_id_3495ca95" ON "topshiriqs_topshiriq_users" ("topshiriq_id");
CREATE INDEX IF NOT EXISTS "topshiriqs_topshiriq_users_users_id_bdac511d" ON "topshiriqs_topshiriq_users" ("users_id");
CREATE INDEX IF NOT EXISTS "topshiriqs_qoshimchatopshiriq_user_id_1a489478" ON "topshiriqs_qoshimchatopshiriq" ("user_id");
CREATE INDEX IF NOT EXISTS "topshiriqs_qoshimchatopshiriq_topshiriq_id_46fe60c3" ON "topshiriqs_qoshimchatopshiriq" ("topshiriq_id");
CREATE INDEX IF NOT EXISTS "topshiriqs_majburiytopshiriq_user_id_7563b9eb" ON "topshiriqs_majburiytopshiriq" ("user_id");
CREATE INDEX IF NOT EXISTS "topshiriqs_majburiytopshiriq_topshiriq_id_00197fb1" ON "topshiriqs_majburiytopshiriq" ("topshiriq_id");
CREATE TABLE IF NOT EXISTS "topshiriqs_topshiriq" ("id" char(32) NOT NULL PRIMARY KEY, "created_at" date NOT NULL, "updated_at" date NOT NULL, "topshiriq_turi" varchar(30) NOT NULL, "urinishlar_soni" varchar(2) NOT NULL, "boshlanish_vaqti" date NOT NULL, "tugash_vaqti" date NOT NULL);
CREATE UNIQUE INDEX "django_content_type_app_label_model_76bd3d3b_uniq" ON "django_content_type" ("app_label", "model");
CREATE UNIQUE INDEX "auth_group_permissions_group_id_permission_id_0cd325b0_uniq" ON "auth_group_permissions" ("group_id", "permission_id");
CREATE INDEX IF NOT EXISTS "auth_group_permissions_group_id_b120cbf9" ON "auth_group_permissions" ("group_id");
CREATE INDEX IF NOT EXISTS "auth_group_permissions_permission_id_84c5c92e" ON "auth_group_permissions" ("permission_id");
CREATE UNIQUE INDEX "auth_permission_content_type_id_codename_01ab375a_uniq" ON "auth_permission" ("content_type_id", "codename");
CREATE INDEX IF NOT EXISTS "auth_permission_content_type_id_2f476e4b" ON "auth_permission" ("content_type_id");
CREATE INDEX IF NOT EXISTS "users_users_fakultet_id_5899e7a5" ON "users_users" ("fakultet_id");
CREATE UNIQUE INDEX "users_users_groups_users_id_group_id_02603a5e_uniq" ON "users_users_groups" ("users_id", "group_id");
CREATE INDEX IF NOT EXISTS "users_users_groups_users_id_5572cf36" ON "users_users_groups" ("users_id");
CREATE INDEX IF NOT EXISTS "users_users_groups_group_id_3e15ff0f" ON "users_users_groups" ("group_id");
CREATE UNIQUE INDEX "users_users_user_permissions_users_id_permission_id_119659d5_uniq" ON "users_users_user_permissions" ("users_id", "permission_id");
CREATE INDEX IF NOT EXISTS "users_users_user_permissions_users_id_04010ba6" ON "users_users_user_permissions" ("users_id");
CREATE INDEX IF NOT EXISTS "users_users_user_permissions_permission_id_9a117d64" ON "users_users_user_permissions" ("permission_id");
CREATE INDEX IF NOT EXISTS "django_admin_log_content_type_id_c4bce8eb" ON "django_admin_log" ("content_type_id");
CREATE INDEX IF NOT EXISTS "django_admin_log_user_id_c564eba6" ON "django_admin_log" ("user_id");
CREATE INDEX IF NOT EXISTS "django_session_expire_date_a5c62663" ON "django_session" ("expire_date");
CREATE UNIQUE INDEX "topshiriqs_topshiriq_users_topshiriq_id_users_id_43728bee_uniq" ON "topshiriqs_topshiriq_users" ("topshiriq_id", "users_id");
CREATE INDEX IF NOT EXISTS "topshiriqs_topshiriq_users_topshiriq_id_3495ca95" ON "topshiriqs_topshiriq_users" ("topshiriq_id");
CREATE INDEX IF NOT EXISTS "topshiriqs_topshiriq_users_users_id_bdac511d" ON "topshiriqs_topshiriq_users" ("users_id");
CREATE INDEX IF NOT EXISTS "topshiriqs_qoshimchatopshiriq_user_id_1a489478" ON "topshiriqs_qoshimchatopshiriq" ("user_id");
CREATE INDEX IF NOT EXISTS "topshiriqs_qoshimchatopshiriq_topshiriq_id_46fe60c3" ON "topshiriqs_qoshimchatopshiriq" ("topshiriq_id");
CREATE INDEX IF NOT EXISTS "topshiriqs_majburiytopshiriq_user_id_7563b9eb" ON "topshiriqs_majburiytopshiriq" ("user_id");
CREATE INDEX IF NOT EXISTS "topshiriqs_majburiytopshiriq_topshiriq_id_00197fb1" ON "topshiriqs_majburiytopshiriq" ("topshiriq_id");
CREATE TABLE IF NOT EXISTS "topshiriqs_topshiriq_users" ("id" integer NOT NULL PRIMARY KEY AUTOINCREMENT, "topshiriq_id" char(32) NOT NULL REFERENCES "topshiriqs_topshiriq" ("id") DEFERRABLE INITIALLY DEFERRED, "users_id" char(32) NOT NULL REFERENCES "users_users" ("id") DEFERRABLE INITIALLY DEFERRED);
CREATE UNIQUE INDEX "django_content_type_app_label_model_76bd3d3b_uniq" ON "django_content_type" ("app_label", "model");
CREATE UNIQUE INDEX "auth_group_permissions_group_id_permission_id_0cd325b0_uniq" ON "auth_group_permissions" ("group_id", "permission_id");
CREATE INDEX IF NOT EXISTS "auth_group_permissions_group_id_b120cbf9" ON "auth_group_permissions" ("group_id");
CREATE INDEX IF NOT EXISTS "auth_group_permissions_permission_id_84c5c92e" ON "auth_group_permissions" ("permission_id");
CREATE UNIQUE INDEX "auth_permission_content_type_id_codename_01ab375a_uniq" ON "auth_permission" ("content_type_id", "codename");
CREATE INDEX IF NOT EXISTS "auth_permission_content_type_id_2f476e4b" ON "auth_permission" ("content_type_id");
CREATE INDEX IF NOT EXISTS "users_users_fakultet_id_5899e7a5" ON "users_users" ("fakultet_id");
CREATE UNIQUE INDEX "users_users_groups_users_id_group_id_02603a5e_uniq" ON "users_users_groups" ("users_id", "group_id");
CREATE INDEX IF NOT EXISTS "users_users_groups_users_id_5572cf36" ON "users_users_groups" ("users_id");
CREATE INDEX IF NOT EXISTS "users_users_groups_group_id_3e15ff0f" ON "users_users_groups" ("group_id");
CREATE UNIQUE INDEX "users_users_user_permissions_users_id_permission_id_119659d5_uniq" ON "users_users_user_permissions" ("users_id", "permission_id");
CREATE INDEX IF NOT EXISTS "users_users_user_permissions_users_id_04010ba6" ON "users_users_user_permissions" ("users_id");
CREATE INDEX IF NOT EXISTS "users_users_user_permissions_permission_id_9a117d64" ON "users_users_user_permissions" ("permission_id");
CREATE INDEX IF NOT EXISTS "django_admin_log_content_type_id_c4bce8eb" ON "django_admin_log" ("content_type_id");
CREATE INDEX IF NOT EXISTS "django_admin_log_user_id_c564eba6" ON "django_admin_log" ("user_id");
CREATE INDEX IF NOT EXISTS "django_session_expire_date_a5c62663" ON "django_session" ("expire_date");
CREATE UNIQUE INDEX "topshiriqs_topshiriq_users_topshiriq_id_users_id_43728bee_uniq" ON "topshiriqs_topshiriq_users" ("topshiriq_id", "users_id");
CREATE INDEX IF NOT EXISTS "topshiriqs_topshiriq_users_topshiriq_id_3495ca95" ON "topshiriqs_topshiriq_users" ("topshiriq_id");
CREATE INDEX IF NOT EXISTS "topshiriqs_topshiriq_users_users_id_bdac511d" ON "topshiriqs_topshiriq_users" ("users_id");
CREATE INDEX IF NOT EXISTS "topshiriqs_qoshimchatopshiriq_user_id_1a489478" ON "topshiriqs_qoshimchatopshiriq" ("user_id");
CREATE INDEX IF NOT EXISTS "topshiriqs_qoshimchatopshiriq_topshiriq_id_46fe60c3" ON "topshiriqs_qoshimchatopshiriq" ("topshiriq_id");
CREATE INDEX IF NOT EXISTS "topshiriqs_majburiytopshiriq_user_id_7563b9eb" ON "topshiriqs_majburiytopshiriq" ("user_id");
CREATE INDEX IF NOT EXISTS "topshiriqs_majburiytopshiriq_topshiriq_id_00197fb1" ON "topshiriqs_majburiytopshiriq" ("topshiriq_id");
CREATE TABLE IF NOT EXISTS "users_fakultets" ("id" char(32) NOT NULL PRIMARY KEY, "created_at" date NOT NULL, "updated_at" date NOT NULL, "name" varchar(255) NOT NULL);
INSERT INTO "users_fakultets" VALUES('75b36b689183411aac174c5f7ceb5e6f','2025-01-31','2025-01-31','Asosiy');
CREATE UNIQUE INDEX "django_content_type_app_label_model_76bd3d3b_uniq" ON "django_content_type" ("app_label", "model");
CREATE UNIQUE INDEX "auth_group_permissions_group_id_permission_id_0cd325b0_uniq" ON "auth_group_permissions" ("group_id", "permission_id");
CREATE INDEX IF NOT EXISTS "auth_group_permissions_group_id_b120cbf9" ON "auth_group_permissions" ("group_id");
CREATE INDEX IF NOT EXISTS "auth_group_permissions_permission_id_84c5c92e" ON "auth_group_permissions" ("permission_id");
CREATE UNIQUE INDEX "auth_permission_content_type_id_codename_01ab375a_uniq" ON "auth_permission" ("content_type_id", "codename");
CREATE INDEX IF NOT EXISTS "auth_permission_content_type_id_2f476e4b" ON "auth_permission" ("content_type_id");
CREATE INDEX IF NOT EXISTS "users_users_fakultet_id_5899e7a5" ON "users_users" ("fakultet_id");
CREATE UNIQUE INDEX "users_users_groups_users_id_group_id_02603a5e_uniq" ON "users_users_groups" ("users_id", "group_id");
CREATE INDEX IF NOT EXISTS "users_users_groups_users_id_5572cf36" ON "users_users_groups" ("users_id");
CREATE INDEX IF NOT EXISTS "users_users_groups_group_id_3e15ff0f" ON "users_users_groups" ("group_id");
CREATE UNIQUE INDEX "users_users_user_permissions_users_id_permission_id_119659d5_uniq" ON "users_users_user_permissions" ("users_id", "permission_id");
CREATE INDEX IF NOT EXISTS "users_users_user_permissions_users_id_04010ba6" ON "users_users_user_permissions" ("users_id");
CREATE INDEX IF NOT EXISTS "users_users_user_permissions_permission_id_9a117d64" ON "users_users_user_permissions" ("permission_id");
CREATE INDEX IF NOT EXISTS "django_admin_log_content_type_id_c4bce8eb" ON "django_admin_log" ("content_type_id");
CREATE INDEX IF NOT EXISTS "django_admin_log_user_id_c564eba6" ON "django_admin_log" ("user_id");
CREATE INDEX IF NOT EXISTS "django_session_expire_date_a5c62663" ON "django_session" ("expire_date");
CREATE UNIQUE INDEX "topshiriqs_topshiriq_users_topshiriq_id_users_id_43728bee_uniq" ON "topshiriqs_topshiriq_users" ("topshiriq_id", "users_id");
CREATE INDEX IF NOT EXISTS "topshiriqs_topshiriq_users_topshiriq_id_3495ca95" ON "topshiriqs_topshiriq_users" ("topshiriq_id");
CREATE INDEX IF NOT EXISTS "topshiriqs_topshiriq_users_users_id_bdac511d" ON "topshiriqs_topshiriq_users" ("users_id");
CREATE INDEX IF NOT EXISTS "topshiriqs_qoshimchatopshiriq_user_id_1a489478" ON "topshiriqs_qoshimchatopshiriq" ("user_id");
CREATE INDEX IF NOT EXISTS "topshiriqs_qoshimchatopshiriq_topshiriq_id_46fe60c3" ON "topshiriqs_qoshimchatopshiriq" ("topshiriq_id");
CREATE INDEX IF NOT EXISTS "topshiriqs_majburiytopshiriq_user_id_7563b9eb" ON "topshiriqs_majburiytopshiriq" ("user_id");
CREATE INDEX IF NOT EXISTS "topshiriqs_majburiytopshiriq_topshiriq_id_00197fb1" ON "topshiriqs_majburiytopshiriq" ("topshiriq_id");
CREATE TABLE IF NOT EXISTS "users_users" ("password" varchar(128) NOT NULL, "last_login" datetime NULL, "is_superuser" bool NOT NULL, "username" varchar(150) NOT NULL UNIQUE, "first_name" varchar(150) NOT NULL, "last_name" varchar(150) NOT NULL, "email" varchar(254) NOT NULL, "is_staff" bool NOT NULL, "is_active" bool NOT NULL, "date_joined" datetime NOT NULL, "id" char(32) NOT NULL PRIMARY KEY, "role" varchar(30) NOT NULL, "rasm" varchar(100) NOT NULL, "parol" varchar(255) NOT NULL, "fakultet_id" char(32) NULL REFERENCES "users_fakultets" ("id") DEFERRABLE INITIALLY DEFERRED);
INSERT INTO "users_users" VALUES('pbkdf2_sha256$870000$Lvk652DZDo8qLI27kKvoAi$I1xzpP3PkUkqutKO6PuBFCToFn/JS91ruCkscp0156A=',NULL,1,'haker','','','',1,1,'2025-01-31 06:43:20.843285','10832be04cf84fcb89da547afffac19b','','','',NULL);
INSERT INTO "users_users" VALUES('pbkdf2_sha256$870000$eg8uLV2TYqqwmrAkk9QzAV$bZEbA+xF9aDvuSSe+Gwm1euSsgK7oSnyZk5jVWbSl+E=',NULL,0,'admin','admin','admin','',0,0,'2025-01-31 06:48:39.592404','dd933ec578e44bf09a9c9251e8f7b20c','admin','','admin123','75b36b689183411aac174c5f7ceb5e6f');
INSERT INTO "users_users" VALUES('pbkdf2_sha256$870000$L1ZyF3XxMWXFqDcUpXqKGj$tbM38/t/Z2+LNEtLSRiXz+A0Kq6arhWXOYHt3AXaUWc=',NULL,0,'tyutor','tyutor','tyutor','',0,0,'2025-01-31 06:50:02.601005','7960d47b347e4b59871dfdd2af8c1715','tutor','','admin123','75b36b689183411aac174c5f7ceb5e6f');
INSERT INTO "users_users" VALUES('pbkdf2_sha256$870000$iMGFLnnjpKiphiHcYHc6WH$FE2hvfnTXQ0M3iKRqvxmf+bDW3Gk252pcUD1SDgels4=',NULL,0,'tyutor1','tyutor','tyutor','',0,0,'2025-01-31 06:51:00.665652','513c30d30c3e47099f55950a434726ca','tyutor','','admin123','75b36b689183411aac174c5f7ceb5e6f');
CREATE UNIQUE INDEX "django_content_type_app_label_model_76bd3d3b_uniq" ON "django_content_type" ("app_label", "model");
CREATE UNIQUE INDEX "auth_group_permissions_group_id_permission_id_0cd325b0_uniq" ON "auth_group_permissions" ("group_id", "permission_id");
CREATE INDEX IF NOT EXISTS "auth_group_permissions_group_id_b120cbf9" ON "auth_group_permissions" ("group_id");
CREATE INDEX IF NOT EXISTS "auth_group_permissions_permission_id_84c5c92e" ON "auth_group_permissions" ("permission_id");
CREATE UNIQUE INDEX "auth_permission_content_type_id_codename_01ab375a_uniq" ON "auth_permission" ("content_type_id", "codename");
CREATE INDEX IF NOT EXISTS "auth_permission_content_type_id_2f476e4b" ON "auth_permission" ("content_type_id");
CREATE INDEX IF NOT EXISTS "users_users_fakultet_id_5899e7a5" ON "users_users" ("fakultet_id");
CREATE UNIQUE INDEX "users_users_groups_users_id_group_id_02603a5e_uniq" ON "users_users_groups" ("users_id", "group_id");
CREATE INDEX IF NOT EXISTS "users_users_groups_users_id_5572cf36" ON "users_users_groups" ("users_id");
CREATE INDEX IF NOT EXISTS "users_users_groups_group_id_3e15ff0f" ON "users_users_groups" ("group_id");
CREATE UNIQUE INDEX "users_users_user_permissions_users_id_permission_id_119659d5_uniq" ON "users_users_user_permissions" ("users_id", "permission_id");
CREATE INDEX IF NOT EXISTS "users_users_user_permissions_users_id_04010ba6" ON "users_users_user_permissions" ("users_id");
CREATE INDEX IF NOT EXISTS "users_users_user_permissions_permission_id_9a117d64" ON "users_users_user_permissions" ("permission_id");
CREATE INDEX IF NOT EXISTS "django_admin_log_content_type_id_c4bce8eb" ON "django_admin_log" ("content_type_id");
CREATE INDEX IF NOT EXISTS "django_admin_log_user_id_c564eba6" ON "django_admin_log" ("user_id");
CREATE INDEX IF NOT EXISTS "django_session_expire_date_a5c62663" ON "django_session" ("expire_date");
CREATE UNIQUE INDEX "topshiriqs_topshiriq_users_topshiriq_id_users_id_43728bee_uniq" ON "topshiriqs_topshiriq_users" ("topshiriq_id", "users_id");
CREATE INDEX IF NOT EXISTS "topshiriqs_topshiriq_users_topshiriq_id_3495ca95" ON "topshiriqs_topshiriq_users" ("topshiriq_id");
CREATE INDEX IF NOT EXISTS "topshiriqs_topshiriq_users_users_id_bdac511d" ON "topshiriqs_topshiriq_users" ("users_id");
CREATE INDEX IF NOT EXISTS "topshiriqs_qoshimchatopshiriq_user_id_1a489478" ON "topshiriqs_qoshimchatopshiriq" ("user_id");
CREATE INDEX IF NOT EXISTS "topshiriqs_qoshimchatopshiriq_topshiriq_id_46fe60c3" ON "topshiriqs_qoshimchatopshiriq" ("topshiriq_id");
CREATE INDEX IF NOT EXISTS "topshiriqs_majburiytopshiriq_user_id_7563b9eb" ON "topshiriqs_majburiytopshiriq" ("user_id");
CREATE INDEX IF NOT EXISTS "topshiriqs_majburiytopshiriq_topshiriq_id_00197fb1" ON "topshiriqs_majburiytopshiriq" ("topshiriq_id");
CREATE TABLE IF NOT EXISTS "users_users_groups" ("id" integer NOT NULL PRIMARY KEY AUTOINCREMENT, "users_id" char(32) NOT NULL REFERENCES "users_users" ("id") DEFERRABLE INITIALLY DEFERRED, "group_id" integer NOT NULL REFERENCES "auth_group" ("id") DEFERRABLE INITIALLY DEFERRED);
CREATE UNIQUE INDEX "django_content_type_app_label_model_76bd3d3b_uniq" ON "django_content_type" ("app_label", "model");
CREATE UNIQUE INDEX "auth_group_permissions_group_id_permission_id_0cd325b0_uniq" ON "auth_group_permissions" ("group_id", "permission_id");
CREATE INDEX IF NOT EXISTS "auth_group_permissions_group_id_b120cbf9" ON "auth_group_permissions" ("group_id");
CREATE INDEX IF NOT EXISTS "auth_group_permissions_permission_id_84c5c92e" ON "auth_group_permissions" ("permission_id");
CREATE UNIQUE INDEX "auth_permission_content_type_id_codename_01ab375a_uniq" ON "auth_permission" ("content_type_id", "codename");
CREATE INDEX IF NOT EXISTS "auth_permission_content_type_id_2f476e4b" ON "auth_permission" ("content_type_id");
CREATE INDEX IF NOT EXISTS "users_users_fakultet_id_5899e7a5" ON "users_users" ("fakultet_id");
CREATE UNIQUE INDEX "users_users_groups_users_id_group_id_02603a5e_uniq" ON "users_users_groups" ("users_id", "group_id");
CREATE INDEX IF NOT EXISTS "users_users_groups_users_id_5572cf36" ON "users_users_groups" ("users_id");
CREATE INDEX IF NOT EXISTS "users_users_groups_group_id_3e15ff0f" ON "users_users_groups" ("group_id");
CREATE UNIQUE INDEX "users_users_user_permissions_users_id_permission_id_119659d5_uniq" ON "users_users_user_permissions" ("users_id", "permission_id");
CREATE INDEX IF NOT EXISTS "users_users_user_permissions_users_id_04010ba6" ON "users_users_user_permissions" ("users_id");
CREATE INDEX IF NOT EXISTS "users_users_user_permissions_permission_id_9a117d64" ON "users_users_user_permissions" ("permission_id");
CREATE INDEX IF NOT EXISTS "django_admin_log_content_type_id_c4bce8eb" ON "django_admin_log" ("content_type_id");
CREATE INDEX IF NOT EXISTS "django_admin_log_user_id_c564eba6" ON "django_admin_log" ("user_id");
CREATE INDEX IF NOT EXISTS "django_session_expire_date_a5c62663" ON "django_session" ("expire_date");
CREATE UNIQUE INDEX "topshiriqs_topshiriq_users_topshiriq_id_users_id_43728bee_uniq" ON "topshiriqs_topshiriq_users" ("topshiriq_id", "users_id");
CREATE INDEX IF NOT EXISTS "topshiriqs_topshiriq_users_topshiriq_id_3495ca95" ON "topshiriqs_topshiriq_users" ("topshiriq_id");
CREATE INDEX IF NOT EXISTS "topshiriqs_topshiriq_users_users_id_bdac511d" ON "topshiriqs_topshiriq_users" ("users_id");
CREATE INDEX IF NOT EXISTS "topshiriqs_qoshimchatopshiriq_user_id_1a489478" ON "topshiriqs_qoshimchatopshiriq" ("user_id");
CREATE INDEX IF NOT EXISTS "topshiriqs_qoshimchatopshiriq_topshiriq_id_46fe60c3" ON "topshiriqs_qoshimchatopshiriq" ("topshiriq_id");
CREATE INDEX IF NOT EXISTS "topshiriqs_majburiytopshiriq_user_id_7563b9eb" ON "topshiriqs_majburiytopshiriq" ("user_id");
CREATE INDEX IF NOT EXISTS "topshiriqs_majburiytopshiriq_topshiriq_id_00197fb1" ON "topshiriqs_majburiytopshiriq" ("topshiriq_id");
CREATE TABLE IF NOT EXISTS "users_users_user_permissions" ("id" integer NOT NULL PRIMARY KEY AUTOINCREMENT, "users_id" char(32) NOT NULL REFERENCES "users_users" ("id") DEFERRABLE INITIALLY DEFERRED, "permission_id" integer NOT NULL REFERENCES "auth_permission" ("id") DEFERRABLE INITIALLY DEFERRED);
CREATE UNIQUE INDEX "django_content_type_app_label_model_76bd3d3b_uniq" ON "django_content_type" ("app_label", "model");
CREATE UNIQUE INDEX "auth_group_permissions_group_id_permission_id_0cd325b0_uniq" ON "auth_group_permissions" ("group_id", "permission_id");
CREATE INDEX IF NOT EXISTS "auth_group_permissions_group_id_b120cbf9" ON "auth_group_permissions" ("group_id");
CREATE INDEX IF NOT EXISTS "auth_group_permissions_permission_id_84c5c92e" ON "auth_group_permissions" ("permission_id");
CREATE UNIQUE INDEX "auth_permission_content_type_id_codename_01ab375a_uniq" ON "auth_permission" ("content_type_id", "codename");
CREATE INDEX IF NOT EXISTS "auth_permission_content_type_id_2f476e4b" ON "auth_permission" ("content_type_id");
CREATE INDEX IF NOT EXISTS "users_users_fakultet_id_5899e7a5" ON "users_users" ("fakultet_id");
CREATE UNIQUE INDEX "users_users_groups_users_id_group_id_02603a5e_uniq" ON "users_users_groups" ("users_id", "group_id");
CREATE INDEX IF NOT EXISTS "users_users_groups_users_id_5572cf36" ON "users_users_groups" ("users_id");
CREATE INDEX IF NOT EXISTS "users_users_groups_group_id_3e15ff0f" ON "users_users_groups" ("group_id");
CREATE UNIQUE INDEX "users_users_user_permissions_users_id_permission_id_119659d5_uniq" ON "users_users_user_permissions" ("users_id", "permission_id");
CREATE INDEX IF NOT EXISTS "users_users_user_permissions_users_id_04010ba6" ON "users_users_user_permissions" ("users_id");
CREATE INDEX IF NOT EXISTS "users_users_user_permissions_permission_id_9a117d64" ON "users_users_user_permissions" ("permission_id");
CREATE INDEX IF NOT EXISTS "django_admin_log_content_type_id_c4bce8eb" ON "django_admin_log" ("content_type_id");
CREATE INDEX IF NOT EXISTS "django_admin_log_user_id_c564eba6" ON "django_admin_log" ("user_id");
CREATE INDEX IF NOT EXISTS "django_session_expire_date_a5c62663" ON "django_session" ("expire_date");
CREATE UNIQUE INDEX "topshiriqs_topshiriq_users_topshiriq_id_users_id_43728bee_uniq" ON "topshiriqs_topshiriq_users" ("topshiriq_id", "users_id");
CREATE INDEX IF NOT EXISTS "topshiriqs_topshiriq_users_topshiriq_id_3495ca95" ON "topshiriqs_topshiriq_users" ("topshiriq_id");
CREATE INDEX IF NOT EXISTS "topshiriqs_topshiriq_users_users_id_bdac511d" ON "topshiriqs_topshiriq_users" ("users_id");
CREATE INDEX IF NOT EXISTS "topshiriqs_qoshimchatopshiriq_user_id_1a489478" ON "topshiriqs_qoshimchatopshiriq" ("user_id");
CREATE INDEX IF NOT EXISTS "topshiriqs_qoshimchatopshiriq_topshiriq_id_46fe60c3" ON "topshiriqs_qoshimchatopshiriq" ("topshiriq_id");
CREATE INDEX IF NOT EXISTS "topshiriqs_majburiytopshiriq_user_id_7563b9eb" ON "topshiriqs_majburiytopshiriq" ("user_id");
CREATE INDEX IF NOT EXISTS "topshiriqs_majburiytopshiriq_topshiriq_id_00197fb1" ON "topshiriqs_majburiytopshiriq" ("topshiriq_id");
