CREATE TABLE IF NOT EXISTS "auth_group" ("id" integer NOT NULL PRIMARY KEY AUTOINCREMENT, "name" varchar(150) NOT NULL UNIQUE);
CREATE UNIQUE INDEX "django_content_type_app_label_model_76bd3d3b_uniq" ON "django_content_type" ("app_label", "model");
CREATE UNIQUE INDEX "auth_group_permissions_group_id_permission_id_0cd325b0_uniq" ON "auth_group_permissions" ("group_id", "permission_id");
CREATE INDEX IF NOT EXISTS "auth_group_permissions_group_id_b120cbf9" ON "auth_group_permissions" ("group_id");
CREATE INDEX IF NOT EXISTS "auth_group_permissions_permission_id_84c5c92e" ON "auth_group_permissions" ("permission_id");
CREATE UNIQUE INDEX "auth_permission_content_type_id_codename_01ab375a_uniq" ON "auth_permission" ("content_type_id", "codename");
CREATE INDEX IF NOT EXISTS "auth_permission_content_type_id_2f476e4b" ON "auth_permission" ("content_type_id");
CREATE UNIQUE INDEX "users_users_groups_users_id_group_id_02603a5e_uniq" ON "users_users_groups" ("users_id", "group_id");
CREATE INDEX IF NOT EXISTS "users_users_groups_users_id_5572cf36" ON "users_users_groups" ("users_id");
CREATE INDEX IF NOT EXISTS "users_users_groups_group_id_3e15ff0f" ON "users_users_groups" ("group_id");
CREATE UNIQUE INDEX "users_users_user_permissions_users_id_permission_id_119659d5_uniq" ON "users_users_user_permissions" ("users_id", "permission_id");
CREATE INDEX IF NOT EXISTS "users_users_user_permissions_users_id_04010ba6" ON "users_users_user_permissions" ("users_id");
CREATE INDEX IF NOT EXISTS "users_users_user_permissions_permission_id_9a117d64" ON "users_users_user_permissions" ("permission_id");
CREATE UNIQUE INDEX "users_users_guruh_users_id_guruh_id_16818314_uniq" ON "users_users_guruh" ("users_id", "guruh_id");
CREATE INDEX IF NOT EXISTS "users_users_guruh_users_id_051e1fae" ON "users_users_guruh" ("users_id");
CREATE INDEX IF NOT EXISTS "users_users_guruh_guruh_id_d324ae18" ON "users_users_guruh" ("guruh_id");
CREATE INDEX IF NOT EXISTS "django_admin_log_content_type_id_c4bce8eb" ON "django_admin_log" ("content_type_id");
CREATE INDEX IF NOT EXISTS "django_admin_log_user_id_c564eba6" ON "django_admin_log" ("user_id");
CREATE INDEX IF NOT EXISTS "django_session_expire_date_a5c62663" ON "django_session" ("expire_date");
CREATE INDEX IF NOT EXISTS "topshiriq_majburiytopshiriq_topshiriq_id_6a375b5e" ON "topshiriq_majburiytopshiriq" ("topshiriq_id");
CREATE INDEX IF NOT EXISTS "topshiriq_majburiytopshiriq_user_id_bc19da0e" ON "topshiriq_majburiytopshiriq" ("user_id");
CREATE INDEX IF NOT EXISTS "topshiriq_ozsohasidatopshiriq_topshiriq_id_cfd07056" ON "topshiriq_ozsohasidatopshiriq" ("topshiriq_id");
CREATE INDEX IF NOT EXISTS "topshiriq_ozsohasidatopshiriq_user_id_1907d4e6" ON "topshiriq_ozsohasidatopshiriq" ("user_id");
CREATE INDEX IF NOT EXISTS "topshiriq_ozxohishibilantopshiriq_user_id_86076857" ON "topshiriq_ozxohishibilantopshiriq" ("user_id");
CREATE INDEX IF NOT EXISTS "topshiriq_qoshimchatopshiriq_topshiriq_id_1763c045" ON "topshiriq_qoshimchatopshiriq" ("topshiriq_id");
CREATE INDEX IF NOT EXISTS "topshiriq_qoshimchatopshiriq_user_id_ddeb336f" ON "topshiriq_qoshimchatopshiriq" ("user_id");
CREATE INDEX IF NOT EXISTS "topshiriq_topshiriq_admin_user_id_375d331e" ON "topshiriq_topshiriq" ("admin_user_id");
CREATE UNIQUE INDEX "topshiriq_topshiriq_topshiriq_users_topshiriq_id_users_id_9df7825a_uniq" ON "topshiriq_topshiriq_topshiriq_users" ("topshiriq_id", "users_id");
CREATE INDEX IF NOT EXISTS "topshiriq_topshiriq_topshiriq_users_topshiriq_id_5dd32f78" ON "topshiriq_topshiriq_topshiriq_users" ("topshiriq_id");
CREATE INDEX IF NOT EXISTS "topshiriq_topshiriq_topshiriq_users_users_id_c5e10809" ON "topshiriq_topshiriq_topshiriq_users" ("users_id");
CREATE INDEX IF NOT EXISTS "topshiriq_testjavob_test_id_a4e13899" ON "topshiriq_testjavob" ("test_id");
CREATE INDEX IF NOT EXISTS "topshiriq_testjavob_topshiriq_id_ee6b6c3e" ON "topshiriq_testjavob" ("topshiriq_id");
CREATE INDEX IF NOT EXISTS "topshiriq_testjavob_user_id_57f261fa" ON "topshiriq_testjavob" ("user_id");
CREATE INDEX IF NOT EXISTS "topshiriq_testtopshiriq_test_id_1daf8008" ON "topshiriq_testtopshiriq" ("test_id");
CREATE INDEX IF NOT EXISTS "topshiriq_testtopshiriq_topshiriq_id_62168f9b" ON "topshiriq_testtopshiriq" ("topshiriq_id");
CREATE INDEX IF NOT EXISTS "users_guruh_kurs_id_975e2233" ON "users_guruh" ("kurs_id");
CREATE INDEX IF NOT EXISTS "users_kurs_yonalish_id_abaabe16" ON "users_kurs" ("yonalish_id");
CREATE INDEX IF NOT EXISTS "users_yonalish_fakultet_id_06a47876" ON "users_yonalish" ("fakultet_id");
CREATE INDEX IF NOT EXISTS "users_users_fakultet_id_5899e7a5" ON "users_users" ("fakultet_id");
CREATE INDEX IF NOT EXISTS "users_talaba_guruh_id_5019158a" ON "users_talaba" ("guruh_id");
CREATE INDEX IF NOT EXISTS "users_talaba_tyutor_id_03cffefb" ON "users_talaba" ("tyutor_id");
CREATE INDEX IF NOT EXISTS "topshiriq_talabalar_guruh_id_96473ecf" ON "topshiriq_talabalar" ("guruh_id");
CREATE INDEX IF NOT EXISTS "topshiriq_talabalar_tyutor_id_6ec73ab0" ON "topshiriq_talabalar" ("tyutor_id");
CREATE INDEX IF NOT EXISTS "topshiriq_testlar_tyutor_id_9bd168cc" ON "topshiriq_testlar" ("tyutor_id");
CREATE TABLE IF NOT EXISTS "auth_group_permissions" ("id" integer NOT NULL PRIMARY KEY AUTOINCREMENT, "group_id" integer NOT NULL REFERENCES "auth_group" ("id") DEFERRABLE INITIALLY DEFERRED, "permission_id" integer NOT NULL REFERENCES "auth_permission" ("id") DEFERRABLE INITIALLY DEFERRED);
CREATE UNIQUE INDEX "django_content_type_app_label_model_76bd3d3b_uniq" ON "django_content_type" ("app_label", "model");
CREATE UNIQUE INDEX "auth_group_permissions_group_id_permission_id_0cd325b0_uniq" ON "auth_group_permissions" ("group_id", "permission_id");
CREATE INDEX IF NOT EXISTS "auth_group_permissions_group_id_b120cbf9" ON "auth_group_permissions" ("group_id");
CREATE INDEX IF NOT EXISTS "auth_group_permissions_permission_id_84c5c92e" ON "auth_group_permissions" ("permission_id");
CREATE UNIQUE INDEX "auth_permission_content_type_id_codename_01ab375a_uniq" ON "auth_permission" ("content_type_id", "codename");
CREATE INDEX IF NOT EXISTS "auth_permission_content_type_id_2f476e4b" ON "auth_permission" ("content_type_id");
CREATE UNIQUE INDEX "users_users_groups_users_id_group_id_02603a5e_uniq" ON "users_users_groups" ("users_id", "group_id");
CREATE INDEX IF NOT EXISTS "users_users_groups_users_id_5572cf36" ON "users_users_groups" ("users_id");
CREATE INDEX IF NOT EXISTS "users_users_groups_group_id_3e15ff0f" ON "users_users_groups" ("group_id");
CREATE UNIQUE INDEX "users_users_user_permissions_users_id_permission_id_119659d5_uniq" ON "users_users_user_permissions" ("users_id", "permission_id");
CREATE INDEX IF NOT EXISTS "users_users_user_permissions_users_id_04010ba6" ON "users_users_user_permissions" ("users_id");
CREATE INDEX IF NOT EXISTS "users_users_user_permissions_permission_id_9a117d64" ON "users_users_user_permissions" ("permission_id");
CREATE UNIQUE INDEX "users_users_guruh_users_id_guruh_id_16818314_uniq" ON "users_users_guruh" ("users_id", "guruh_id");
CREATE INDEX IF NOT EXISTS "users_users_guruh_users_id_051e1fae" ON "users_users_guruh" ("users_id");
CREATE INDEX IF NOT EXISTS "users_users_guruh_guruh_id_d324ae18" ON "users_users_guruh" ("guruh_id");
CREATE INDEX IF NOT EXISTS "django_admin_log_content_type_id_c4bce8eb" ON "django_admin_log" ("content_type_id");
CREATE INDEX IF NOT EXISTS "django_admin_log_user_id_c564eba6" ON "django_admin_log" ("user_id");
CREATE INDEX IF NOT EXISTS "django_session_expire_date_a5c62663" ON "django_session" ("expire_date");
CREATE INDEX IF NOT EXISTS "topshiriq_majburiytopshiriq_topshiriq_id_6a375b5e" ON "topshiriq_majburiytopshiriq" ("topshiriq_id");
CREATE INDEX IF NOT EXISTS "topshiriq_majburiytopshiriq_user_id_bc19da0e" ON "topshiriq_majburiytopshiriq" ("user_id");
CREATE INDEX IF NOT EXISTS "topshiriq_ozsohasidatopshiriq_topshiriq_id_cfd07056" ON "topshiriq_ozsohasidatopshiriq" ("topshiriq_id");
CREATE INDEX IF NOT EXISTS "topshiriq_ozsohasidatopshiriq_user_id_1907d4e6" ON "topshiriq_ozsohasidatopshiriq" ("user_id");
CREATE INDEX IF NOT EXISTS "topshiriq_ozxohishibilantopshiriq_user_id_86076857" ON "topshiriq_ozxohishibilantopshiriq" ("user_id");
CREATE INDEX IF NOT EXISTS "topshiriq_qoshimchatopshiriq_topshiriq_id_1763c045" ON "topshiriq_qoshimchatopshiriq" ("topshiriq_id");
CREATE INDEX IF NOT EXISTS "topshiriq_qoshimchatopshiriq_user_id_ddeb336f" ON "topshiriq_qoshimchatopshiriq" ("user_id");
CREATE INDEX IF NOT EXISTS "topshiriq_topshiriq_admin_user_id_375d331e" ON "topshiriq_topshiriq" ("admin_user_id");
CREATE UNIQUE INDEX "topshiriq_topshiriq_topshiriq_users_topshiriq_id_users_id_9df7825a_uniq" ON "topshiriq_topshiriq_topshiriq_users" ("topshiriq_id", "users_id");
CREATE INDEX IF NOT EXISTS "topshiriq_topshiriq_topshiriq_users_topshiriq_id_5dd32f78" ON "topshiriq_topshiriq_topshiriq_users" ("topshiriq_id");
CREATE INDEX IF NOT EXISTS "topshiriq_topshiriq_topshiriq_users_users_id_c5e10809" ON "topshiriq_topshiriq_topshiriq_users" ("users_id");
CREATE INDEX IF NOT EXISTS "topshiriq_testjavob_test_id_a4e13899" ON "topshiriq_testjavob" ("test_id");
CREATE INDEX IF NOT EXISTS "topshiriq_testjavob_topshiriq_id_ee6b6c3e" ON "topshiriq_testjavob" ("topshiriq_id");
CREATE INDEX IF NOT EXISTS "topshiriq_testjavob_user_id_57f261fa" ON "topshiriq_testjavob" ("user_id");
CREATE INDEX IF NOT EXISTS "topshiriq_testtopshiriq_test_id_1daf8008" ON "topshiriq_testtopshiriq" ("test_id");
CREATE INDEX IF NOT EXISTS "topshiriq_testtopshiriq_topshiriq_id_62168f9b" ON "topshiriq_testtopshiriq" ("topshiriq_id");
CREATE INDEX IF NOT EXISTS "users_guruh_kurs_id_975e2233" ON "users_guruh" ("kurs_id");
CREATE INDEX IF NOT EXISTS "users_kurs_yonalish_id_abaabe16" ON "users_kurs" ("yonalish_id");
CREATE INDEX IF NOT EXISTS "users_yonalish_fakultet_id_06a47876" ON "users_yonalish" ("fakultet_id");
CREATE INDEX IF NOT EXISTS "users_users_fakultet_id_5899e7a5" ON "users_users" ("fakultet_id");
CREATE INDEX IF NOT EXISTS "users_talaba_guruh_id_5019158a" ON "users_talaba" ("guruh_id");
CREATE INDEX IF NOT EXISTS "users_talaba_tyutor_id_03cffefb" ON "users_talaba" ("tyutor_id");
CREATE INDEX IF NOT EXISTS "topshiriq_talabalar_guruh_id_96473ecf" ON "topshiriq_talabalar" ("guruh_id");
CREATE INDEX IF NOT EXISTS "topshiriq_talabalar_tyutor_id_6ec73ab0" ON "topshiriq_talabalar" ("tyutor_id");
CREATE INDEX IF NOT EXISTS "topshiriq_testlar_tyutor_id_9bd168cc" ON "topshiriq_testlar" ("tyutor_id");
CREATE TABLE IF NOT EXISTS "auth_permission" ("id" integer NOT NULL PRIMARY KEY AUTOINCREMENT, "content_type_id" integer NOT NULL REFERENCES "django_content_type" ("id") DEFERRABLE INITIALLY DEFERRED, "codename" varchar(100) NOT NULL, "name" varchar(255) NOT NULL);
INSERT INTO "auth_permission" VALUES(1,1,'add_logentry','Can add log entry');
INSERT INTO "auth_permission" VALUES(2,1,'change_logentry','Can change log entry');
INSERT INTO "auth_permission" VALUES(3,1,'delete_logentry','Can delete log entry');
INSERT INTO "auth_permission" VALUES(4,1,'view_logentry','Can view log entry');
INSERT INTO "auth_permission" VALUES(5,2,'add_permission','Can add permission');
INSERT INTO "auth_permission" VALUES(6,2,'change_permission','Can change permission');
INSERT INTO "auth_permission" VALUES(7,2,'delete_permission','Can delete permission');
INSERT INTO "auth_permission" VALUES(8,2,'view_permission','Can view permission');
INSERT INTO "auth_permission" VALUES(9,3,'add_group','Can add group');
INSERT INTO "auth_permission" VALUES(10,3,'change_group','Can change group');
INSERT INTO "auth_permission" VALUES(11,3,'delete_group','Can delete group');
INSERT INTO "auth_permission" VALUES(12,3,'view_group','Can view group');
INSERT INTO "auth_permission" VALUES(13,4,'add_contenttype','Can add content type');
INSERT INTO "auth_permission" VALUES(14,4,'change_contenttype','Can change content type');
INSERT INTO "auth_permission" VALUES(15,4,'delete_contenttype','Can delete content type');
INSERT INTO "auth_permission" VALUES(16,4,'view_contenttype','Can view content type');
INSERT INTO "auth_permission" VALUES(17,5,'add_session','Can add session');
INSERT INTO "auth_permission" VALUES(18,5,'change_session','Can change session');
INSERT INTO "auth_permission" VALUES(19,5,'delete_session','Can delete session');
INSERT INTO "auth_permission" VALUES(20,5,'view_session','Can view session');
INSERT INTO "auth_permission" VALUES(21,6,'add_fakultet','Can add fakultet');
INSERT INTO "auth_permission" VALUES(22,6,'change_fakultet','Can change fakultet');
INSERT INTO "auth_permission" VALUES(23,6,'delete_fakultet','Can delete fakultet');
INSERT INTO "auth_permission" VALUES(24,6,'view_fakultet','Can view fakultet');
INSERT INTO "auth_permission" VALUES(25,7,'add_guruh','Can add guruh');
INSERT INTO "auth_permission" VALUES(26,7,'change_guruh','Can change guruh');
INSERT INTO "auth_permission" VALUES(27,7,'delete_guruh','Can delete guruh');
INSERT INTO "auth_permission" VALUES(28,7,'view_guruh','Can view guruh');
INSERT INTO "auth_permission" VALUES(29,8,'add_kurs','Can add kurs');
INSERT INTO "auth_permission" VALUES(30,8,'change_kurs','Can change kurs');
INSERT INTO "auth_permission" VALUES(31,8,'delete_kurs','Can delete kurs');
INSERT INTO "auth_permission" VALUES(32,8,'view_kurs','Can view kurs');
INSERT INTO "auth_permission" VALUES(33,9,'add_users','Can add users');
INSERT INTO "auth_permission" VALUES(34,9,'change_users','Can change users');
INSERT INTO "auth_permission" VALUES(35,9,'delete_users','Can delete users');
INSERT INTO "auth_permission" VALUES(36,9,'view_users','Can view users');
INSERT INTO "auth_permission" VALUES(37,10,'add_yonalish','Can add yonalish');
INSERT INTO "auth_permission" VALUES(38,10,'change_yonalish','Can change yonalish');
INSERT INTO "auth_permission" VALUES(39,10,'delete_yonalish','Can delete yonalish');
INSERT INTO "auth_permission" VALUES(40,10,'view_yonalish','Can view yonalish');
INSERT INTO "auth_permission" VALUES(41,11,'add_talaba','Can add talaba');
INSERT INTO "auth_permission" VALUES(42,11,'change_talaba','Can change talaba');
INSERT INTO "auth_permission" VALUES(43,11,'delete_talaba','Can delete talaba');
INSERT INTO "auth_permission" VALUES(44,11,'view_talaba','Can view talaba');
INSERT INTO "auth_permission" VALUES(45,12,'add_majburiytopshiriq','Can add majburiy topshiriq');
INSERT INTO "auth_permission" VALUES(46,12,'change_majburiytopshiriq','Can change majburiy topshiriq');
INSERT INTO "auth_permission" VALUES(47,12,'delete_majburiytopshiriq','Can delete majburiy topshiriq');
INSERT INTO "auth_permission" VALUES(48,12,'view_majburiytopshiriq','Can view majburiy topshiriq');
INSERT INTO "auth_permission" VALUES(49,13,'add_ozsohasidatopshiriq','Can add oz sohasida topshiriq');
INSERT INTO "auth_permission" VALUES(50,13,'change_ozsohasidatopshiriq','Can change oz sohasida topshiriq');
INSERT INTO "auth_permission" VALUES(51,13,'delete_ozsohasidatopshiriq','Can delete oz sohasida topshiriq');
INSERT INTO "auth_permission" VALUES(52,13,'view_ozsohasidatopshiriq','Can view oz sohasida topshiriq');
INSERT INTO "auth_permission" VALUES(53,14,'add_ozxohishibilantopshiriq','Can add oz xohishi bilan topshiriq');
INSERT INTO "auth_permission" VALUES(54,14,'change_ozxohishibilantopshiriq','Can change oz xohishi bilan topshiriq');
INSERT INTO "auth_permission" VALUES(55,14,'delete_ozxohishibilantopshiriq','Can delete oz xohishi bilan topshiriq');
INSERT INTO "auth_permission" VALUES(56,14,'view_ozxohishibilantopshiriq','Can view oz xohishi bilan topshiriq');
INSERT INTO "auth_permission" VALUES(57,15,'add_qoshimchatopshiriq','Can add qoshimcha topshiriq');
INSERT INTO "auth_permission" VALUES(58,15,'change_qoshimchatopshiriq','Can change qoshimcha topshiriq');
INSERT INTO "auth_permission" VALUES(59,15,'delete_qoshimchatopshiriq','Can delete qoshimcha topshiriq');
INSERT INTO "auth_permission" VALUES(60,15,'view_qoshimchatopshiriq','Can view qoshimcha topshiriq');
INSERT INTO "auth_permission" VALUES(61,16,'add_topshiriq','Can add topshiriq');
INSERT INTO "auth_permission" VALUES(62,16,'change_topshiriq','Can change topshiriq');
INSERT INTO "auth_permission" VALUES(63,16,'delete_topshiriq','Can delete topshiriq');
INSERT INTO "auth_permission" VALUES(64,16,'view_topshiriq','Can view topshiriq');
INSERT INTO "auth_permission" VALUES(65,17,'add_test','Can add test');
INSERT INTO "auth_permission" VALUES(66,17,'change_test','Can change test');
INSERT INTO "auth_permission" VALUES(67,17,'delete_test','Can delete test');
INSERT INTO "auth_permission" VALUES(68,17,'view_test','Can view test');
INSERT INTO "auth_permission" VALUES(69,18,'add_testjavob','Can add test javob');
INSERT INTO "auth_permission" VALUES(70,18,'change_testjavob','Can change test javob');
INSERT INTO "auth_permission" VALUES(71,18,'delete_testjavob','Can delete test javob');
INSERT INTO "auth_permission" VALUES(72,18,'view_testjavob','Can view test javob');
INSERT INTO "auth_permission" VALUES(73,19,'add_testtopshiriq','Can add test topshiriq');
INSERT INTO "auth_permission" VALUES(74,19,'change_testtopshiriq','Can change test topshiriq');
INSERT INTO "auth_permission" VALUES(75,19,'delete_testtopshiriq','Can delete test topshiriq');
INSERT INTO "auth_permission" VALUES(76,19,'view_testtopshiriq','Can view test topshiriq');
CREATE UNIQUE INDEX "django_content_type_app_label_model_76bd3d3b_uniq" ON "django_content_type" ("app_label", "model");
CREATE UNIQUE INDEX "auth_group_permissions_group_id_permission_id_0cd325b0_uniq" ON "auth_group_permissions" ("group_id", "permission_id");
CREATE INDEX IF NOT EXISTS "auth_group_permissions_group_id_b120cbf9" ON "auth_group_permissions" ("group_id");
CREATE INDEX IF NOT EXISTS "auth_group_permissions_permission_id_84c5c92e" ON "auth_group_permissions" ("permission_id");
CREATE UNIQUE INDEX "auth_permission_content_type_id_codename_01ab375a_uniq" ON "auth_permission" ("content_type_id", "codename");
CREATE INDEX IF NOT EXISTS "auth_permission_content_type_id_2f476e4b" ON "auth_permission" ("content_type_id");
CREATE UNIQUE INDEX "users_users_groups_users_id_group_id_02603a5e_uniq" ON "users_users_groups" ("users_id", "group_id");
CREATE INDEX IF NOT EXISTS "users_users_groups_users_id_5572cf36" ON "users_users_groups" ("users_id");
CREATE INDEX IF NOT EXISTS "users_users_groups_group_id_3e15ff0f" ON "users_users_groups" ("group_id");
CREATE UNIQUE INDEX "users_users_user_permissions_users_id_permission_id_119659d5_uniq" ON "users_users_user_permissions" ("users_id", "permission_id");
CREATE INDEX IF NOT EXISTS "users_users_user_permissions_users_id_04010ba6" ON "users_users_user_permissions" ("users_id");
CREATE INDEX IF NOT EXISTS "users_users_user_permissions_permission_id_9a117d64" ON "users_users_user_permissions" ("permission_id");
CREATE UNIQUE INDEX "users_users_guruh_users_id_guruh_id_16818314_uniq" ON "users_users_guruh" ("users_id", "guruh_id");
CREATE INDEX IF NOT EXISTS "users_users_guruh_users_id_051e1fae" ON "users_users_guruh" ("users_id");
CREATE INDEX IF NOT EXISTS "users_users_guruh_guruh_id_d324ae18" ON "users_users_guruh" ("guruh_id");
CREATE INDEX IF NOT EXISTS "django_admin_log_content_type_id_c4bce8eb" ON "django_admin_log" ("content_type_id");
CREATE INDEX IF NOT EXISTS "django_admin_log_user_id_c564eba6" ON "django_admin_log" ("user_id");
CREATE INDEX IF NOT EXISTS "django_session_expire_date_a5c62663" ON "django_session" ("expire_date");
CREATE INDEX IF NOT EXISTS "topshiriq_majburiytopshiriq_topshiriq_id_6a375b5e" ON "topshiriq_majburiytopshiriq" ("topshiriq_id");
CREATE INDEX IF NOT EXISTS "topshiriq_majburiytopshiriq_user_id_bc19da0e" ON "topshiriq_majburiytopshiriq" ("user_id");
CREATE INDEX IF NOT EXISTS "topshiriq_ozsohasidatopshiriq_topshiriq_id_cfd07056" ON "topshiriq_ozsohasidatopshiriq" ("topshiriq_id");
CREATE INDEX IF NOT EXISTS "topshiriq_ozsohasidatopshiriq_user_id_1907d4e6" ON "topshiriq_ozsohasidatopshiriq" ("user_id");
CREATE INDEX IF NOT EXISTS "topshiriq_ozxohishibilantopshiriq_user_id_86076857" ON "topshiriq_ozxohishibilantopshiriq" ("user_id");
CREATE INDEX IF NOT EXISTS "topshiriq_qoshimchatopshiriq_topshiriq_id_1763c045" ON "topshiriq_qoshimchatopshiriq" ("topshiriq_id");
CREATE INDEX IF NOT EXISTS "topshiriq_qoshimchatopshiriq_user_id_ddeb336f" ON "topshiriq_qoshimchatopshiriq" ("user_id");
CREATE INDEX IF NOT EXISTS "topshiriq_topshiriq_admin_user_id_375d331e" ON "topshiriq_topshiriq" ("admin_user_id");
CREATE UNIQUE INDEX "topshiriq_topshiriq_topshiriq_users_topshiriq_id_users_id_9df7825a_uniq" ON "topshiriq_topshiriq_topshiriq_users" ("topshiriq_id", "users_id");
CREATE INDEX IF NOT EXISTS "topshiriq_topshiriq_topshiriq_users_topshiriq_id_5dd32f78" ON "topshiriq_topshiriq_topshiriq_users" ("topshiriq_id");
CREATE INDEX IF NOT EXISTS "topshiriq_topshiriq_topshiriq_users_users_id_c5e10809" ON "topshiriq_topshiriq_topshiriq_users" ("users_id");
CREATE INDEX IF NOT EXISTS "topshiriq_testjavob_test_id_a4e13899" ON "topshiriq_testjavob" ("test_id");
CREATE INDEX IF NOT EXISTS "topshiriq_testjavob_topshiriq_id_ee6b6c3e" ON "topshiriq_testjavob" ("topshiriq_id");
CREATE INDEX IF NOT EXISTS "topshiriq_testjavob_user_id_57f261fa" ON "topshiriq_testjavob" ("user_id");
CREATE INDEX IF NOT EXISTS "topshiriq_testtopshiriq_test_id_1daf8008" ON "topshiriq_testtopshiriq" ("test_id");
CREATE INDEX IF NOT EXISTS "topshiriq_testtopshiriq_topshiriq_id_62168f9b" ON "topshiriq_testtopshiriq" ("topshiriq_id");
CREATE INDEX IF NOT EXISTS "users_guruh_kurs_id_975e2233" ON "users_guruh" ("kurs_id");
CREATE INDEX IF NOT EXISTS "users_kurs_yonalish_id_abaabe16" ON "users_kurs" ("yonalish_id");
CREATE INDEX IF NOT EXISTS "users_yonalish_fakultet_id_06a47876" ON "users_yonalish" ("fakultet_id");
CREATE INDEX IF NOT EXISTS "users_users_fakultet_id_5899e7a5" ON "users_users" ("fakultet_id");
CREATE INDEX IF NOT EXISTS "users_talaba_guruh_id_5019158a" ON "users_talaba" ("guruh_id");
CREATE INDEX IF NOT EXISTS "users_talaba_tyutor_id_03cffefb" ON "users_talaba" ("tyutor_id");
CREATE INDEX IF NOT EXISTS "topshiriq_talabalar_guruh_id_96473ecf" ON "topshiriq_talabalar" ("guruh_id");
CREATE INDEX IF NOT EXISTS "topshiriq_talabalar_tyutor_id_6ec73ab0" ON "topshiriq_talabalar" ("tyutor_id");
CREATE INDEX IF NOT EXISTS "topshiriq_testlar_tyutor_id_9bd168cc" ON "topshiriq_testlar" ("tyutor_id");
CREATE TABLE IF NOT EXISTS "django_admin_log" ("id" integer NOT NULL PRIMARY KEY AUTOINCREMENT, "object_id" text NULL, "object_repr" varchar(200) NOT NULL, "action_flag" smallint unsigned NOT NULL CHECK ("action_flag" >= 0), "change_message" text NOT NULL, "content_type_id" integer NULL REFERENCES "django_content_type" ("id") DEFERRABLE INITIALLY DEFERRED, "user_id" char(32) NOT NULL REFERENCES "users_users" ("id") DEFERRABLE INITIALLY DEFERRED, "action_time" datetime NOT NULL);
CREATE UNIQUE INDEX "django_content_type_app_label_model_76bd3d3b_uniq" ON "django_content_type" ("app_label", "model");
CREATE UNIQUE INDEX "auth_group_permissions_group_id_permission_id_0cd325b0_uniq" ON "auth_group_permissions" ("group_id", "permission_id");
CREATE INDEX IF NOT EXISTS "auth_group_permissions_group_id_b120cbf9" ON "auth_group_permissions" ("group_id");
CREATE INDEX IF NOT EXISTS "auth_group_permissions_permission_id_84c5c92e" ON "auth_group_permissions" ("permission_id");
CREATE UNIQUE INDEX "auth_permission_content_type_id_codename_01ab375a_uniq" ON "auth_permission" ("content_type_id", "codename");
CREATE INDEX IF NOT EXISTS "auth_permission_content_type_id_2f476e4b" ON "auth_permission" ("content_type_id");
CREATE UNIQUE INDEX "users_users_groups_users_id_group_id_02603a5e_uniq" ON "users_users_groups" ("users_id", "group_id");
CREATE INDEX IF NOT EXISTS "users_users_groups_users_id_5572cf36" ON "users_users_groups" ("users_id");
CREATE INDEX IF NOT EXISTS "users_users_groups_group_id_3e15ff0f" ON "users_users_groups" ("group_id");
CREATE UNIQUE INDEX "users_users_user_permissions_users_id_permission_id_119659d5_uniq" ON "users_users_user_permissions" ("users_id", "permission_id");
CREATE INDEX IF NOT EXISTS "users_users_user_permissions_users_id_04010ba6" ON "users_users_user_permissions" ("users_id");
CREATE INDEX IF NOT EXISTS "users_users_user_permissions_permission_id_9a117d64" ON "users_users_user_permissions" ("permission_id");
CREATE UNIQUE INDEX "users_users_guruh_users_id_guruh_id_16818314_uniq" ON "users_users_guruh" ("users_id", "guruh_id");
CREATE INDEX IF NOT EXISTS "users_users_guruh_users_id_051e1fae" ON "users_users_guruh" ("users_id");
CREATE INDEX IF NOT EXISTS "users_users_guruh_guruh_id_d324ae18" ON "users_users_guruh" ("guruh_id");
CREATE INDEX IF NOT EXISTS "django_admin_log_content_type_id_c4bce8eb" ON "django_admin_log" ("content_type_id");
CREATE INDEX IF NOT EXISTS "django_admin_log_user_id_c564eba6" ON "django_admin_log" ("user_id");
CREATE INDEX IF NOT EXISTS "django_session_expire_date_a5c62663" ON "django_session" ("expire_date");
CREATE INDEX IF NOT EXISTS "topshiriq_majburiytopshiriq_topshiriq_id_6a375b5e" ON "topshiriq_majburiytopshiriq" ("topshiriq_id");
CREATE INDEX IF NOT EXISTS "topshiriq_majburiytopshiriq_user_id_bc19da0e" ON "topshiriq_majburiytopshiriq" ("user_id");
CREATE INDEX IF NOT EXISTS "topshiriq_ozsohasidatopshiriq_topshiriq_id_cfd07056" ON "topshiriq_ozsohasidatopshiriq" ("topshiriq_id");
CREATE INDEX IF NOT EXISTS "topshiriq_ozsohasidatopshiriq_user_id_1907d4e6" ON "topshiriq_ozsohasidatopshiriq" ("user_id");
CREATE INDEX IF NOT EXISTS "topshiriq_ozxohishibilantopshiriq_user_id_86076857" ON "topshiriq_ozxohishibilantopshiriq" ("user_id");
CREATE INDEX IF NOT EXISTS "topshiriq_qoshimchatopshiriq_topshiriq_id_1763c045" ON "topshiriq_qoshimchatopshiriq" ("topshiriq_id");
CREATE INDEX IF NOT EXISTS "topshiriq_qoshimchatopshiriq_user_id_ddeb336f" ON "topshiriq_qoshimchatopshiriq" ("user_id");
CREATE INDEX IF NOT EXISTS "topshiriq_topshiriq_admin_user_id_375d331e" ON "topshiriq_topshiriq" ("admin_user_id");
CREATE UNIQUE INDEX "topshiriq_topshiriq_topshiriq_users_topshiriq_id_users_id_9df7825a_uniq" ON "topshiriq_topshiriq_topshiriq_users" ("topshiriq_id", "users_id");
CREATE INDEX IF NOT EXISTS "topshiriq_topshiriq_topshiriq_users_topshiriq_id_5dd32f78" ON "topshiriq_topshiriq_topshiriq_users" ("topshiriq_id");
CREATE INDEX IF NOT EXISTS "topshiriq_topshiriq_topshiriq_users_users_id_c5e10809" ON "topshiriq_topshiriq_topshiriq_users" ("users_id");
CREATE INDEX IF NOT EXISTS "topshiriq_testjavob_test_id_a4e13899" ON "topshiriq_testjavob" ("test_id");
CREATE INDEX IF NOT EXISTS "topshiriq_testjavob_topshiriq_id_ee6b6c3e" ON "topshiriq_testjavob" ("topshiriq_id");
CREATE INDEX IF NOT EXISTS "topshiriq_testjavob_user_id_57f261fa" ON "topshiriq_testjavob" ("user_id");
CREATE INDEX IF NOT EXISTS "topshiriq_testtopshiriq_test_id_1daf8008" ON "topshiriq_testtopshiriq" ("test_id");
CREATE INDEX IF NOT EXISTS "topshiriq_testtopshiriq_topshiriq_id_62168f9b" ON "topshiriq_testtopshiriq" ("topshiriq_id");
CREATE INDEX IF NOT EXISTS "users_guruh_kurs_id_975e2233" ON "users_guruh" ("kurs_id");
CREATE INDEX IF NOT EXISTS "users_kurs_yonalish_id_abaabe16" ON "users_kurs" ("yonalish_id");
CREATE INDEX IF NOT EXISTS "users_yonalish_fakultet_id_06a47876" ON "users_yonalish" ("fakultet_id");
CREATE INDEX IF NOT EXISTS "users_users_fakultet_id_5899e7a5" ON "users_users" ("fakultet_id");
CREATE INDEX IF NOT EXISTS "users_talaba_guruh_id_5019158a" ON "users_talaba" ("guruh_id");
CREATE INDEX IF NOT EXISTS "users_talaba_tyutor_id_03cffefb" ON "users_talaba" ("tyutor_id");
CREATE INDEX IF NOT EXISTS "topshiriq_talabalar_guruh_id_96473ecf" ON "topshiriq_talabalar" ("guruh_id");
CREATE INDEX IF NOT EXISTS "topshiriq_talabalar_tyutor_id_6ec73ab0" ON "topshiriq_talabalar" ("tyutor_id");
CREATE INDEX IF NOT EXISTS "topshiriq_testlar_tyutor_id_9bd168cc" ON "topshiriq_testlar" ("tyutor_id");
CREATE TABLE IF NOT EXISTS "django_content_type" ("id" integer NOT NULL PRIMARY KEY AUTOINCREMENT, "app_label" varchar(100) NOT NULL, "model" varchar(100) NOT NULL);
INSERT INTO "django_content_type" VALUES(1,'admin','logentry');
INSERT INTO "django_content_type" VALUES(2,'auth','permission');
INSERT INTO "django_content_type" VALUES(3,'auth','group');
INSERT INTO "django_content_type" VALUES(4,'contenttypes','contenttype');
INSERT INTO "django_content_type" VALUES(5,'sessions','session');
INSERT INTO "django_content_type" VALUES(6,'users','fakultet');
INSERT INTO "django_content_type" VALUES(7,'users','guruh');
INSERT INTO "django_content_type" VALUES(8,'users','kurs');
INSERT INTO "django_content_type" VALUES(9,'users','users');
INSERT INTO "django_content_type" VALUES(10,'users','yonalish');
INSERT INTO "django_content_type" VALUES(11,'users','talaba');
INSERT INTO "django_content_type" VALUES(12,'topshiriq','majburiytopshiriq');
INSERT INTO "django_content_type" VALUES(13,'topshiriq','ozsohasidatopshiriq');
INSERT INTO "django_content_type" VALUES(14,'topshiriq','ozxohishibilantopshiriq');
INSERT INTO "django_content_type" VALUES(15,'topshiriq','qoshimchatopshiriq');
INSERT INTO "django_content_type" VALUES(16,'topshiriq','topshiriq');
INSERT INTO "django_content_type" VALUES(17,'topshiriq','test');
INSERT INTO "django_content_type" VALUES(18,'topshiriq','testjavob');
INSERT INTO "django_content_type" VALUES(19,'topshiriq','testtopshiriq');
CREATE UNIQUE INDEX "django_content_type_app_label_model_76bd3d3b_uniq" ON "django_content_type" ("app_label", "model");
CREATE UNIQUE INDEX "auth_group_permissions_group_id_permission_id_0cd325b0_uniq" ON "auth_group_permissions" ("group_id", "permission_id");
CREATE INDEX IF NOT EXISTS "auth_group_permissions_group_id_b120cbf9" ON "auth_group_permissions" ("group_id");
CREATE INDEX IF NOT EXISTS "auth_group_permissions_permission_id_84c5c92e" ON "auth_group_permissions" ("permission_id");
CREATE UNIQUE INDEX "auth_permission_content_type_id_codename_01ab375a_uniq" ON "auth_permission" ("content_type_id", "codename");
CREATE INDEX IF NOT EXISTS "auth_permission_content_type_id_2f476e4b" ON "auth_permission" ("content_type_id");
CREATE UNIQUE INDEX "users_users_groups_users_id_group_id_02603a5e_uniq" ON "users_users_groups" ("users_id", "group_id");
CREATE INDEX IF NOT EXISTS "users_users_groups_users_id_5572cf36" ON "users_users_groups" ("users_id");
CREATE INDEX IF NOT EXISTS "users_users_groups_group_id_3e15ff0f" ON "users_users_groups" ("group_id");
CREATE UNIQUE INDEX "users_users_user_permissions_users_id_permission_id_119659d5_uniq" ON "users_users_user_permissions" ("users_id", "permission_id");
CREATE INDEX IF NOT EXISTS "users_users_user_permissions_users_id_04010ba6" ON "users_users_user_permissions" ("users_id");
CREATE INDEX IF NOT EXISTS "users_users_user_permissions_permission_id_9a117d64" ON "users_users_user_permissions" ("permission_id");
CREATE UNIQUE INDEX "users_users_guruh_users_id_guruh_id_16818314_uniq" ON "users_users_guruh" ("users_id", "guruh_id");
CREATE INDEX IF NOT EXISTS "users_users_guruh_users_id_051e1fae" ON "users_users_guruh" ("users_id");
CREATE INDEX IF NOT EXISTS "users_users_guruh_guruh_id_d324ae18" ON "users_users_guruh" ("guruh_id");
CREATE INDEX IF NOT EXISTS "django_admin_log_content_type_id_c4bce8eb" ON "django_admin_log" ("content_type_id");
CREATE INDEX IF NOT EXISTS "django_admin_log_user_id_c564eba6" ON "django_admin_log" ("user_id");
CREATE INDEX IF NOT EXISTS "django_session_expire_date_a5c62663" ON "django_session" ("expire_date");
CREATE INDEX IF NOT EXISTS "topshiriq_majburiytopshiriq_topshiriq_id_6a375b5e" ON "topshiriq_majburiytopshiriq" ("topshiriq_id");
CREATE INDEX IF NOT EXISTS "topshiriq_majburiytopshiriq_user_id_bc19da0e" ON "topshiriq_majburiytopshiriq" ("user_id");
CREATE INDEX IF NOT EXISTS "topshiriq_ozsohasidatopshiriq_topshiriq_id_cfd07056" ON "topshiriq_ozsohasidatopshiriq" ("topshiriq_id");
CREATE INDEX IF NOT EXISTS "topshiriq_ozsohasidatopshiriq_user_id_1907d4e6" ON "topshiriq_ozsohasidatopshiriq" ("user_id");
CREATE INDEX IF NOT EXISTS "topshiriq_ozxohishibilantopshiriq_user_id_86076857" ON "topshiriq_ozxohishibilantopshiriq" ("user_id");
CREATE INDEX IF NOT EXISTS "topshiriq_qoshimchatopshiriq_topshiriq_id_1763c045" ON "topshiriq_qoshimchatopshiriq" ("topshiriq_id");
CREATE INDEX IF NOT EXISTS "topshiriq_qoshimchatopshiriq_user_id_ddeb336f" ON "topshiriq_qoshimchatopshiriq" ("user_id");
CREATE INDEX IF NOT EXISTS "topshiriq_topshiriq_admin_user_id_375d331e" ON "topshiriq_topshiriq" ("admin_user_id");
CREATE UNIQUE INDEX "topshiriq_topshiriq_topshiriq_users_topshiriq_id_users_id_9df7825a_uniq" ON "topshiriq_topshiriq_topshiriq_users" ("topshiriq_id", "users_id");
CREATE INDEX IF NOT EXISTS "topshiriq_topshiriq_topshiriq_users_topshiriq_id_5dd32f78" ON "topshiriq_topshiriq_topshiriq_users" ("topshiriq_id");
CREATE INDEX IF NOT EXISTS "topshiriq_topshiriq_topshiriq_users_users_id_c5e10809" ON "topshiriq_topshiriq_topshiriq_users" ("users_id");
CREATE INDEX IF NOT EXISTS "topshiriq_testjavob_test_id_a4e13899" ON "topshiriq_testjavob" ("test_id");
CREATE INDEX IF NOT EXISTS "topshiriq_testjavob_topshiriq_id_ee6b6c3e" ON "topshiriq_testjavob" ("topshiriq_id");
CREATE INDEX IF NOT EXISTS "topshiriq_testjavob_user_id_57f261fa" ON "topshiriq_testjavob" ("user_id");
CREATE INDEX IF NOT EXISTS "topshiriq_testtopshiriq_test_id_1daf8008" ON "topshiriq_testtopshiriq" ("test_id");
CREATE INDEX IF NOT EXISTS "topshiriq_testtopshiriq_topshiriq_id_62168f9b" ON "topshiriq_testtopshiriq" ("topshiriq_id");
CREATE INDEX IF NOT EXISTS "users_guruh_kurs_id_975e2233" ON "users_guruh" ("kurs_id");
CREATE INDEX IF NOT EXISTS "users_kurs_yonalish_id_abaabe16" ON "users_kurs" ("yonalish_id");
CREATE INDEX IF NOT EXISTS "users_yonalish_fakultet_id_06a47876" ON "users_yonalish" ("fakultet_id");
CREATE INDEX IF NOT EXISTS "users_users_fakultet_id_5899e7a5" ON "users_users" ("fakultet_id");
CREATE INDEX IF NOT EXISTS "users_talaba_guruh_id_5019158a" ON "users_talaba" ("guruh_id");
CREATE INDEX IF NOT EXISTS "users_talaba_tyutor_id_03cffefb" ON "users_talaba" ("tyutor_id");
CREATE INDEX IF NOT EXISTS "topshiriq_talabalar_guruh_id_96473ecf" ON "topshiriq_talabalar" ("guruh_id");
CREATE INDEX IF NOT EXISTS "topshiriq_talabalar_tyutor_id_6ec73ab0" ON "topshiriq_talabalar" ("tyutor_id");
CREATE INDEX IF NOT EXISTS "topshiriq_testlar_tyutor_id_9bd168cc" ON "topshiriq_testlar" ("tyutor_id");
CREATE TABLE IF NOT EXISTS "django_migrations" ("id" integer NOT NULL PRIMARY KEY AUTOINCREMENT, "app" varchar(255) NOT NULL, "name" varchar(255) NOT NULL, "applied" datetime NOT NULL);
INSERT INTO "django_migrations" VALUES(1,'contenttypes','0001_initial','2025-04-09 05:01:18.183185');
INSERT INTO "django_migrations" VALUES(2,'contenttypes','0002_remove_content_type_name','2025-04-09 05:01:18.185380');
INSERT INTO "django_migrations" VALUES(3,'auth','0001_initial','2025-04-09 05:01:18.188842');
INSERT INTO "django_migrations" VALUES(4,'auth','0002_alter_permission_name_max_length','2025-04-09 05:01:18.190802');
INSERT INTO "django_migrations" VALUES(5,'auth','0003_alter_user_email_max_length','2025-04-09 05:01:18.192357');
INSERT INTO "django_migrations" VALUES(6,'auth','0004_alter_user_username_opts','2025-04-09 05:01:18.193833');
INSERT INTO "django_migrations" VALUES(7,'auth','0005_alter_user_last_login_null','2025-04-09 05:01:18.195269');
INSERT INTO "django_migrations" VALUES(8,'auth','0006_require_contenttypes_0002','2025-04-09 05:01:18.195728');
INSERT INTO "django_migrations" VALUES(9,'auth','0007_alter_validators_add_error_messages','2025-04-09 05:01:18.197359');
INSERT INTO "django_migrations" VALUES(10,'auth','0008_alter_user_username_max_length','2025-04-09 05:01:18.198843');
INSERT INTO "django_migrations" VALUES(11,'auth','0009_alter_user_last_name_max_length','2025-04-09 05:01:18.200297');
INSERT INTO "django_migrations" VALUES(12,'auth','0010_alter_group_name_max_length','2025-04-09 05:01:18.202224');
INSERT INTO "django_migrations" VALUES(13,'auth','0011_update_proxy_permissions','2025-04-09 05:01:18.203615');
INSERT INTO "django_migrations" VALUES(14,'auth','0012_alter_user_first_name_max_length','2025-04-09 05:01:18.205077');
INSERT INTO "django_migrations" VALUES(15,'users','0001_initial','2025-04-09 05:01:18.217486');
INSERT INTO "django_migrations" VALUES(16,'admin','0001_initial','2025-04-09 05:01:18.221735');
INSERT INTO "django_migrations" VALUES(17,'admin','0002_logentry_remove_auto_add','2025-04-09 05:01:18.227291');
INSERT INTO "django_migrations" VALUES(18,'admin','0003_logentry_add_action_flag_choices','2025-04-09 05:01:18.230321');
INSERT INTO "django_migrations" VALUES(19,'sessions','0001_initial','2025-04-09 05:01:18.231611');
INSERT INTO "django_migrations" VALUES(20,'topshiriq','0001_initial','2025-04-09 05:01:18.234741');
INSERT INTO "django_migrations" VALUES(21,'topshiriq','0002_test_remove_topshiriq_test_file_and_more','2025-04-09 05:01:18.319538');
INSERT INTO "django_migrations" VALUES(22,'users','0002_alter_users_options_fakultet_is_active_and_more','2025-04-09 05:01:18.367711');
INSERT INTO "django_migrations" VALUES(23,'users','0003_alter_users_options_alter_guruh_kurs_and_more','2025-03-05 05:26:37.404428');
INSERT INTO "django_migrations" VALUES(24,'topshiriq','0003_majburiytopshiriq_is_active_and_more','2025-03-05 05:36:11.757823');
INSERT INTO "django_migrations" VALUES(25,'users','0004_fakultet_is_active_guruh_is_active_kurs_is_active_and_more','2025-03-05 05:36:11.772634');
INSERT INTO "django_migrations" VALUES(26,'topshiriq','0004_talabalar','2025-03-17 10:02:36.938015');
INSERT INTO "django_migrations" VALUES(27,'topshiriq','0005_alter_majburiytopshiriq_tur_and_more','2025-03-18 07:41:33.189920');
INSERT INTO "django_migrations" VALUES(28,'topshiriq','0006_remove_talabalar_fakultet_remove_talabalar_kurs_and_more','2025-03-19 05:01:16.237593');
INSERT INTO "django_migrations" VALUES(29,'topshiriq','0007_talabalar_nomer_testlar','2025-03-19 08:16:47.714498');
CREATE UNIQUE INDEX "django_content_type_app_label_model_76bd3d3b_uniq" ON "django_content_type" ("app_label", "model");
CREATE UNIQUE INDEX "auth_group_permissions_group_id_permission_id_0cd325b0_uniq" ON "auth_group_permissions" ("group_id", "permission_id");
CREATE INDEX IF NOT EXISTS "auth_group_permissions_group_id_b120cbf9" ON "auth_group_permissions" ("group_id");
CREATE INDEX IF NOT EXISTS "auth_group_permissions_permission_id_84c5c92e" ON "auth_group_permissions" ("permission_id");
CREATE UNIQUE INDEX "auth_permission_content_type_id_codename_01ab375a_uniq" ON "auth_permission" ("content_type_id", "codename");
CREATE INDEX IF NOT EXISTS "auth_permission_content_type_id_2f476e4b" ON "auth_permission" ("content_type_id");
CREATE UNIQUE INDEX "users_users_groups_users_id_group_id_02603a5e_uniq" ON "users_users_groups" ("users_id", "group_id");
CREATE INDEX IF NOT EXISTS "users_users_groups_users_id_5572cf36" ON "users_users_groups" ("users_id");
CREATE INDEX IF NOT EXISTS "users_users_groups_group_id_3e15ff0f" ON "users_users_groups" ("group_id");
CREATE UNIQUE INDEX "users_users_user_permissions_users_id_permission_id_119659d5_uniq" ON "users_users_user_permissions" ("users_id", "permission_id");
CREATE INDEX IF NOT EXISTS "users_users_user_permissions_users_id_04010ba6" ON "users_users_user_permissions" ("users_id");
CREATE INDEX IF NOT EXISTS "users_users_user_permissions_permission_id_9a117d64" ON "users_users_user_permissions" ("permission_id");
CREATE UNIQUE INDEX "users_users_guruh_users_id_guruh_id_16818314_uniq" ON "users_users_guruh" ("users_id", "guruh_id");
CREATE INDEX IF NOT EXISTS "users_users_guruh_users_id_051e1fae" ON "users_users_guruh" ("users_id");
CREATE INDEX IF NOT EXISTS "users_users_guruh_guruh_id_d324ae18" ON "users_users_guruh" ("guruh_id");
CREATE INDEX IF NOT EXISTS "django_admin_log_content_type_id_c4bce8eb" ON "django_admin_log" ("content_type_id");
CREATE INDEX IF NOT EXISTS "django_admin_log_user_id_c564eba6" ON "django_admin_log" ("user_id");
CREATE INDEX IF NOT EXISTS "django_session_expire_date_a5c62663" ON "django_session" ("expire_date");
CREATE INDEX IF NOT EXISTS "topshiriq_majburiytopshiriq_topshiriq_id_6a375b5e" ON "topshiriq_majburiytopshiriq" ("topshiriq_id");
CREATE INDEX IF NOT EXISTS "topshiriq_majburiytopshiriq_user_id_bc19da0e" ON "topshiriq_majburiytopshiriq" ("user_id");
CREATE INDEX IF NOT EXISTS "topshiriq_ozsohasidatopshiriq_topshiriq_id_cfd07056" ON "topshiriq_ozsohasidatopshiriq" ("topshiriq_id");
CREATE INDEX IF NOT EXISTS "topshiriq_ozsohasidatopshiriq_user_id_1907d4e6" ON "topshiriq_ozsohasidatopshiriq" ("user_id");
CREATE INDEX IF NOT EXISTS "topshiriq_ozxohishibilantopshiriq_user_id_86076857" ON "topshiriq_ozxohishibilantopshiriq" ("user_id");
CREATE INDEX IF NOT EXISTS "topshiriq_qoshimchatopshiriq_topshiriq_id_1763c045" ON "topshiriq_qoshimchatopshiriq" ("topshiriq_id");
CREATE INDEX IF NOT EXISTS "topshiriq_qoshimchatopshiriq_user_id_ddeb336f" ON "topshiriq_qoshimchatopshiriq" ("user_id");
CREATE INDEX IF NOT EXISTS "topshiriq_topshiriq_admin_user_id_375d331e" ON "topshiriq_topshiriq" ("admin_user_id");
CREATE UNIQUE INDEX "topshiriq_topshiriq_topshiriq_users_topshiriq_id_users_id_9df7825a_uniq" ON "topshiriq_topshiriq_topshiriq_users" ("topshiriq_id", "users_id");
CREATE INDEX IF NOT EXISTS "topshiriq_topshiriq_topshiriq_users_topshiriq_id_5dd32f78" ON "topshiriq_topshiriq_topshiriq_users" ("topshiriq_id");
CREATE INDEX IF NOT EXISTS "topshiriq_topshiriq_topshiriq_users_users_id_c5e10809" ON "topshiriq_topshiriq_topshiriq_users" ("users_id");
CREATE INDEX IF NOT EXISTS "topshiriq_testjavob_test_id_a4e13899" ON "topshiriq_testjavob" ("test_id");
CREATE INDEX IF NOT EXISTS "topshiriq_testjavob_topshiriq_id_ee6b6c3e" ON "topshiriq_testjavob" ("topshiriq_id");
CREATE INDEX IF NOT EXISTS "topshiriq_testjavob_user_id_57f261fa" ON "topshiriq_testjavob" ("user_id");
CREATE INDEX IF NOT EXISTS "topshiriq_testtopshiriq_test_id_1daf8008" ON "topshiriq_testtopshiriq" ("test_id");
CREATE INDEX IF NOT EXISTS "topshiriq_testtopshiriq_topshiriq_id_62168f9b" ON "topshiriq_testtopshiriq" ("topshiriq_id");
CREATE INDEX IF NOT EXISTS "users_guruh_kurs_id_975e2233" ON "users_guruh" ("kurs_id");
CREATE INDEX IF NOT EXISTS "users_kurs_yonalish_id_abaabe16" ON "users_kurs" ("yonalish_id");
CREATE INDEX IF NOT EXISTS "users_yonalish_fakultet_id_06a47876" ON "users_yonalish" ("fakultet_id");
CREATE INDEX IF NOT EXISTS "users_users_fakultet_id_5899e7a5" ON "users_users" ("fakultet_id");
CREATE INDEX IF NOT EXISTS "users_talaba_guruh_id_5019158a" ON "users_talaba" ("guruh_id");
CREATE INDEX IF NOT EXISTS "users_talaba_tyutor_id_03cffefb" ON "users_talaba" ("tyutor_id");
CREATE INDEX IF NOT EXISTS "topshiriq_talabalar_guruh_id_96473ecf" ON "topshiriq_talabalar" ("guruh_id");
CREATE INDEX IF NOT EXISTS "topshiriq_talabalar_tyutor_id_6ec73ab0" ON "topshiriq_talabalar" ("tyutor_id");
CREATE INDEX IF NOT EXISTS "topshiriq_testlar_tyutor_id_9bd168cc" ON "topshiriq_testlar" ("tyutor_id");
CREATE TABLE IF NOT EXISTS "django_session" ("session_key" varchar(40) NOT NULL PRIMARY KEY, "session_data" text NOT NULL, "expire_date" datetime NOT NULL);
INSERT INTO "django_session" VALUES('ps5sy8xs0s3z4w0uxse6s0r3a5s9dhma','.eJxVjTsOwjAQBe_imljr365NSc8ZIse7JgGUSPlUiLtDpBRQv5k3L9Xmbe3bbZG5HVidVRfEFB9SA8FC4301TfbWNZgABZEogajTr9bl8pBxd_mex9ukyzSu89DpHdHHuujrxPK8HOzfQZ-Xfi8XQ4w5BBscEySKwAgkwJG-ZeuTdwlrjdHU6rwj5iwVHKEtWJxV7w88Lj-D:1tns42:ZFA3fyHjxXB-LKNCurTGdwBLjBc9mz_H_RwW4SC4Q6c','2025-03-14 04:33:30.420676');
INSERT INTO "django_session" VALUES('7q7y3vsma4b0y62o9yjydg3mreez7ctx','.eJxVjTsOwjAQBe_imljr365NSc8ZIse7JgGUSPlUiLtDpBRQv5k3L9Xmbe3bbZG5HVidVRfEFB9SA8FC4301TfbWNZgABZEogajTr9bl8pBxd_mex9ukyzSu89DpHdHHuujrxPK8HOzfQZ-Xfi8XQ4w5BBscEySKwAgkwJG-ZeuTdwlrjdHU6rwj5iwVHKEtWJxV7w88Lj-D:1tpgIK:mVFRxfo8RCrDk43jGMU8Rxu1iklOg5c5RRYhDi53XgY','2025-03-19 04:23:44.746045');
INSERT INTO "django_session" VALUES('5a5ixqwkak5f6ykktnvall4jbdylurbo','.eJxVjTsOwjAQBe_imljr365NSc8ZIse7JgGUSPlUiLtDpBRQv5k3L9Xmbe3bbZG5HVidVRfEFB9SA8FC4301TfbWNZgABZEogajTr9bl8pBxd_mex9ukyzSu89DpHdHHuujrxPK8HOzfQZ-Xfi8XQ4w5BBscEySKwAgkwJG-ZeuTdwlrjdHU6rwj5iwVHKEtWJxV7w88Lj-D:1tv7Iz:4tUV5X3UnTCgB9jHlbSkLhZrqRsmtJWi---Mo243LSY','2025-04-03 04:14:53.841595');
INSERT INTO "django_session" VALUES('5y2yv86qaaf8g0vh932zm38jq6j0kh2y','.eJxVjTsOwjAQBe_imljr365NSc8ZIse7JgGUSPlUiLtDpBRQv5k3L9Xmbe3bbZG5HVidVRfEFB9SA8FC4301TfbWNZgABZEogajTr9bl8pBxd_mex9ukyzSu89DpHdHHuujrxPK8HOzfQZ-Xfi8XQ4w5BBscEySKwAgkwJG-ZeuTdwlrjdHU6rwj5iwVHKEtWJxV7w88Lj-D:1u2Ncl:8LcMDEqePUEXh-qEMEesEsWF6NatRB97V-rd7gzUkOk','2025-04-23 05:05:19.194024');
CREATE UNIQUE INDEX "django_content_type_app_label_model_76bd3d3b_uniq" ON "django_content_type" ("app_label", "model");
CREATE UNIQUE INDEX "auth_group_permissions_group_id_permission_id_0cd325b0_uniq" ON "auth_group_permissions" ("group_id", "permission_id");
CREATE INDEX IF NOT EXISTS "auth_group_permissions_group_id_b120cbf9" ON "auth_group_permissions" ("group_id");
CREATE INDEX IF NOT EXISTS "auth_group_permissions_permission_id_84c5c92e" ON "auth_group_permissions" ("permission_id");
CREATE UNIQUE INDEX "auth_permission_content_type_id_codename_01ab375a_uniq" ON "auth_permission" ("content_type_id", "codename");
CREATE INDEX IF NOT EXISTS "auth_permission_content_type_id_2f476e4b" ON "auth_permission" ("content_type_id");
CREATE UNIQUE INDEX "users_users_groups_users_id_group_id_02603a5e_uniq" ON "users_users_groups" ("users_id", "group_id");
CREATE INDEX IF NOT EXISTS "users_users_groups_users_id_5572cf36" ON "users_users_groups" ("users_id");
CREATE INDEX IF NOT EXISTS "users_users_groups_group_id_3e15ff0f" ON "users_users_groups" ("group_id");
CREATE UNIQUE INDEX "users_users_user_permissions_users_id_permission_id_119659d5_uniq" ON "users_users_user_permissions" ("users_id", "permission_id");
CREATE INDEX IF NOT EXISTS "users_users_user_permissions_users_id_04010ba6" ON "users_users_user_permissions" ("users_id");
CREATE INDEX IF NOT EXISTS "users_users_user_permissions_permission_id_9a117d64" ON "users_users_user_permissions" ("permission_id");
CREATE UNIQUE INDEX "users_users_guruh_users_id_guruh_id_16818314_uniq" ON "users_users_guruh" ("users_id", "guruh_id");
CREATE INDEX IF NOT EXISTS "users_users_guruh_users_id_051e1fae" ON "users_users_guruh" ("users_id");
CREATE INDEX IF NOT EXISTS "users_users_guruh_guruh_id_d324ae18" ON "users_users_guruh" ("guruh_id");
CREATE INDEX IF NOT EXISTS "django_admin_log_content_type_id_c4bce8eb" ON "django_admin_log" ("content_type_id");
CREATE INDEX IF NOT EXISTS "django_admin_log_user_id_c564eba6" ON "django_admin_log" ("user_id");
CREATE INDEX IF NOT EXISTS "django_session_expire_date_a5c62663" ON "django_session" ("expire_date");
CREATE INDEX IF NOT EXISTS "topshiriq_majburiytopshiriq_topshiriq_id_6a375b5e" ON "topshiriq_majburiytopshiriq" ("topshiriq_id");
CREATE INDEX IF NOT EXISTS "topshiriq_majburiytopshiriq_user_id_bc19da0e" ON "topshiriq_majburiytopshiriq" ("user_id");
CREATE INDEX IF NOT EXISTS "topshiriq_ozsohasidatopshiriq_topshiriq_id_cfd07056" ON "topshiriq_ozsohasidatopshiriq" ("topshiriq_id");
CREATE INDEX IF NOT EXISTS "topshiriq_ozsohasidatopshiriq_user_id_1907d4e6" ON "topshiriq_ozsohasidatopshiriq" ("user_id");
CREATE INDEX IF NOT EXISTS "topshiriq_ozxohishibilantopshiriq_user_id_86076857" ON "topshiriq_ozxohishibilantopshiriq" ("user_id");
CREATE INDEX IF NOT EXISTS "topshiriq_qoshimchatopshiriq_topshiriq_id_1763c045" ON "topshiriq_qoshimchatopshiriq" ("topshiriq_id");
CREATE INDEX IF NOT EXISTS "topshiriq_qoshimchatopshiriq_user_id_ddeb336f" ON "topshiriq_qoshimchatopshiriq" ("user_id");
CREATE INDEX IF NOT EXISTS "topshiriq_topshiriq_admin_user_id_375d331e" ON "topshiriq_topshiriq" ("admin_user_id");
CREATE UNIQUE INDEX "topshiriq_topshiriq_topshiriq_users_topshiriq_id_users_id_9df7825a_uniq" ON "topshiriq_topshiriq_topshiriq_users" ("topshiriq_id", "users_id");
CREATE INDEX IF NOT EXISTS "topshiriq_topshiriq_topshiriq_users_topshiriq_id_5dd32f78" ON "topshiriq_topshiriq_topshiriq_users" ("topshiriq_id");
CREATE INDEX IF NOT EXISTS "topshiriq_topshiriq_topshiriq_users_users_id_c5e10809" ON "topshiriq_topshiriq_topshiriq_users" ("users_id");
CREATE INDEX IF NOT EXISTS "topshiriq_testjavob_test_id_a4e13899" ON "topshiriq_testjavob" ("test_id");
CREATE INDEX IF NOT EXISTS "topshiriq_testjavob_topshiriq_id_ee6b6c3e" ON "topshiriq_testjavob" ("topshiriq_id");
CREATE INDEX IF NOT EXISTS "topshiriq_testjavob_user_id_57f261fa" ON "topshiriq_testjavob" ("user_id");
CREATE INDEX IF NOT EXISTS "topshiriq_testtopshiriq_test_id_1daf8008" ON "topshiriq_testtopshiriq" ("test_id");
CREATE INDEX IF NOT EXISTS "topshiriq_testtopshiriq_topshiriq_id_62168f9b" ON "topshiriq_testtopshiriq" ("topshiriq_id");
CREATE INDEX IF NOT EXISTS "users_guruh_kurs_id_975e2233" ON "users_guruh" ("kurs_id");
CREATE INDEX IF NOT EXISTS "users_kurs_yonalish_id_abaabe16" ON "users_kurs" ("yonalish_id");
CREATE INDEX IF NOT EXISTS "users_yonalish_fakultet_id_06a47876" ON "users_yonalish" ("fakultet_id");
CREATE INDEX IF NOT EXISTS "users_users_fakultet_id_5899e7a5" ON "users_users" ("fakultet_id");
CREATE INDEX IF NOT EXISTS "users_talaba_guruh_id_5019158a" ON "users_talaba" ("guruh_id");
CREATE INDEX IF NOT EXISTS "users_talaba_tyutor_id_03cffefb" ON "users_talaba" ("tyutor_id");
CREATE INDEX IF NOT EXISTS "topshiriq_talabalar_guruh_id_96473ecf" ON "topshiriq_talabalar" ("guruh_id");
CREATE INDEX IF NOT EXISTS "topshiriq_talabalar_tyutor_id_6ec73ab0" ON "topshiriq_talabalar" ("tyutor_id");
CREATE INDEX IF NOT EXISTS "topshiriq_testlar_tyutor_id_9bd168cc" ON "topshiriq_testlar" ("tyutor_id");
CREATE TABLE IF NOT EXISTS "topshiriq_majburiytopshiriq" ("id" char(32) NOT NULL PRIMARY KEY, "created_at" datetime NOT NULL, "updated_at" datetime NOT NULL, "tur" varchar(30) NOT NULL, "title" varchar(300) NOT NULL, "body" text NOT NULL, "baxo" integer NOT NULL, "file1" varchar(100) NULL, "file2" varchar(100) NULL, "file3" varchar(100) NULL, "file4" varchar(100) NULL, "baxolash" bool NOT NULL, "is_active" bool NOT NULL, "topshiriq_id" char(32) NOT NULL REFERENCES "topshiriq_topshiriq" ("id") DEFERRABLE INITIALLY DEFERRED, "user_id" char(32) NOT NULL REFERENCES "users_users" ("id") DEFERRABLE INITIALLY DEFERRED);
CREATE UNIQUE INDEX "django_content_type_app_label_model_76bd3d3b_uniq" ON "django_content_type" ("app_label", "model");
CREATE UNIQUE INDEX "auth_group_permissions_group_id_permission_id_0cd325b0_uniq" ON "auth_group_permissions" ("group_id", "permission_id");
CREATE INDEX IF NOT EXISTS "auth_group_permissions_group_id_b120cbf9" ON "auth_group_permissions" ("group_id");
CREATE INDEX IF NOT EXISTS "auth_group_permissions_permission_id_84c5c92e" ON "auth_group_permissions" ("permission_id");
CREATE UNIQUE INDEX "auth_permission_content_type_id_codename_01ab375a_uniq" ON "auth_permission" ("content_type_id", "codename");
CREATE INDEX IF NOT EXISTS "auth_permission_content_type_id_2f476e4b" ON "auth_permission" ("content_type_id");
CREATE UNIQUE INDEX "users_users_groups_users_id_group_id_02603a5e_uniq" ON "users_users_groups" ("users_id", "group_id");
CREATE INDEX IF NOT EXISTS "users_users_groups_users_id_5572cf36" ON "users_users_groups" ("users_id");
CREATE INDEX IF NOT EXISTS "users_users_groups_group_id_3e15ff0f" ON "users_users_groups" ("group_id");
CREATE UNIQUE INDEX "users_users_user_permissions_users_id_permission_id_119659d5_uniq" ON "users_users_user_permissions" ("users_id", "permission_id");
CREATE INDEX IF NOT EXISTS "users_users_user_permissions_users_id_04010ba6" ON "users_users_user_permissions" ("users_id");
CREATE INDEX IF NOT EXISTS "users_users_user_permissions_permission_id_9a117d64" ON "users_users_user_permissions" ("permission_id");
CREATE UNIQUE INDEX "users_users_guruh_users_id_guruh_id_16818314_uniq" ON "users_users_guruh" ("users_id", "guruh_id");
CREATE INDEX IF NOT EXISTS "users_users_guruh_users_id_051e1fae" ON "users_users_guruh" ("users_id");
CREATE INDEX IF NOT EXISTS "users_users_guruh_guruh_id_d324ae18" ON "users_users_guruh" ("guruh_id");
CREATE INDEX IF NOT EXISTS "django_admin_log_content_type_id_c4bce8eb" ON "django_admin_log" ("content_type_id");
CREATE INDEX IF NOT EXISTS "django_admin_log_user_id_c564eba6" ON "django_admin_log" ("user_id");
CREATE INDEX IF NOT EXISTS "django_session_expire_date_a5c62663" ON "django_session" ("expire_date");
CREATE INDEX IF NOT EXISTS "topshiriq_majburiytopshiriq_topshiriq_id_6a375b5e" ON "topshiriq_majburiytopshiriq" ("topshiriq_id");
CREATE INDEX IF NOT EXISTS "topshiriq_majburiytopshiriq_user_id_bc19da0e" ON "topshiriq_majburiytopshiriq" ("user_id");
CREATE INDEX IF NOT EXISTS "topshiriq_ozsohasidatopshiriq_topshiriq_id_cfd07056" ON "topshiriq_ozsohasidatopshiriq" ("topshiriq_id");
CREATE INDEX IF NOT EXISTS "topshiriq_ozsohasidatopshiriq_user_id_1907d4e6" ON "topshiriq_ozsohasidatopshiriq" ("user_id");
CREATE INDEX IF NOT EXISTS "topshiriq_ozxohishibilantopshiriq_user_id_86076857" ON "topshiriq_ozxohishibilantopshiriq" ("user_id");
CREATE INDEX IF NOT EXISTS "topshiriq_qoshimchatopshiriq_topshiriq_id_1763c045" ON "topshiriq_qoshimchatopshiriq" ("topshiriq_id");
CREATE INDEX IF NOT EXISTS "topshiriq_qoshimchatopshiriq_user_id_ddeb336f" ON "topshiriq_qoshimchatopshiriq" ("user_id");
CREATE INDEX IF NOT EXISTS "topshiriq_topshiriq_admin_user_id_375d331e" ON "topshiriq_topshiriq" ("admin_user_id");
CREATE UNIQUE INDEX "topshiriq_topshiriq_topshiriq_users_topshiriq_id_users_id_9df7825a_uniq" ON "topshiriq_topshiriq_topshiriq_users" ("topshiriq_id", "users_id");
CREATE INDEX IF NOT EXISTS "topshiriq_topshiriq_topshiriq_users_topshiriq_id_5dd32f78" ON "topshiriq_topshiriq_topshiriq_users" ("topshiriq_id");
CREATE INDEX IF NOT EXISTS "topshiriq_topshiriq_topshiriq_users_users_id_c5e10809" ON "topshiriq_topshiriq_topshiriq_users" ("users_id");
CREATE INDEX IF NOT EXISTS "topshiriq_testjavob_test_id_a4e13899" ON "topshiriq_testjavob" ("test_id");
CREATE INDEX IF NOT EXISTS "topshiriq_testjavob_topshiriq_id_ee6b6c3e" ON "topshiriq_testjavob" ("topshiriq_id");
CREATE INDEX IF NOT EXISTS "topshiriq_testjavob_user_id_57f261fa" ON "topshiriq_testjavob" ("user_id");
CREATE INDEX IF NOT EXISTS "topshiriq_testtopshiriq_test_id_1daf8008" ON "topshiriq_testtopshiriq" ("test_id");
CREATE INDEX IF NOT EXISTS "topshiriq_testtopshiriq_topshiriq_id_62168f9b" ON "topshiriq_testtopshiriq" ("topshiriq_id");
CREATE INDEX IF NOT EXISTS "users_guruh_kurs_id_975e2233" ON "users_guruh" ("kurs_id");
CREATE INDEX IF NOT EXISTS "users_kurs_yonalish_id_abaabe16" ON "users_kurs" ("yonalish_id");
CREATE INDEX IF NOT EXISTS "users_yonalish_fakultet_id_06a47876" ON "users_yonalish" ("fakultet_id");
CREATE INDEX IF NOT EXISTS "users_users_fakultet_id_5899e7a5" ON "users_users" ("fakultet_id");
CREATE INDEX IF NOT EXISTS "users_talaba_guruh_id_5019158a" ON "users_talaba" ("guruh_id");
CREATE INDEX IF NOT EXISTS "users_talaba_tyutor_id_03cffefb" ON "users_talaba" ("tyutor_id");
CREATE INDEX IF NOT EXISTS "topshiriq_talabalar_guruh_id_96473ecf" ON "topshiriq_talabalar" ("guruh_id");
CREATE INDEX IF NOT EXISTS "topshiriq_talabalar_tyutor_id_6ec73ab0" ON "topshiriq_talabalar" ("tyutor_id");
CREATE INDEX IF NOT EXISTS "topshiriq_testlar_tyutor_id_9bd168cc" ON "topshiriq_testlar" ("tyutor_id");
CREATE TABLE IF NOT EXISTS "topshiriq_ozsohasidatopshiriq" ("id" char(32) NOT NULL PRIMARY KEY, "created_at" datetime NOT NULL, "updated_at" datetime NOT NULL, "baxo" integer NOT NULL, "title" varchar(300) NOT NULL, "body" text NOT NULL, "file1" varchar(100) NULL, "file2" varchar(100) NULL, "file3" varchar(100) NULL, "file4" varchar(100) NULL, "baxolash" bool NOT NULL, "is_active" bool NOT NULL, "topshiriq_id" char(32) NOT NULL REFERENCES "topshiriq_topshiriq" ("id") DEFERRABLE INITIALLY DEFERRED, "user_id" char(32) NOT NULL REFERENCES "users_users" ("id") DEFERRABLE INITIALLY DEFERRED);
CREATE UNIQUE INDEX "django_content_type_app_label_model_76bd3d3b_uniq" ON "django_content_type" ("app_label", "model");
CREATE UNIQUE INDEX "auth_group_permissions_group_id_permission_id_0cd325b0_uniq" ON "auth_group_permissions" ("group_id", "permission_id");
CREATE INDEX IF NOT EXISTS "auth_group_permissions_group_id_b120cbf9" ON "auth_group_permissions" ("group_id");
CREATE INDEX IF NOT EXISTS "auth_group_permissions_permission_id_84c5c92e" ON "auth_group_permissions" ("permission_id");
CREATE UNIQUE INDEX "auth_permission_content_type_id_codename_01ab375a_uniq" ON "auth_permission" ("content_type_id", "codename");
CREATE INDEX IF NOT EXISTS "auth_permission_content_type_id_2f476e4b" ON "auth_permission" ("content_type_id");
CREATE UNIQUE INDEX "users_users_groups_users_id_group_id_02603a5e_uniq" ON "users_users_groups" ("users_id", "group_id");
CREATE INDEX IF NOT EXISTS "users_users_groups_users_id_5572cf36" ON "users_users_groups" ("users_id");
CREATE INDEX IF NOT EXISTS "users_users_groups_group_id_3e15ff0f" ON "users_users_groups" ("group_id");
CREATE UNIQUE INDEX "users_users_user_permissions_users_id_permission_id_119659d5_uniq" ON "users_users_user_permissions" ("users_id", "permission_id");
CREATE INDEX IF NOT EXISTS "users_users_user_permissions_users_id_04010ba6" ON "users_users_user_permissions" ("users_id");
CREATE INDEX IF NOT EXISTS "users_users_user_permissions_permission_id_9a117d64" ON "users_users_user_permissions" ("permission_id");
CREATE UNIQUE INDEX "users_users_guruh_users_id_guruh_id_16818314_uniq" ON "users_users_guruh" ("users_id", "guruh_id");
CREATE INDEX IF NOT EXISTS "users_users_guruh_users_id_051e1fae" ON "users_users_guruh" ("users_id");
CREATE INDEX IF NOT EXISTS "users_users_guruh_guruh_id_d324ae18" ON "users_users_guruh" ("guruh_id");
CREATE INDEX IF NOT EXISTS "django_admin_log_content_type_id_c4bce8eb" ON "django_admin_log" ("content_type_id");
CREATE INDEX IF NOT EXISTS "django_admin_log_user_id_c564eba6" ON "django_admin_log" ("user_id");
CREATE INDEX IF NOT EXISTS "django_session_expire_date_a5c62663" ON "django_session" ("expire_date");
CREATE INDEX IF NOT EXISTS "topshiriq_majburiytopshiriq_topshiriq_id_6a375b5e" ON "topshiriq_majburiytopshiriq" ("topshiriq_id");
CREATE INDEX IF NOT EXISTS "topshiriq_majburiytopshiriq_user_id_bc19da0e" ON "topshiriq_majburiytopshiriq" ("user_id");
CREATE INDEX IF NOT EXISTS "topshiriq_ozsohasidatopshiriq_topshiriq_id_cfd07056" ON "topshiriq_ozsohasidatopshiriq" ("topshiriq_id");
CREATE INDEX IF NOT EXISTS "topshiriq_ozsohasidatopshiriq_user_id_1907d4e6" ON "topshiriq_ozsohasidatopshiriq" ("user_id");
CREATE INDEX IF NOT EXISTS "topshiriq_ozxohishibilantopshiriq_user_id_86076857" ON "topshiriq_ozxohishibilantopshiriq" ("user_id");
CREATE INDEX IF NOT EXISTS "topshiriq_qoshimchatopshiriq_topshiriq_id_1763c045" ON "topshiriq_qoshimchatopshiriq" ("topshiriq_id");
CREATE INDEX IF NOT EXISTS "topshiriq_qoshimchatopshiriq_user_id_ddeb336f" ON "topshiriq_qoshimchatopshiriq" ("user_id");
CREATE INDEX IF NOT EXISTS "topshiriq_topshiriq_admin_user_id_375d331e" ON "topshiriq_topshiriq" ("admin_user_id");
CREATE UNIQUE INDEX "topshiriq_topshiriq_topshiriq_users_topshiriq_id_users_id_9df7825a_uniq" ON "topshiriq_topshiriq_topshiriq_users" ("topshiriq_id", "users_id");
CREATE INDEX IF NOT EXISTS "topshiriq_topshiriq_topshiriq_users_topshiriq_id_5dd32f78" ON "topshiriq_topshiriq_topshiriq_users" ("topshiriq_id");
CREATE INDEX IF NOT EXISTS "topshiriq_topshiriq_topshiriq_users_users_id_c5e10809" ON "topshiriq_topshiriq_topshiriq_users" ("users_id");
CREATE INDEX IF NOT EXISTS "topshiriq_testjavob_test_id_a4e13899" ON "topshiriq_testjavob" ("test_id");
CREATE INDEX IF NOT EXISTS "topshiriq_testjavob_topshiriq_id_ee6b6c3e" ON "topshiriq_testjavob" ("topshiriq_id");
CREATE INDEX IF NOT EXISTS "topshiriq_testjavob_user_id_57f261fa" ON "topshiriq_testjavob" ("user_id");
CREATE INDEX IF NOT EXISTS "topshiriq_testtopshiriq_test_id_1daf8008" ON "topshiriq_testtopshiriq" ("test_id");
CREATE INDEX IF NOT EXISTS "topshiriq_testtopshiriq_topshiriq_id_62168f9b" ON "topshiriq_testtopshiriq" ("topshiriq_id");
CREATE INDEX IF NOT EXISTS "users_guruh_kurs_id_975e2233" ON "users_guruh" ("kurs_id");
CREATE INDEX IF NOT EXISTS "users_kurs_yonalish_id_abaabe16" ON "users_kurs" ("yonalish_id");
CREATE INDEX IF NOT EXISTS "users_yonalish_fakultet_id_06a47876" ON "users_yonalish" ("fakultet_id");
CREATE INDEX IF NOT EXISTS "users_users_fakultet_id_5899e7a5" ON "users_users" ("fakultet_id");
CREATE INDEX IF NOT EXISTS "users_talaba_guruh_id_5019158a" ON "users_talaba" ("guruh_id");
CREATE INDEX IF NOT EXISTS "users_talaba_tyutor_id_03cffefb" ON "users_talaba" ("tyutor_id");
CREATE INDEX IF NOT EXISTS "topshiriq_talabalar_guruh_id_96473ecf" ON "topshiriq_talabalar" ("guruh_id");
CREATE INDEX IF NOT EXISTS "topshiriq_talabalar_tyutor_id_6ec73ab0" ON "topshiriq_talabalar" ("tyutor_id");
CREATE INDEX IF NOT EXISTS "topshiriq_testlar_tyutor_id_9bd168cc" ON "topshiriq_testlar" ("tyutor_id");
CREATE TABLE IF NOT EXISTS "topshiriq_ozxohishibilantopshiriq" ("id" char(32) NOT NULL PRIMARY KEY, "created_at" datetime NOT NULL, "updated_at" datetime NOT NULL, "baxo" integer NOT NULL, "title" varchar(300) NOT NULL, "body" text NOT NULL, "file1" varchar(100) NULL, "file2" varchar(100) NULL, "file3" varchar(100) NULL, "file4" varchar(100) NULL, "baxolash" bool NOT NULL, "is_active" bool NOT NULL, "user_id" char(32) NOT NULL REFERENCES "users_users" ("id") DEFERRABLE INITIALLY DEFERRED);
CREATE UNIQUE INDEX "django_content_type_app_label_model_76bd3d3b_uniq" ON "django_content_type" ("app_label", "model");
CREATE UNIQUE INDEX "auth_group_permissions_group_id_permission_id_0cd325b0_uniq" ON "auth_group_permissions" ("group_id", "permission_id");
CREATE INDEX IF NOT EXISTS "auth_group_permissions_group_id_b120cbf9" ON "auth_group_permissions" ("group_id");
CREATE INDEX IF NOT EXISTS "auth_group_permissions_permission_id_84c5c92e" ON "auth_group_permissions" ("permission_id");
CREATE UNIQUE INDEX "auth_permission_content_type_id_codename_01ab375a_uniq" ON "auth_permission" ("content_type_id", "codename");
CREATE INDEX IF NOT EXISTS "auth_permission_content_type_id_2f476e4b" ON "auth_permission" ("content_type_id");
CREATE UNIQUE INDEX "users_users_groups_users_id_group_id_02603a5e_uniq" ON "users_users_groups" ("users_id", "group_id");
CREATE INDEX IF NOT EXISTS "users_users_groups_users_id_5572cf36" ON "users_users_groups" ("users_id");
CREATE INDEX IF NOT EXISTS "users_users_groups_group_id_3e15ff0f" ON "users_users_groups" ("group_id");
CREATE UNIQUE INDEX "users_users_user_permissions_users_id_permission_id_119659d5_uniq" ON "users_users_user_permissions" ("users_id", "permission_id");
CREATE INDEX IF NOT EXISTS "users_users_user_permissions_users_id_04010ba6" ON "users_users_user_permissions" ("users_id");
CREATE INDEX IF NOT EXISTS "users_users_user_permissions_permission_id_9a117d64" ON "users_users_user_permissions" ("permission_id");
CREATE UNIQUE INDEX "users_users_guruh_users_id_guruh_id_16818314_uniq" ON "users_users_guruh" ("users_id", "guruh_id");
CREATE INDEX IF NOT EXISTS "users_users_guruh_users_id_051e1fae" ON "users_users_guruh" ("users_id");
CREATE INDEX IF NOT EXISTS "users_users_guruh_guruh_id_d324ae18" ON "users_users_guruh" ("guruh_id");
CREATE INDEX IF NOT EXISTS "django_admin_log_content_type_id_c4bce8eb" ON "django_admin_log" ("content_type_id");
CREATE INDEX IF NOT EXISTS "django_admin_log_user_id_c564eba6" ON "django_admin_log" ("user_id");
CREATE INDEX IF NOT EXISTS "django_session_expire_date_a5c62663" ON "django_session" ("expire_date");
CREATE INDEX IF NOT EXISTS "topshiriq_majburiytopshiriq_topshiriq_id_6a375b5e" ON "topshiriq_majburiytopshiriq" ("topshiriq_id");
CREATE INDEX IF NOT EXISTS "topshiriq_majburiytopshiriq_user_id_bc19da0e" ON "topshiriq_majburiytopshiriq" ("user_id");
CREATE INDEX IF NOT EXISTS "topshiriq_ozsohasidatopshiriq_topshiriq_id_cfd07056" ON "topshiriq_ozsohasidatopshiriq" ("topshiriq_id");
CREATE INDEX IF NOT EXISTS "topshiriq_ozsohasidatopshiriq_user_id_1907d4e6" ON "topshiriq_ozsohasidatopshiriq" ("user_id");
CREATE INDEX IF NOT EXISTS "topshiriq_ozxohishibilantopshiriq_user_id_86076857" ON "topshiriq_ozxohishibilantopshiriq" ("user_id");
CREATE INDEX IF NOT EXISTS "topshiriq_qoshimchatopshiriq_topshiriq_id_1763c045" ON "topshiriq_qoshimchatopshiriq" ("topshiriq_id");
CREATE INDEX IF NOT EXISTS "topshiriq_qoshimchatopshiriq_user_id_ddeb336f" ON "topshiriq_qoshimchatopshiriq" ("user_id");
CREATE INDEX IF NOT EXISTS "topshiriq_topshiriq_admin_user_id_375d331e" ON "topshiriq_topshiriq" ("admin_user_id");
CREATE UNIQUE INDEX "topshiriq_topshiriq_topshiriq_users_topshiriq_id_users_id_9df7825a_uniq" ON "topshiriq_topshiriq_topshiriq_users" ("topshiriq_id", "users_id");
CREATE INDEX IF NOT EXISTS "topshiriq_topshiriq_topshiriq_users_topshiriq_id_5dd32f78" ON "topshiriq_topshiriq_topshiriq_users" ("topshiriq_id");
CREATE INDEX IF NOT EXISTS "topshiriq_topshiriq_topshiriq_users_users_id_c5e10809" ON "topshiriq_topshiriq_topshiriq_users" ("users_id");
CREATE INDEX IF NOT EXISTS "topshiriq_testjavob_test_id_a4e13899" ON "topshiriq_testjavob" ("test_id");
CREATE INDEX IF NOT EXISTS "topshiriq_testjavob_topshiriq_id_ee6b6c3e" ON "topshiriq_testjavob" ("topshiriq_id");
CREATE INDEX IF NOT EXISTS "topshiriq_testjavob_user_id_57f261fa" ON "topshiriq_testjavob" ("user_id");
CREATE INDEX IF NOT EXISTS "topshiriq_testtopshiriq_test_id_1daf8008" ON "topshiriq_testtopshiriq" ("test_id");
CREATE INDEX IF NOT EXISTS "topshiriq_testtopshiriq_topshiriq_id_62168f9b" ON "topshiriq_testtopshiriq" ("topshiriq_id");
CREATE INDEX IF NOT EXISTS "users_guruh_kurs_id_975e2233" ON "users_guruh" ("kurs_id");
CREATE INDEX IF NOT EXISTS "users_kurs_yonalish_id_abaabe16" ON "users_kurs" ("yonalish_id");
CREATE INDEX IF NOT EXISTS "users_yonalish_fakultet_id_06a47876" ON "users_yonalish" ("fakultet_id");
CREATE INDEX IF NOT EXISTS "users_users_fakultet_id_5899e7a5" ON "users_users" ("fakultet_id");
CREATE INDEX IF NOT EXISTS "users_talaba_guruh_id_5019158a" ON "users_talaba" ("guruh_id");
CREATE INDEX IF NOT EXISTS "users_talaba_tyutor_id_03cffefb" ON "users_talaba" ("tyutor_id");
CREATE INDEX IF NOT EXISTS "topshiriq_talabalar_guruh_id_96473ecf" ON "topshiriq_talabalar" ("guruh_id");
CREATE INDEX IF NOT EXISTS "topshiriq_talabalar_tyutor_id_6ec73ab0" ON "topshiriq_talabalar" ("tyutor_id");
CREATE INDEX IF NOT EXISTS "topshiriq_testlar_tyutor_id_9bd168cc" ON "topshiriq_testlar" ("tyutor_id");
CREATE TABLE IF NOT EXISTS "topshiriq_qoshimchatopshiriq" ("id" char(32) NOT NULL PRIMARY KEY, "created_at" datetime NOT NULL, "updated_at" datetime NOT NULL, "baxo" integer NOT NULL, "title" varchar(300) NOT NULL, "body" text NOT NULL, "file1" varchar(100) NULL, "file2" varchar(100) NULL, "file3" varchar(100) NULL, "file4" varchar(100) NULL, "baxolash" bool NOT NULL, "admin" bool NOT NULL, "is_active" bool NOT NULL, "topshiriq_id" char(32) NOT NULL REFERENCES "topshiriq_topshiriq" ("id") DEFERRABLE INITIALLY DEFERRED, "user_id" char(32) NOT NULL REFERENCES "users_users" ("id") DEFERRABLE INITIALLY DEFERRED);
CREATE UNIQUE INDEX "django_content_type_app_label_model_76bd3d3b_uniq" ON "django_content_type" ("app_label", "model");
CREATE UNIQUE INDEX "auth_group_permissions_group_id_permission_id_0cd325b0_uniq" ON "auth_group_permissions" ("group_id", "permission_id");
CREATE INDEX IF NOT EXISTS "auth_group_permissions_group_id_b120cbf9" ON "auth_group_permissions" ("group_id");
CREATE INDEX IF NOT EXISTS "auth_group_permissions_permission_id_84c5c92e" ON "auth_group_permissions" ("permission_id");
CREATE UNIQUE INDEX "auth_permission_content_type_id_codename_01ab375a_uniq" ON "auth_permission" ("content_type_id", "codename");
CREATE INDEX IF NOT EXISTS "auth_permission_content_type_id_2f476e4b" ON "auth_permission" ("content_type_id");
CREATE UNIQUE INDEX "users_users_groups_users_id_group_id_02603a5e_uniq" ON "users_users_groups" ("users_id", "group_id");
CREATE INDEX IF NOT EXISTS "users_users_groups_users_id_5572cf36" ON "users_users_groups" ("users_id");
CREATE INDEX IF NOT EXISTS "users_users_groups_group_id_3e15ff0f" ON "users_users_groups" ("group_id");
CREATE UNIQUE INDEX "users_users_user_permissions_users_id_permission_id_119659d5_uniq" ON "users_users_user_permissions" ("users_id", "permission_id");
CREATE INDEX IF NOT EXISTS "users_users_user_permissions_users_id_04010ba6" ON "users_users_user_permissions" ("users_id");
CREATE INDEX IF NOT EXISTS "users_users_user_permissions_permission_id_9a117d64" ON "users_users_user_permissions" ("permission_id");
CREATE UNIQUE INDEX "users_users_guruh_users_id_guruh_id_16818314_uniq" ON "users_users_guruh" ("users_id", "guruh_id");
CREATE INDEX IF NOT EXISTS "users_users_guruh_users_id_051e1fae" ON "users_users_guruh" ("users_id");
CREATE INDEX IF NOT EXISTS "users_users_guruh_guruh_id_d324ae18" ON "users_users_guruh" ("guruh_id");
CREATE INDEX IF NOT EXISTS "django_admin_log_content_type_id_c4bce8eb" ON "django_admin_log" ("content_type_id");
CREATE INDEX IF NOT EXISTS "django_admin_log_user_id_c564eba6" ON "django_admin_log" ("user_id");
CREATE INDEX IF NOT EXISTS "django_session_expire_date_a5c62663" ON "django_session" ("expire_date");
CREATE INDEX IF NOT EXISTS "topshiriq_majburiytopshiriq_topshiriq_id_6a375b5e" ON "topshiriq_majburiytopshiriq" ("topshiriq_id");
CREATE INDEX IF NOT EXISTS "topshiriq_majburiytopshiriq_user_id_bc19da0e" ON "topshiriq_majburiytopshiriq" ("user_id");
CREATE INDEX IF NOT EXISTS "topshiriq_ozsohasidatopshiriq_topshiriq_id_cfd07056" ON "topshiriq_ozsohasidatopshiriq" ("topshiriq_id");
CREATE INDEX IF NOT EXISTS "topshiriq_ozsohasidatopshiriq_user_id_1907d4e6" ON "topshiriq_ozsohasidatopshiriq" ("user_id");
CREATE INDEX IF NOT EXISTS "topshiriq_ozxohishibilantopshiriq_user_id_86076857" ON "topshiriq_ozxohishibilantopshiriq" ("user_id");
CREATE INDEX IF NOT EXISTS "topshiriq_qoshimchatopshiriq_topshiriq_id_1763c045" ON "topshiriq_qoshimchatopshiriq" ("topshiriq_id");
CREATE INDEX IF NOT EXISTS "topshiriq_qoshimchatopshiriq_user_id_ddeb336f" ON "topshiriq_qoshimchatopshiriq" ("user_id");
CREATE INDEX IF NOT EXISTS "topshiriq_topshiriq_admin_user_id_375d331e" ON "topshiriq_topshiriq" ("admin_user_id");
CREATE UNIQUE INDEX "topshiriq_topshiriq_topshiriq_users_topshiriq_id_users_id_9df7825a_uniq" ON "topshiriq_topshiriq_topshiriq_users" ("topshiriq_id", "users_id");
CREATE INDEX IF NOT EXISTS "topshiriq_topshiriq_topshiriq_users_topshiriq_id_5dd32f78" ON "topshiriq_topshiriq_topshiriq_users" ("topshiriq_id");
CREATE INDEX IF NOT EXISTS "topshiriq_topshiriq_topshiriq_users_users_id_c5e10809" ON "topshiriq_topshiriq_topshiriq_users" ("users_id");
CREATE INDEX IF NOT EXISTS "topshiriq_testjavob_test_id_a4e13899" ON "topshiriq_testjavob" ("test_id");
CREATE INDEX IF NOT EXISTS "topshiriq_testjavob_topshiriq_id_ee6b6c3e" ON "topshiriq_testjavob" ("topshiriq_id");
CREATE INDEX IF NOT EXISTS "topshiriq_testjavob_user_id_57f261fa" ON "topshiriq_testjavob" ("user_id");
CREATE INDEX IF NOT EXISTS "topshiriq_testtopshiriq_test_id_1daf8008" ON "topshiriq_testtopshiriq" ("test_id");
CREATE INDEX IF NOT EXISTS "topshiriq_testtopshiriq_topshiriq_id_62168f9b" ON "topshiriq_testtopshiriq" ("topshiriq_id");
CREATE INDEX IF NOT EXISTS "users_guruh_kurs_id_975e2233" ON "users_guruh" ("kurs_id");
CREATE INDEX IF NOT EXISTS "users_kurs_yonalish_id_abaabe16" ON "users_kurs" ("yonalish_id");
CREATE INDEX IF NOT EXISTS "users_yonalish_fakultet_id_06a47876" ON "users_yonalish" ("fakultet_id");
CREATE INDEX IF NOT EXISTS "users_users_fakultet_id_5899e7a5" ON "users_users" ("fakultet_id");
CREATE INDEX IF NOT EXISTS "users_talaba_guruh_id_5019158a" ON "users_talaba" ("guruh_id");
CREATE INDEX IF NOT EXISTS "users_talaba_tyutor_id_03cffefb" ON "users_talaba" ("tyutor_id");
CREATE INDEX IF NOT EXISTS "topshiriq_talabalar_guruh_id_96473ecf" ON "topshiriq_talabalar" ("guruh_id");
CREATE INDEX IF NOT EXISTS "topshiriq_talabalar_tyutor_id_6ec73ab0" ON "topshiriq_talabalar" ("tyutor_id");
CREATE INDEX IF NOT EXISTS "topshiriq_testlar_tyutor_id_9bd168cc" ON "topshiriq_testlar" ("tyutor_id");
CREATE TABLE IF NOT EXISTS "topshiriq_talabalar" ("id" char(32) NOT NULL PRIMARY KEY, "created_at" datetime NOT NULL, "updated_at" datetime NOT NULL, "is_active" bool NOT NULL, "guruh_id" char(32) NOT NULL REFERENCES "users_guruh" ("id") DEFERRABLE INITIALLY DEFERRED, "familya" varchar(255) NOT NULL, "ism" varchar(255) NOT NULL, "jins" varchar(255) NOT NULL, "tolov_status" varchar(255) NOT NULL, "ijtimoiy_ximoya" varchar(255) NOT NULL, "ijtimoiy_daraja" varchar(255) NOT NULL, "iqdidorli_talaba" varchar(255) NOT NULL, "tyutor_id" char(32) NOT NULL REFERENCES "users_users" ("id") DEFERRABLE INITIALLY DEFERRED, "sardor" bool NOT NULL, "nomer" varchar(255) NOT NULL);
CREATE UNIQUE INDEX "django_content_type_app_label_model_76bd3d3b_uniq" ON "django_content_type" ("app_label", "model");
CREATE UNIQUE INDEX "auth_group_permissions_group_id_permission_id_0cd325b0_uniq" ON "auth_group_permissions" ("group_id", "permission_id");
CREATE INDEX IF NOT EXISTS "auth_group_permissions_group_id_b120cbf9" ON "auth_group_permissions" ("group_id");
CREATE INDEX IF NOT EXISTS "auth_group_permissions_permission_id_84c5c92e" ON "auth_group_permissions" ("permission_id");
CREATE UNIQUE INDEX "auth_permission_content_type_id_codename_01ab375a_uniq" ON "auth_permission" ("content_type_id", "codename");
CREATE INDEX IF NOT EXISTS "auth_permission_content_type_id_2f476e4b" ON "auth_permission" ("content_type_id");
CREATE UNIQUE INDEX "users_users_groups_users_id_group_id_02603a5e_uniq" ON "users_users_groups" ("users_id", "group_id");
CREATE INDEX IF NOT EXISTS "users_users_groups_users_id_5572cf36" ON "users_users_groups" ("users_id");
CREATE INDEX IF NOT EXISTS "users_users_groups_group_id_3e15ff0f" ON "users_users_groups" ("group_id");
CREATE UNIQUE INDEX "users_users_user_permissions_users_id_permission_id_119659d5_uniq" ON "users_users_user_permissions" ("users_id", "permission_id");
CREATE INDEX IF NOT EXISTS "users_users_user_permissions_users_id_04010ba6" ON "users_users_user_permissions" ("users_id");
CREATE INDEX IF NOT EXISTS "users_users_user_permissions_permission_id_9a117d64" ON "users_users_user_permissions" ("permission_id");
CREATE UNIQUE INDEX "users_users_guruh_users_id_guruh_id_16818314_uniq" ON "users_users_guruh" ("users_id", "guruh_id");
CREATE INDEX IF NOT EXISTS "users_users_guruh_users_id_051e1fae" ON "users_users_guruh" ("users_id");
CREATE INDEX IF NOT EXISTS "users_users_guruh_guruh_id_d324ae18" ON "users_users_guruh" ("guruh_id");
CREATE INDEX IF NOT EXISTS "django_admin_log_content_type_id_c4bce8eb" ON "django_admin_log" ("content_type_id");
CREATE INDEX IF NOT EXISTS "django_admin_log_user_id_c564eba6" ON "django_admin_log" ("user_id");
CREATE INDEX IF NOT EXISTS "django_session_expire_date_a5c62663" ON "django_session" ("expire_date");
CREATE INDEX IF NOT EXISTS "topshiriq_majburiytopshiriq_topshiriq_id_6a375b5e" ON "topshiriq_majburiytopshiriq" ("topshiriq_id");
CREATE INDEX IF NOT EXISTS "topshiriq_majburiytopshiriq_user_id_bc19da0e" ON "topshiriq_majburiytopshiriq" ("user_id");
CREATE INDEX IF NOT EXISTS "topshiriq_ozsohasidatopshiriq_topshiriq_id_cfd07056" ON "topshiriq_ozsohasidatopshiriq" ("topshiriq_id");
CREATE INDEX IF NOT EXISTS "topshiriq_ozsohasidatopshiriq_user_id_1907d4e6" ON "topshiriq_ozsohasidatopshiriq" ("user_id");
CREATE INDEX IF NOT EXISTS "topshiriq_ozxohishibilantopshiriq_user_id_86076857" ON "topshiriq_ozxohishibilantopshiriq" ("user_id");
CREATE INDEX IF NOT EXISTS "topshiriq_qoshimchatopshiriq_topshiriq_id_1763c045" ON "topshiriq_qoshimchatopshiriq" ("topshiriq_id");
CREATE INDEX IF NOT EXISTS "topshiriq_qoshimchatopshiriq_user_id_ddeb336f" ON "topshiriq_qoshimchatopshiriq" ("user_id");
CREATE INDEX IF NOT EXISTS "topshiriq_topshiriq_admin_user_id_375d331e" ON "topshiriq_topshiriq" ("admin_user_id");
CREATE UNIQUE INDEX "topshiriq_topshiriq_topshiriq_users_topshiriq_id_users_id_9df7825a_uniq" ON "topshiriq_topshiriq_topshiriq_users" ("topshiriq_id", "users_id");
CREATE INDEX IF NOT EXISTS "topshiriq_topshiriq_topshiriq_users_topshiriq_id_5dd32f78" ON "topshiriq_topshiriq_topshiriq_users" ("topshiriq_id");
CREATE INDEX IF NOT EXISTS "topshiriq_topshiriq_topshiriq_users_users_id_c5e10809" ON "topshiriq_topshiriq_topshiriq_users" ("users_id");
CREATE INDEX IF NOT EXISTS "topshiriq_testjavob_test_id_a4e13899" ON "topshiriq_testjavob" ("test_id");
CREATE INDEX IF NOT EXISTS "topshiriq_testjavob_topshiriq_id_ee6b6c3e" ON "topshiriq_testjavob" ("topshiriq_id");
CREATE INDEX IF NOT EXISTS "topshiriq_testjavob_user_id_57f261fa" ON "topshiriq_testjavob" ("user_id");
CREATE INDEX IF NOT EXISTS "topshiriq_testtopshiriq_test_id_1daf8008" ON "topshiriq_testtopshiriq" ("test_id");
CREATE INDEX IF NOT EXISTS "topshiriq_testtopshiriq_topshiriq_id_62168f9b" ON "topshiriq_testtopshiriq" ("topshiriq_id");
CREATE INDEX IF NOT EXISTS "users_guruh_kurs_id_975e2233" ON "users_guruh" ("kurs_id");
CREATE INDEX IF NOT EXISTS "users_kurs_yonalish_id_abaabe16" ON "users_kurs" ("yonalish_id");
CREATE INDEX IF NOT EXISTS "users_yonalish_fakultet_id_06a47876" ON "users_yonalish" ("fakultet_id");
CREATE INDEX IF NOT EXISTS "users_users_fakultet_id_5899e7a5" ON "users_users" ("fakultet_id");
CREATE INDEX IF NOT EXISTS "users_talaba_guruh_id_5019158a" ON "users_talaba" ("guruh_id");
CREATE INDEX IF NOT EXISTS "users_talaba_tyutor_id_03cffefb" ON "users_talaba" ("tyutor_id");
CREATE INDEX IF NOT EXISTS "topshiriq_talabalar_guruh_id_96473ecf" ON "topshiriq_talabalar" ("guruh_id");
CREATE INDEX IF NOT EXISTS "topshiriq_talabalar_tyutor_id_6ec73ab0" ON "topshiriq_talabalar" ("tyutor_id");
CREATE INDEX IF NOT EXISTS "topshiriq_testlar_tyutor_id_9bd168cc" ON "topshiriq_testlar" ("tyutor_id");
CREATE TABLE IF NOT EXISTS "topshiriq_test" ("id" char(32) NOT NULL PRIMARY KEY, "created_at" datetime NOT NULL, "updated_at" datetime NOT NULL, "is_active" bool NOT NULL, "matn" text NOT NULL, "variant_a" varchar(255) NOT NULL, "variant_b" varchar(255) NOT NULL, "variant_c" varchar(255) NOT NULL, "variant_d" varchar(255) NOT NULL, "togri_javob" varchar(1) NOT NULL);
CREATE UNIQUE INDEX "django_content_type_app_label_model_76bd3d3b_uniq" ON "django_content_type" ("app_label", "model");
CREATE UNIQUE INDEX "auth_group_permissions_group_id_permission_id_0cd325b0_uniq" ON "auth_group_permissions" ("group_id", "permission_id");
CREATE INDEX IF NOT EXISTS "auth_group_permissions_group_id_b120cbf9" ON "auth_group_permissions" ("group_id");
CREATE INDEX IF NOT EXISTS "auth_group_permissions_permission_id_84c5c92e" ON "auth_group_permissions" ("permission_id");
CREATE UNIQUE INDEX "auth_permission_content_type_id_codename_01ab375a_uniq" ON "auth_permission" ("content_type_id", "codename");
CREATE INDEX IF NOT EXISTS "auth_permission_content_type_id_2f476e4b" ON "auth_permission" ("content_type_id");
CREATE UNIQUE INDEX "users_users_groups_users_id_group_id_02603a5e_uniq" ON "users_users_groups" ("users_id", "group_id");
CREATE INDEX IF NOT EXISTS "users_users_groups_users_id_5572cf36" ON "users_users_groups" ("users_id");
CREATE INDEX IF NOT EXISTS "users_users_groups_group_id_3e15ff0f" ON "users_users_groups" ("group_id");
CREATE UNIQUE INDEX "users_users_user_permissions_users_id_permission_id_119659d5_uniq" ON "users_users_user_permissions" ("users_id", "permission_id");
CREATE INDEX IF NOT EXISTS "users_users_user_permissions_users_id_04010ba6" ON "users_users_user_permissions" ("users_id");
CREATE INDEX IF NOT EXISTS "users_users_user_permissions_permission_id_9a117d64" ON "users_users_user_permissions" ("permission_id");
CREATE UNIQUE INDEX "users_users_guruh_users_id_guruh_id_16818314_uniq" ON "users_users_guruh" ("users_id", "guruh_id");
CREATE INDEX IF NOT EXISTS "users_users_guruh_users_id_051e1fae" ON "users_users_guruh" ("users_id");
CREATE INDEX IF NOT EXISTS "users_users_guruh_guruh_id_d324ae18" ON "users_users_guruh" ("guruh_id");
CREATE INDEX IF NOT EXISTS "django_admin_log_content_type_id_c4bce8eb" ON "django_admin_log" ("content_type_id");
CREATE INDEX IF NOT EXISTS "django_admin_log_user_id_c564eba6" ON "django_admin_log" ("user_id");
CREATE INDEX IF NOT EXISTS "django_session_expire_date_a5c62663" ON "django_session" ("expire_date");
CREATE INDEX IF NOT EXISTS "topshiriq_majburiytopshiriq_topshiriq_id_6a375b5e" ON "topshiriq_majburiytopshiriq" ("topshiriq_id");
CREATE INDEX IF NOT EXISTS "topshiriq_majburiytopshiriq_user_id_bc19da0e" ON "topshiriq_majburiytopshiriq" ("user_id");
CREATE INDEX IF NOT EXISTS "topshiriq_ozsohasidatopshiriq_topshiriq_id_cfd07056" ON "topshiriq_ozsohasidatopshiriq" ("topshiriq_id");
CREATE INDEX IF NOT EXISTS "topshiriq_ozsohasidatopshiriq_user_id_1907d4e6" ON "topshiriq_ozsohasidatopshiriq" ("user_id");
CREATE INDEX IF NOT EXISTS "topshiriq_ozxohishibilantopshiriq_user_id_86076857" ON "topshiriq_ozxohishibilantopshiriq" ("user_id");
CREATE INDEX IF NOT EXISTS "topshiriq_qoshimchatopshiriq_topshiriq_id_1763c045" ON "topshiriq_qoshimchatopshiriq" ("topshiriq_id");
CREATE INDEX IF NOT EXISTS "topshiriq_qoshimchatopshiriq_user_id_ddeb336f" ON "topshiriq_qoshimchatopshiriq" ("user_id");
CREATE INDEX IF NOT EXISTS "topshiriq_topshiriq_admin_user_id_375d331e" ON "topshiriq_topshiriq" ("admin_user_id");
CREATE UNIQUE INDEX "topshiriq_topshiriq_topshiriq_users_topshiriq_id_users_id_9df7825a_uniq" ON "topshiriq_topshiriq_topshiriq_users" ("topshiriq_id", "users_id");
CREATE INDEX IF NOT EXISTS "topshiriq_topshiriq_topshiriq_users_topshiriq_id_5dd32f78" ON "topshiriq_topshiriq_topshiriq_users" ("topshiriq_id");
CREATE INDEX IF NOT EXISTS "topshiriq_topshiriq_topshiriq_users_users_id_c5e10809" ON "topshiriq_topshiriq_topshiriq_users" ("users_id");
CREATE INDEX IF NOT EXISTS "topshiriq_testjavob_test_id_a4e13899" ON "topshiriq_testjavob" ("test_id");
CREATE INDEX IF NOT EXISTS "topshiriq_testjavob_topshiriq_id_ee6b6c3e" ON "topshiriq_testjavob" ("topshiriq_id");
CREATE INDEX IF NOT EXISTS "topshiriq_testjavob_user_id_57f261fa" ON "topshiriq_testjavob" ("user_id");
CREATE INDEX IF NOT EXISTS "topshiriq_testtopshiriq_test_id_1daf8008" ON "topshiriq_testtopshiriq" ("test_id");
CREATE INDEX IF NOT EXISTS "topshiriq_testtopshiriq_topshiriq_id_62168f9b" ON "topshiriq_testtopshiriq" ("topshiriq_id");
CREATE INDEX IF NOT EXISTS "users_guruh_kurs_id_975e2233" ON "users_guruh" ("kurs_id");
CREATE INDEX IF NOT EXISTS "users_kurs_yonalish_id_abaabe16" ON "users_kurs" ("yonalish_id");
CREATE INDEX IF NOT EXISTS "users_yonalish_fakultet_id_06a47876" ON "users_yonalish" ("fakultet_id");
CREATE INDEX IF NOT EXISTS "users_users_fakultet_id_5899e7a5" ON "users_users" ("fakultet_id");
CREATE INDEX IF NOT EXISTS "users_talaba_guruh_id_5019158a" ON "users_talaba" ("guruh_id");
CREATE INDEX IF NOT EXISTS "users_talaba_tyutor_id_03cffefb" ON "users_talaba" ("tyutor_id");
CREATE INDEX IF NOT EXISTS "topshiriq_talabalar_guruh_id_96473ecf" ON "topshiriq_talabalar" ("guruh_id");
CREATE INDEX IF NOT EXISTS "topshiriq_talabalar_tyutor_id_6ec73ab0" ON "topshiriq_talabalar" ("tyutor_id");
CREATE INDEX IF NOT EXISTS "topshiriq_testlar_tyutor_id_9bd168cc" ON "topshiriq_testlar" ("tyutor_id");
CREATE TABLE IF NOT EXISTS "topshiriq_testjavob" ("id" char(32) NOT NULL PRIMARY KEY, "created_at" datetime NOT NULL, "updated_at" datetime NOT NULL, "is_active" bool NOT NULL, "tanlangan_javob" varchar(1) NOT NULL, "togri" bool NOT NULL, "test_id" char(32) NOT NULL REFERENCES "topshiriq_test" ("id") DEFERRABLE INITIALLY DEFERRED, "topshiriq_id" char(32) NOT NULL REFERENCES "topshiriq_topshiriq" ("id") DEFERRABLE INITIALLY DEFERRED, "user_id" char(32) NOT NULL REFERENCES "users_users" ("id") DEFERRABLE INITIALLY DEFERRED);
CREATE UNIQUE INDEX "django_content_type_app_label_model_76bd3d3b_uniq" ON "django_content_type" ("app_label", "model");
CREATE UNIQUE INDEX "auth_group_permissions_group_id_permission_id_0cd325b0_uniq" ON "auth_group_permissions" ("group_id", "permission_id");
CREATE INDEX IF NOT EXISTS "auth_group_permissions_group_id_b120cbf9" ON "auth_group_permissions" ("group_id");
CREATE INDEX IF NOT EXISTS "auth_group_permissions_permission_id_84c5c92e" ON "auth_group_permissions" ("permission_id");
CREATE UNIQUE INDEX "auth_permission_content_type_id_codename_01ab375a_uniq" ON "auth_permission" ("content_type_id", "codename");
CREATE INDEX IF NOT EXISTS "auth_permission_content_type_id_2f476e4b" ON "auth_permission" ("content_type_id");
CREATE UNIQUE INDEX "users_users_groups_users_id_group_id_02603a5e_uniq" ON "users_users_groups" ("users_id", "group_id");
CREATE INDEX IF NOT EXISTS "users_users_groups_users_id_5572cf36" ON "users_users_groups" ("users_id");
CREATE INDEX IF NOT EXISTS "users_users_groups_group_id_3e15ff0f" ON "users_users_groups" ("group_id");
CREATE UNIQUE INDEX "users_users_user_permissions_users_id_permission_id_119659d5_uniq" ON "users_users_user_permissions" ("users_id", "permission_id");
CREATE INDEX IF NOT EXISTS "users_users_user_permissions_users_id_04010ba6" ON "users_users_user_permissions" ("users_id");
CREATE INDEX IF NOT EXISTS "users_users_user_permissions_permission_id_9a117d64" ON "users_users_user_permissions" ("permission_id");
CREATE UNIQUE INDEX "users_users_guruh_users_id_guruh_id_16818314_uniq" ON "users_users_guruh" ("users_id", "guruh_id");
CREATE INDEX IF NOT EXISTS "users_users_guruh_users_id_051e1fae" ON "users_users_guruh" ("users_id");
CREATE INDEX IF NOT EXISTS "users_users_guruh_guruh_id_d324ae18" ON "users_users_guruh" ("guruh_id");
CREATE INDEX IF NOT EXISTS "django_admin_log_content_type_id_c4bce8eb" ON "django_admin_log" ("content_type_id");
CREATE INDEX IF NOT EXISTS "django_admin_log_user_id_c564eba6" ON "django_admin_log" ("user_id");
CREATE INDEX IF NOT EXISTS "django_session_expire_date_a5c62663" ON "django_session" ("expire_date");
CREATE INDEX IF NOT EXISTS "topshiriq_majburiytopshiriq_topshiriq_id_6a375b5e" ON "topshiriq_majburiytopshiriq" ("topshiriq_id");
CREATE INDEX IF NOT EXISTS "topshiriq_majburiytopshiriq_user_id_bc19da0e" ON "topshiriq_majburiytopshiriq" ("user_id");
CREATE INDEX IF NOT EXISTS "topshiriq_ozsohasidatopshiriq_topshiriq_id_cfd07056" ON "topshiriq_ozsohasidatopshiriq" ("topshiriq_id");
CREATE INDEX IF NOT EXISTS "topshiriq_ozsohasidatopshiriq_user_id_1907d4e6" ON "topshiriq_ozsohasidatopshiriq" ("user_id");
CREATE INDEX IF NOT EXISTS "topshiriq_ozxohishibilantopshiriq_user_id_86076857" ON "topshiriq_ozxohishibilantopshiriq" ("user_id");
CREATE INDEX IF NOT EXISTS "topshiriq_qoshimchatopshiriq_topshiriq_id_1763c045" ON "topshiriq_qoshimchatopshiriq" ("topshiriq_id");
CREATE INDEX IF NOT EXISTS "topshiriq_qoshimchatopshiriq_user_id_ddeb336f" ON "topshiriq_qoshimchatopshiriq" ("user_id");
CREATE INDEX IF NOT EXISTS "topshiriq_topshiriq_admin_user_id_375d331e" ON "topshiriq_topshiriq" ("admin_user_id");
CREATE UNIQUE INDEX "topshiriq_topshiriq_topshiriq_users_topshiriq_id_users_id_9df7825a_uniq" ON "topshiriq_topshiriq_topshiriq_users" ("topshiriq_id", "users_id");
CREATE INDEX IF NOT EXISTS "topshiriq_topshiriq_topshiriq_users_topshiriq_id_5dd32f78" ON "topshiriq_topshiriq_topshiriq_users" ("topshiriq_id");
CREATE INDEX IF NOT EXISTS "topshiriq_topshiriq_topshiriq_users_users_id_c5e10809" ON "topshiriq_topshiriq_topshiriq_users" ("users_id");
CREATE INDEX IF NOT EXISTS "topshiriq_testjavob_test_id_a4e13899" ON "topshiriq_testjavob" ("test_id");
CREATE INDEX IF NOT EXISTS "topshiriq_testjavob_topshiriq_id_ee6b6c3e" ON "topshiriq_testjavob" ("topshiriq_id");
CREATE INDEX IF NOT EXISTS "topshiriq_testjavob_user_id_57f261fa" ON "topshiriq_testjavob" ("user_id");
CREATE INDEX IF NOT EXISTS "topshiriq_testtopshiriq_test_id_1daf8008" ON "topshiriq_testtopshiriq" ("test_id");
CREATE INDEX IF NOT EXISTS "topshiriq_testtopshiriq_topshiriq_id_62168f9b" ON "topshiriq_testtopshiriq" ("topshiriq_id");
CREATE INDEX IF NOT EXISTS "users_guruh_kurs_id_975e2233" ON "users_guruh" ("kurs_id");
CREATE INDEX IF NOT EXISTS "users_kurs_yonalish_id_abaabe16" ON "users_kurs" ("yonalish_id");
CREATE INDEX IF NOT EXISTS "users_yonalish_fakultet_id_06a47876" ON "users_yonalish" ("fakultet_id");
CREATE INDEX IF NOT EXISTS "users_users_fakultet_id_5899e7a5" ON "users_users" ("fakultet_id");
CREATE INDEX IF NOT EXISTS "users_talaba_guruh_id_5019158a" ON "users_talaba" ("guruh_id");
CREATE INDEX IF NOT EXISTS "users_talaba_tyutor_id_03cffefb" ON "users_talaba" ("tyutor_id");
CREATE INDEX IF NOT EXISTS "topshiriq_talabalar_guruh_id_96473ecf" ON "topshiriq_talabalar" ("guruh_id");
CREATE INDEX IF NOT EXISTS "topshiriq_talabalar_tyutor_id_6ec73ab0" ON "topshiriq_talabalar" ("tyutor_id");
CREATE INDEX IF NOT EXISTS "topshiriq_testlar_tyutor_id_9bd168cc" ON "topshiriq_testlar" ("tyutor_id");
CREATE TABLE IF NOT EXISTS "topshiriq_testlar" ("id" char(32) NOT NULL PRIMARY KEY, "created_at" datetime NOT NULL, "updated_at" datetime NOT NULL, "is_active" bool NOT NULL, "savol" text NOT NULL, "a" varchar(255) NOT NULL, "b" varchar(255) NOT NULL, "c" varchar(255) NOT NULL, "d" varchar(255) NOT NULL, "togri" varchar(255) NOT NULL, "notogri" varchar(255) NOT NULL, "tyutor_id" char(32) NOT NULL REFERENCES "users_users" ("id") DEFERRABLE INITIALLY DEFERRED);
CREATE UNIQUE INDEX "django_content_type_app_label_model_76bd3d3b_uniq" ON "django_content_type" ("app_label", "model");
CREATE UNIQUE INDEX "auth_group_permissions_group_id_permission_id_0cd325b0_uniq" ON "auth_group_permissions" ("group_id", "permission_id");
CREATE INDEX IF NOT EXISTS "auth_group_permissions_group_id_b120cbf9" ON "auth_group_permissions" ("group_id");
CREATE INDEX IF NOT EXISTS "auth_group_permissions_permission_id_84c5c92e" ON "auth_group_permissions" ("permission_id");
CREATE UNIQUE INDEX "auth_permission_content_type_id_codename_01ab375a_uniq" ON "auth_permission" ("content_type_id", "codename");
CREATE INDEX IF NOT EXISTS "auth_permission_content_type_id_2f476e4b" ON "auth_permission" ("content_type_id");
CREATE UNIQUE INDEX "users_users_groups_users_id_group_id_02603a5e_uniq" ON "users_users_groups" ("users_id", "group_id");
CREATE INDEX IF NOT EXISTS "users_users_groups_users_id_5572cf36" ON "users_users_groups" ("users_id");
CREATE INDEX IF NOT EXISTS "users_users_groups_group_id_3e15ff0f" ON "users_users_groups" ("group_id");
CREATE UNIQUE INDEX "users_users_user_permissions_users_id_permission_id_119659d5_uniq" ON "users_users_user_permissions" ("users_id", "permission_id");
CREATE INDEX IF NOT EXISTS "users_users_user_permissions_users_id_04010ba6" ON "users_users_user_permissions" ("users_id");
CREATE INDEX IF NOT EXISTS "users_users_user_permissions_permission_id_9a117d64" ON "users_users_user_permissions" ("permission_id");
CREATE UNIQUE INDEX "users_users_guruh_users_id_guruh_id_16818314_uniq" ON "users_users_guruh" ("users_id", "guruh_id");
CREATE INDEX IF NOT EXISTS "users_users_guruh_users_id_051e1fae" ON "users_users_guruh" ("users_id");
CREATE INDEX IF NOT EXISTS "users_users_guruh_guruh_id_d324ae18" ON "users_users_guruh" ("guruh_id");
CREATE INDEX IF NOT EXISTS "django_admin_log_content_type_id_c4bce8eb" ON "django_admin_log" ("content_type_id");
CREATE INDEX IF NOT EXISTS "django_admin_log_user_id_c564eba6" ON "django_admin_log" ("user_id");
CREATE INDEX IF NOT EXISTS "django_session_expire_date_a5c62663" ON "django_session" ("expire_date");
CREATE INDEX IF NOT EXISTS "topshiriq_majburiytopshiriq_topshiriq_id_6a375b5e" ON "topshiriq_majburiytopshiriq" ("topshiriq_id");
CREATE INDEX IF NOT EXISTS "topshiriq_majburiytopshiriq_user_id_bc19da0e" ON "topshiriq_majburiytopshiriq" ("user_id");
CREATE INDEX IF NOT EXISTS "topshiriq_ozsohasidatopshiriq_topshiriq_id_cfd07056" ON "topshiriq_ozsohasidatopshiriq" ("topshiriq_id");
CREATE INDEX IF NOT EXISTS "topshiriq_ozsohasidatopshiriq_user_id_1907d4e6" ON "topshiriq_ozsohasidatopshiriq" ("user_id");
CREATE INDEX IF NOT EXISTS "topshiriq_ozxohishibilantopshiriq_user_id_86076857" ON "topshiriq_ozxohishibilantopshiriq" ("user_id");
CREATE INDEX IF NOT EXISTS "topshiriq_qoshimchatopshiriq_topshiriq_id_1763c045" ON "topshiriq_qoshimchatopshiriq" ("topshiriq_id");
CREATE INDEX IF NOT EXISTS "topshiriq_qoshimchatopshiriq_user_id_ddeb336f" ON "topshiriq_qoshimchatopshiriq" ("user_id");
CREATE INDEX IF NOT EXISTS "topshiriq_topshiriq_admin_user_id_375d331e" ON "topshiriq_topshiriq" ("admin_user_id");
CREATE UNIQUE INDEX "topshiriq_topshiriq_topshiriq_users_topshiriq_id_users_id_9df7825a_uniq" ON "topshiriq_topshiriq_topshiriq_users" ("topshiriq_id", "users_id");
CREATE INDEX IF NOT EXISTS "topshiriq_topshiriq_topshiriq_users_topshiriq_id_5dd32f78" ON "topshiriq_topshiriq_topshiriq_users" ("topshiriq_id");
CREATE INDEX IF NOT EXISTS "topshiriq_topshiriq_topshiriq_users_users_id_c5e10809" ON "topshiriq_topshiriq_topshiriq_users" ("users_id");
CREATE INDEX IF NOT EXISTS "topshiriq_testjavob_test_id_a4e13899" ON "topshiriq_testjavob" ("test_id");
CREATE INDEX IF NOT EXISTS "topshiriq_testjavob_topshiriq_id_ee6b6c3e" ON "topshiriq_testjavob" ("topshiriq_id");
CREATE INDEX IF NOT EXISTS "topshiriq_testjavob_user_id_57f261fa" ON "topshiriq_testjavob" ("user_id");
CREATE INDEX IF NOT EXISTS "topshiriq_testtopshiriq_test_id_1daf8008" ON "topshiriq_testtopshiriq" ("test_id");
CREATE INDEX IF NOT EXISTS "topshiriq_testtopshiriq_topshiriq_id_62168f9b" ON "topshiriq_testtopshiriq" ("topshiriq_id");
CREATE INDEX IF NOT EXISTS "users_guruh_kurs_id_975e2233" ON "users_guruh" ("kurs_id");
CREATE INDEX IF NOT EXISTS "users_kurs_yonalish_id_abaabe16" ON "users_kurs" ("yonalish_id");
CREATE INDEX IF NOT EXISTS "users_yonalish_fakultet_id_06a47876" ON "users_yonalish" ("fakultet_id");
CREATE INDEX IF NOT EXISTS "users_users_fakultet_id_5899e7a5" ON "users_users" ("fakultet_id");
CREATE INDEX IF NOT EXISTS "users_talaba_guruh_id_5019158a" ON "users_talaba" ("guruh_id");
CREATE INDEX IF NOT EXISTS "users_talaba_tyutor_id_03cffefb" ON "users_talaba" ("tyutor_id");
CREATE INDEX IF NOT EXISTS "topshiriq_talabalar_guruh_id_96473ecf" ON "topshiriq_talabalar" ("guruh_id");
CREATE INDEX IF NOT EXISTS "topshiriq_talabalar_tyutor_id_6ec73ab0" ON "topshiriq_talabalar" ("tyutor_id");
CREATE INDEX IF NOT EXISTS "topshiriq_testlar_tyutor_id_9bd168cc" ON "topshiriq_testlar" ("tyutor_id");
CREATE TABLE IF NOT EXISTS "topshiriq_testtopshiriq" ("id" char(32) NOT NULL PRIMARY KEY, "created_at" datetime NOT NULL, "updated_at" datetime NOT NULL, "is_active" bool NOT NULL, "active" bool NOT NULL, "boshlanish_vaqti" datetime NOT NULL, "tugash_vaqti" datetime NOT NULL, "test_id" char(32) NOT NULL REFERENCES "topshiriq_test" ("id") DEFERRABLE INITIALLY DEFERRED, "topshiriq_id" char(32) NOT NULL REFERENCES "topshiriq_topshiriq" ("id") DEFERRABLE INITIALLY DEFERRED);
CREATE UNIQUE INDEX "django_content_type_app_label_model_76bd3d3b_uniq" ON "django_content_type" ("app_label", "model");
CREATE UNIQUE INDEX "auth_group_permissions_group_id_permission_id_0cd325b0_uniq" ON "auth_group_permissions" ("group_id", "permission_id");
CREATE INDEX IF NOT EXISTS "auth_group_permissions_group_id_b120cbf9" ON "auth_group_permissions" ("group_id");
CREATE INDEX IF NOT EXISTS "auth_group_permissions_permission_id_84c5c92e" ON "auth_group_permissions" ("permission_id");
CREATE UNIQUE INDEX "auth_permission_content_type_id_codename_01ab375a_uniq" ON "auth_permission" ("content_type_id", "codename");
CREATE INDEX IF NOT EXISTS "auth_permission_content_type_id_2f476e4b" ON "auth_permission" ("content_type_id");
CREATE UNIQUE INDEX "users_users_groups_users_id_group_id_02603a5e_uniq" ON "users_users_groups" ("users_id", "group_id");
CREATE INDEX IF NOT EXISTS "users_users_groups_users_id_5572cf36" ON "users_users_groups" ("users_id");
CREATE INDEX IF NOT EXISTS "users_users_groups_group_id_3e15ff0f" ON "users_users_groups" ("group_id");
CREATE UNIQUE INDEX "users_users_user_permissions_users_id_permission_id_119659d5_uniq" ON "users_users_user_permissions" ("users_id", "permission_id");
CREATE INDEX IF NOT EXISTS "users_users_user_permissions_users_id_04010ba6" ON "users_users_user_permissions" ("users_id");
CREATE INDEX IF NOT EXISTS "users_users_user_permissions_permission_id_9a117d64" ON "users_users_user_permissions" ("permission_id");
CREATE UNIQUE INDEX "users_users_guruh_users_id_guruh_id_16818314_uniq" ON "users_users_guruh" ("users_id", "guruh_id");
CREATE INDEX IF NOT EXISTS "users_users_guruh_users_id_051e1fae" ON "users_users_guruh" ("users_id");
CREATE INDEX IF NOT EXISTS "users_users_guruh_guruh_id_d324ae18" ON "users_users_guruh" ("guruh_id");
CREATE INDEX IF NOT EXISTS "django_admin_log_content_type_id_c4bce8eb" ON "django_admin_log" ("content_type_id");
CREATE INDEX IF NOT EXISTS "django_admin_log_user_id_c564eba6" ON "django_admin_log" ("user_id");
CREATE INDEX IF NOT EXISTS "django_session_expire_date_a5c62663" ON "django_session" ("expire_date");
CREATE INDEX IF NOT EXISTS "topshiriq_majburiytopshiriq_topshiriq_id_6a375b5e" ON "topshiriq_majburiytopshiriq" ("topshiriq_id");
CREATE INDEX IF NOT EXISTS "topshiriq_majburiytopshiriq_user_id_bc19da0e" ON "topshiriq_majburiytopshiriq" ("user_id");
CREATE INDEX IF NOT EXISTS "topshiriq_ozsohasidatopshiriq_topshiriq_id_cfd07056" ON "topshiriq_ozsohasidatopshiriq" ("topshiriq_id");
CREATE INDEX IF NOT EXISTS "topshiriq_ozsohasidatopshiriq_user_id_1907d4e6" ON "topshiriq_ozsohasidatopshiriq" ("user_id");
CREATE INDEX IF NOT EXISTS "topshiriq_ozxohishibilantopshiriq_user_id_86076857" ON "topshiriq_ozxohishibilantopshiriq" ("user_id");
CREATE INDEX IF NOT EXISTS "topshiriq_qoshimchatopshiriq_topshiriq_id_1763c045" ON "topshiriq_qoshimchatopshiriq" ("topshiriq_id");
CREATE INDEX IF NOT EXISTS "topshiriq_qoshimchatopshiriq_user_id_ddeb336f" ON "topshiriq_qoshimchatopshiriq" ("user_id");
CREATE INDEX IF NOT EXISTS "topshiriq_topshiriq_admin_user_id_375d331e" ON "topshiriq_topshiriq" ("admin_user_id");
CREATE UNIQUE INDEX "topshiriq_topshiriq_topshiriq_users_topshiriq_id_users_id_9df7825a_uniq" ON "topshiriq_topshiriq_topshiriq_users" ("topshiriq_id", "users_id");
CREATE INDEX IF NOT EXISTS "topshiriq_topshiriq_topshiriq_users_topshiriq_id_5dd32f78" ON "topshiriq_topshiriq_topshiriq_users" ("topshiriq_id");
CREATE INDEX IF NOT EXISTS "topshiriq_topshiriq_topshiriq_users_users_id_c5e10809" ON "topshiriq_topshiriq_topshiriq_users" ("users_id");
CREATE INDEX IF NOT EXISTS "topshiriq_testjavob_test_id_a4e13899" ON "topshiriq_testjavob" ("test_id");
CREATE INDEX IF NOT EXISTS "topshiriq_testjavob_topshiriq_id_ee6b6c3e" ON "topshiriq_testjavob" ("topshiriq_id");
CREATE INDEX IF NOT EXISTS "topshiriq_testjavob_user_id_57f261fa" ON "topshiriq_testjavob" ("user_id");
CREATE INDEX IF NOT EXISTS "topshiriq_testtopshiriq_test_id_1daf8008" ON "topshiriq_testtopshiriq" ("test_id");
CREATE INDEX IF NOT EXISTS "topshiriq_testtopshiriq_topshiriq_id_62168f9b" ON "topshiriq_testtopshiriq" ("topshiriq_id");
CREATE INDEX IF NOT EXISTS "users_guruh_kurs_id_975e2233" ON "users_guruh" ("kurs_id");
CREATE INDEX IF NOT EXISTS "users_kurs_yonalish_id_abaabe16" ON "users_kurs" ("yonalish_id");
CREATE INDEX IF NOT EXISTS "users_yonalish_fakultet_id_06a47876" ON "users_yonalish" ("fakultet_id");
CREATE INDEX IF NOT EXISTS "users_users_fakultet_id_5899e7a5" ON "users_users" ("fakultet_id");
CREATE INDEX IF NOT EXISTS "users_talaba_guruh_id_5019158a" ON "users_talaba" ("guruh_id");
CREATE INDEX IF NOT EXISTS "users_talaba_tyutor_id_03cffefb" ON "users_talaba" ("tyutor_id");
CREATE INDEX IF NOT EXISTS "topshiriq_talabalar_guruh_id_96473ecf" ON "topshiriq_talabalar" ("guruh_id");
CREATE INDEX IF NOT EXISTS "topshiriq_talabalar_tyutor_id_6ec73ab0" ON "topshiriq_talabalar" ("tyutor_id");
CREATE INDEX IF NOT EXISTS "topshiriq_testlar_tyutor_id_9bd168cc" ON "topshiriq_testlar" ("tyutor_id");
CREATE TABLE IF NOT EXISTS "topshiriq_topshiriq" ("id" char(32) NOT NULL PRIMARY KEY, "created_at" datetime NOT NULL, "updated_at" datetime NOT NULL, "topshiriq_turi" varchar(30) NOT NULL, "majburiy_topshiriq_turi" varchar(30) NULL, "topshiriq_soni" integer NOT NULL, "max_baxo" integer NOT NULL, "title" varchar(300) NOT NULL, "body" text NOT NULL, "file1" varchar(100) NULL, "file2" varchar(100) NULL, "file3" varchar(100) NULL, "file4" varchar(100) NULL, "active" bool NOT NULL, "vaqt_tugadi" bool NOT NULL, "boshlanish_vaqti" date NOT NULL, "tugash_vaqti" date NOT NULL, "admin_user_id" char(32) NULL REFERENCES "users_users" ("id") DEFERRABLE INITIALLY DEFERRED, "is_active" bool NOT NULL, "test_data" text NOT NULL CHECK ((JSON_VALID("test_data") OR "test_data" IS NULL)));
CREATE UNIQUE INDEX "django_content_type_app_label_model_76bd3d3b_uniq" ON "django_content_type" ("app_label", "model");
CREATE UNIQUE INDEX "auth_group_permissions_group_id_permission_id_0cd325b0_uniq" ON "auth_group_permissions" ("group_id", "permission_id");
CREATE INDEX IF NOT EXISTS "auth_group_permissions_group_id_b120cbf9" ON "auth_group_permissions" ("group_id");
CREATE INDEX IF NOT EXISTS "auth_group_permissions_permission_id_84c5c92e" ON "auth_group_permissions" ("permission_id");
CREATE UNIQUE INDEX "auth_permission_content_type_id_codename_01ab375a_uniq" ON "auth_permission" ("content_type_id", "codename");
CREATE INDEX IF NOT EXISTS "auth_permission_content_type_id_2f476e4b" ON "auth_permission" ("content_type_id");
CREATE UNIQUE INDEX "users_users_groups_users_id_group_id_02603a5e_uniq" ON "users_users_groups" ("users_id", "group_id");
CREATE INDEX IF NOT EXISTS "users_users_groups_users_id_5572cf36" ON "users_users_groups" ("users_id");
CREATE INDEX IF NOT EXISTS "users_users_groups_group_id_3e15ff0f" ON "users_users_groups" ("group_id");
CREATE UNIQUE INDEX "users_users_user_permissions_users_id_permission_id_119659d5_uniq" ON "users_users_user_permissions" ("users_id", "permission_id");
CREATE INDEX IF NOT EXISTS "users_users_user_permissions_users_id_04010ba6" ON "users_users_user_permissions" ("users_id");
CREATE INDEX IF NOT EXISTS "users_users_user_permissions_permission_id_9a117d64" ON "users_users_user_permissions" ("permission_id");
CREATE UNIQUE INDEX "users_users_guruh_users_id_guruh_id_16818314_uniq" ON "users_users_guruh" ("users_id", "guruh_id");
CREATE INDEX IF NOT EXISTS "users_users_guruh_users_id_051e1fae" ON "users_users_guruh" ("users_id");
CREATE INDEX IF NOT EXISTS "users_users_guruh_guruh_id_d324ae18" ON "users_users_guruh" ("guruh_id");
CREATE INDEX IF NOT EXISTS "django_admin_log_content_type_id_c4bce8eb" ON "django_admin_log" ("content_type_id");
CREATE INDEX IF NOT EXISTS "django_admin_log_user_id_c564eba6" ON "django_admin_log" ("user_id");
CREATE INDEX IF NOT EXISTS "django_session_expire_date_a5c62663" ON "django_session" ("expire_date");
CREATE INDEX IF NOT EXISTS "topshiriq_majburiytopshiriq_topshiriq_id_6a375b5e" ON "topshiriq_majburiytopshiriq" ("topshiriq_id");
CREATE INDEX IF NOT EXISTS "topshiriq_majburiytopshiriq_user_id_bc19da0e" ON "topshiriq_majburiytopshiriq" ("user_id");
CREATE INDEX IF NOT EXISTS "topshiriq_ozsohasidatopshiriq_topshiriq_id_cfd07056" ON "topshiriq_ozsohasidatopshiriq" ("topshiriq_id");
CREATE INDEX IF NOT EXISTS "topshiriq_ozsohasidatopshiriq_user_id_1907d4e6" ON "topshiriq_ozsohasidatopshiriq" ("user_id");
CREATE INDEX IF NOT EXISTS "topshiriq_ozxohishibilantopshiriq_user_id_86076857" ON "topshiriq_ozxohishibilantopshiriq" ("user_id");
CREATE INDEX IF NOT EXISTS "topshiriq_qoshimchatopshiriq_topshiriq_id_1763c045" ON "topshiriq_qoshimchatopshiriq" ("topshiriq_id");
CREATE INDEX IF NOT EXISTS "topshiriq_qoshimchatopshiriq_user_id_ddeb336f" ON "topshiriq_qoshimchatopshiriq" ("user_id");
CREATE INDEX IF NOT EXISTS "topshiriq_topshiriq_admin_user_id_375d331e" ON "topshiriq_topshiriq" ("admin_user_id");
CREATE UNIQUE INDEX "topshiriq_topshiriq_topshiriq_users_topshiriq_id_users_id_9df7825a_uniq" ON "topshiriq_topshiriq_topshiriq_users" ("topshiriq_id", "users_id");
CREATE INDEX IF NOT EXISTS "topshiriq_topshiriq_topshiriq_users_topshiriq_id_5dd32f78" ON "topshiriq_topshiriq_topshiriq_users" ("topshiriq_id");
CREATE INDEX IF NOT EXISTS "topshiriq_topshiriq_topshiriq_users_users_id_c5e10809" ON "topshiriq_topshiriq_topshiriq_users" ("users_id");
CREATE INDEX IF NOT EXISTS "topshiriq_testjavob_test_id_a4e13899" ON "topshiriq_testjavob" ("test_id");
CREATE INDEX IF NOT EXISTS "topshiriq_testjavob_topshiriq_id_ee6b6c3e" ON "topshiriq_testjavob" ("topshiriq_id");
CREATE INDEX IF NOT EXISTS "topshiriq_testjavob_user_id_57f261fa" ON "topshiriq_testjavob" ("user_id");
CREATE INDEX IF NOT EXISTS "topshiriq_testtopshiriq_test_id_1daf8008" ON "topshiriq_testtopshiriq" ("test_id");
CREATE INDEX IF NOT EXISTS "topshiriq_testtopshiriq_topshiriq_id_62168f9b" ON "topshiriq_testtopshiriq" ("topshiriq_id");
CREATE INDEX IF NOT EXISTS "users_guruh_kurs_id_975e2233" ON "users_guruh" ("kurs_id");
CREATE INDEX IF NOT EXISTS "users_kurs_yonalish_id_abaabe16" ON "users_kurs" ("yonalish_id");
CREATE INDEX IF NOT EXISTS "users_yonalish_fakultet_id_06a47876" ON "users_yonalish" ("fakultet_id");
CREATE INDEX IF NOT EXISTS "users_users_fakultet_id_5899e7a5" ON "users_users" ("fakultet_id");
CREATE INDEX IF NOT EXISTS "users_talaba_guruh_id_5019158a" ON "users_talaba" ("guruh_id");
CREATE INDEX IF NOT EXISTS "users_talaba_tyutor_id_03cffefb" ON "users_talaba" ("tyutor_id");
CREATE INDEX IF NOT EXISTS "topshiriq_talabalar_guruh_id_96473ecf" ON "topshiriq_talabalar" ("guruh_id");
CREATE INDEX IF NOT EXISTS "topshiriq_talabalar_tyutor_id_6ec73ab0" ON "topshiriq_talabalar" ("tyutor_id");
CREATE INDEX IF NOT EXISTS "topshiriq_testlar_tyutor_id_9bd168cc" ON "topshiriq_testlar" ("tyutor_id");
CREATE TABLE IF NOT EXISTS "topshiriq_topshiriq_topshiriq_users" ("id" integer NOT NULL PRIMARY KEY AUTOINCREMENT, "topshiriq_id" char(32) NOT NULL REFERENCES "topshiriq_topshiriq" ("id") DEFERRABLE INITIALLY DEFERRED, "users_id" char(32) NOT NULL REFERENCES "users_users" ("id") DEFERRABLE INITIALLY DEFERRED);
CREATE UNIQUE INDEX "django_content_type_app_label_model_76bd3d3b_uniq" ON "django_content_type" ("app_label", "model");
CREATE UNIQUE INDEX "auth_group_permissions_group_id_permission_id_0cd325b0_uniq" ON "auth_group_permissions" ("group_id", "permission_id");
CREATE INDEX IF NOT EXISTS "auth_group_permissions_group_id_b120cbf9" ON "auth_group_permissions" ("group_id");
CREATE INDEX IF NOT EXISTS "auth_group_permissions_permission_id_84c5c92e" ON "auth_group_permissions" ("permission_id");
CREATE UNIQUE INDEX "auth_permission_content_type_id_codename_01ab375a_uniq" ON "auth_permission" ("content_type_id", "codename");
CREATE INDEX IF NOT EXISTS "auth_permission_content_type_id_2f476e4b" ON "auth_permission" ("content_type_id");
CREATE UNIQUE INDEX "users_users_groups_users_id_group_id_02603a5e_uniq" ON "users_users_groups" ("users_id", "group_id");
CREATE INDEX IF NOT EXISTS "users_users_groups_users_id_5572cf36" ON "users_users_groups" ("users_id");
CREATE INDEX IF NOT EXISTS "users_users_groups_group_id_3e15ff0f" ON "users_users_groups" ("group_id");
CREATE UNIQUE INDEX "users_users_user_permissions_users_id_permission_id_119659d5_uniq" ON "users_users_user_permissions" ("users_id", "permission_id");
CREATE INDEX IF NOT EXISTS "users_users_user_permissions_users_id_04010ba6" ON "users_users_user_permissions" ("users_id");
CREATE INDEX IF NOT EXISTS "users_users_user_permissions_permission_id_9a117d64" ON "users_users_user_permissions" ("permission_id");
CREATE UNIQUE INDEX "users_users_guruh_users_id_guruh_id_16818314_uniq" ON "users_users_guruh" ("users_id", "guruh_id");
CREATE INDEX IF NOT EXISTS "users_users_guruh_users_id_051e1fae" ON "users_users_guruh" ("users_id");
CREATE INDEX IF NOT EXISTS "users_users_guruh_guruh_id_d324ae18" ON "users_users_guruh" ("guruh_id");
CREATE INDEX IF NOT EXISTS "django_admin_log_content_type_id_c4bce8eb" ON "django_admin_log" ("content_type_id");
CREATE INDEX IF NOT EXISTS "django_admin_log_user_id_c564eba6" ON "django_admin_log" ("user_id");
CREATE INDEX IF NOT EXISTS "django_session_expire_date_a5c62663" ON "django_session" ("expire_date");
CREATE INDEX IF NOT EXISTS "topshiriq_majburiytopshiriq_topshiriq_id_6a375b5e" ON "topshiriq_majburiytopshiriq" ("topshiriq_id");
CREATE INDEX IF NOT EXISTS "topshiriq_majburiytopshiriq_user_id_bc19da0e" ON "topshiriq_majburiytopshiriq" ("user_id");
CREATE INDEX IF NOT EXISTS "topshiriq_ozsohasidatopshiriq_topshiriq_id_cfd07056" ON "topshiriq_ozsohasidatopshiriq" ("topshiriq_id");
CREATE INDEX IF NOT EXISTS "topshiriq_ozsohasidatopshiriq_user_id_1907d4e6" ON "topshiriq_ozsohasidatopshiriq" ("user_id");
CREATE INDEX IF NOT EXISTS "topshiriq_ozxohishibilantopshiriq_user_id_86076857" ON "topshiriq_ozxohishibilantopshiriq" ("user_id");
CREATE INDEX IF NOT EXISTS "topshiriq_qoshimchatopshiriq_topshiriq_id_1763c045" ON "topshiriq_qoshimchatopshiriq" ("topshiriq_id");
CREATE INDEX IF NOT EXISTS "topshiriq_qoshimchatopshiriq_user_id_ddeb336f" ON "topshiriq_qoshimchatopshiriq" ("user_id");
CREATE INDEX IF NOT EXISTS "topshiriq_topshiriq_admin_user_id_375d331e" ON "topshiriq_topshiriq" ("admin_user_id");
CREATE UNIQUE INDEX "topshiriq_topshiriq_topshiriq_users_topshiriq_id_users_id_9df7825a_uniq" ON "topshiriq_topshiriq_topshiriq_users" ("topshiriq_id", "users_id");
CREATE INDEX IF NOT EXISTS "topshiriq_topshiriq_topshiriq_users_topshiriq_id_5dd32f78" ON "topshiriq_topshiriq_topshiriq_users" ("topshiriq_id");
CREATE INDEX IF NOT EXISTS "topshiriq_topshiriq_topshiriq_users_users_id_c5e10809" ON "topshiriq_topshiriq_topshiriq_users" ("users_id");
CREATE INDEX IF NOT EXISTS "topshiriq_testjavob_test_id_a4e13899" ON "topshiriq_testjavob" ("test_id");
CREATE INDEX IF NOT EXISTS "topshiriq_testjavob_topshiriq_id_ee6b6c3e" ON "topshiriq_testjavob" ("topshiriq_id");
CREATE INDEX IF NOT EXISTS "topshiriq_testjavob_user_id_57f261fa" ON "topshiriq_testjavob" ("user_id");
CREATE INDEX IF NOT EXISTS "topshiriq_testtopshiriq_test_id_1daf8008" ON "topshiriq_testtopshiriq" ("test_id");
CREATE INDEX IF NOT EXISTS "topshiriq_testtopshiriq_topshiriq_id_62168f9b" ON "topshiriq_testtopshiriq" ("topshiriq_id");
CREATE INDEX IF NOT EXISTS "users_guruh_kurs_id_975e2233" ON "users_guruh" ("kurs_id");
CREATE INDEX IF NOT EXISTS "users_kurs_yonalish_id_abaabe16" ON "users_kurs" ("yonalish_id");
CREATE INDEX IF NOT EXISTS "users_yonalish_fakultet_id_06a47876" ON "users_yonalish" ("fakultet_id");
CREATE INDEX IF NOT EXISTS "users_users_fakultet_id_5899e7a5" ON "users_users" ("fakultet_id");
CREATE INDEX IF NOT EXISTS "users_talaba_guruh_id_5019158a" ON "users_talaba" ("guruh_id");
CREATE INDEX IF NOT EXISTS "users_talaba_tyutor_id_03cffefb" ON "users_talaba" ("tyutor_id");
CREATE INDEX IF NOT EXISTS "topshiriq_talabalar_guruh_id_96473ecf" ON "topshiriq_talabalar" ("guruh_id");
CREATE INDEX IF NOT EXISTS "topshiriq_talabalar_tyutor_id_6ec73ab0" ON "topshiriq_talabalar" ("tyutor_id");
CREATE INDEX IF NOT EXISTS "topshiriq_testlar_tyutor_id_9bd168cc" ON "topshiriq_testlar" ("tyutor_id");
CREATE TABLE IF NOT EXISTS "users_fakultet" ("id" char(32) NOT NULL PRIMARY KEY, "created_at" datetime NOT NULL, "updated_at" datetime NOT NULL, "name" varchar(255) NOT NULL, "is_active" bool NOT NULL);
INSERT INTO "users_fakultet" VALUES('058fe0d373944c8193eb917d3f379324','2025-02-28 04:39:59.247330','2025-02-28 04:40:30.403773','Tabiiy',0);
INSERT INTO "users_fakultet" VALUES('0c2cf6c5a98c4baab1ac30b9964ac761','2025-03-12 06:07:53.121458','2025-03-12 06:07:53.121539','Tarix',0);
CREATE UNIQUE INDEX "django_content_type_app_label_model_76bd3d3b_uniq" ON "django_content_type" ("app_label", "model");
CREATE UNIQUE INDEX "auth_group_permissions_group_id_permission_id_0cd325b0_uniq" ON "auth_group_permissions" ("group_id", "permission_id");
CREATE INDEX IF NOT EXISTS "auth_group_permissions_group_id_b120cbf9" ON "auth_group_permissions" ("group_id");
CREATE INDEX IF NOT EXISTS "auth_group_permissions_permission_id_84c5c92e" ON "auth_group_permissions" ("permission_id");
CREATE UNIQUE INDEX "auth_permission_content_type_id_codename_01ab375a_uniq" ON "auth_permission" ("content_type_id", "codename");
CREATE INDEX IF NOT EXISTS "auth_permission_content_type_id_2f476e4b" ON "auth_permission" ("content_type_id");
CREATE UNIQUE INDEX "users_users_groups_users_id_group_id_02603a5e_uniq" ON "users_users_groups" ("users_id", "group_id");
CREATE INDEX IF NOT EXISTS "users_users_groups_users_id_5572cf36" ON "users_users_groups" ("users_id");
CREATE INDEX IF NOT EXISTS "users_users_groups_group_id_3e15ff0f" ON "users_users_groups" ("group_id");
CREATE UNIQUE INDEX "users_users_user_permissions_users_id_permission_id_119659d5_uniq" ON "users_users_user_permissions" ("users_id", "permission_id");
CREATE INDEX IF NOT EXISTS "users_users_user_permissions_users_id_04010ba6" ON "users_users_user_permissions" ("users_id");
CREATE INDEX IF NOT EXISTS "users_users_user_permissions_permission_id_9a117d64" ON "users_users_user_permissions" ("permission_id");
CREATE UNIQUE INDEX "users_users_guruh_users_id_guruh_id_16818314_uniq" ON "users_users_guruh" ("users_id", "guruh_id");
CREATE INDEX IF NOT EXISTS "users_users_guruh_users_id_051e1fae" ON "users_users_guruh" ("users_id");
CREATE INDEX IF NOT EXISTS "users_users_guruh_guruh_id_d324ae18" ON "users_users_guruh" ("guruh_id");
CREATE INDEX IF NOT EXISTS "django_admin_log_content_type_id_c4bce8eb" ON "django_admin_log" ("content_type_id");
CREATE INDEX IF NOT EXISTS "django_admin_log_user_id_c564eba6" ON "django_admin_log" ("user_id");
CREATE INDEX IF NOT EXISTS "django_session_expire_date_a5c62663" ON "django_session" ("expire_date");
CREATE INDEX IF NOT EXISTS "topshiriq_majburiytopshiriq_topshiriq_id_6a375b5e" ON "topshiriq_majburiytopshiriq" ("topshiriq_id");
CREATE INDEX IF NOT EXISTS "topshiriq_majburiytopshiriq_user_id_bc19da0e" ON "topshiriq_majburiytopshiriq" ("user_id");
CREATE INDEX IF NOT EXISTS "topshiriq_ozsohasidatopshiriq_topshiriq_id_cfd07056" ON "topshiriq_ozsohasidatopshiriq" ("topshiriq_id");
CREATE INDEX IF NOT EXISTS "topshiriq_ozsohasidatopshiriq_user_id_1907d4e6" ON "topshiriq_ozsohasidatopshiriq" ("user_id");
CREATE INDEX IF NOT EXISTS "topshiriq_ozxohishibilantopshiriq_user_id_86076857" ON "topshiriq_ozxohishibilantopshiriq" ("user_id");
CREATE INDEX IF NOT EXISTS "topshiriq_qoshimchatopshiriq_topshiriq_id_1763c045" ON "topshiriq_qoshimchatopshiriq" ("topshiriq_id");
CREATE INDEX IF NOT EXISTS "topshiriq_qoshimchatopshiriq_user_id_ddeb336f" ON "topshiriq_qoshimchatopshiriq" ("user_id");
CREATE INDEX IF NOT EXISTS "topshiriq_topshiriq_admin_user_id_375d331e" ON "topshiriq_topshiriq" ("admin_user_id");
CREATE UNIQUE INDEX "topshiriq_topshiriq_topshiriq_users_topshiriq_id_users_id_9df7825a_uniq" ON "topshiriq_topshiriq_topshiriq_users" ("topshiriq_id", "users_id");
CREATE INDEX IF NOT EXISTS "topshiriq_topshiriq_topshiriq_users_topshiriq_id_5dd32f78" ON "topshiriq_topshiriq_topshiriq_users" ("topshiriq_id");
CREATE INDEX IF NOT EXISTS "topshiriq_topshiriq_topshiriq_users_users_id_c5e10809" ON "topshiriq_topshiriq_topshiriq_users" ("users_id");
CREATE INDEX IF NOT EXISTS "topshiriq_testjavob_test_id_a4e13899" ON "topshiriq_testjavob" ("test_id");
CREATE INDEX IF NOT EXISTS "topshiriq_testjavob_topshiriq_id_ee6b6c3e" ON "topshiriq_testjavob" ("topshiriq_id");
CREATE INDEX IF NOT EXISTS "topshiriq_testjavob_user_id_57f261fa" ON "topshiriq_testjavob" ("user_id");
CREATE INDEX IF NOT EXISTS "topshiriq_testtopshiriq_test_id_1daf8008" ON "topshiriq_testtopshiriq" ("test_id");
CREATE INDEX IF NOT EXISTS "topshiriq_testtopshiriq_topshiriq_id_62168f9b" ON "topshiriq_testtopshiriq" ("topshiriq_id");
CREATE INDEX IF NOT EXISTS "users_guruh_kurs_id_975e2233" ON "users_guruh" ("kurs_id");
CREATE INDEX IF NOT EXISTS "users_kurs_yonalish_id_abaabe16" ON "users_kurs" ("yonalish_id");
CREATE INDEX IF NOT EXISTS "users_yonalish_fakultet_id_06a47876" ON "users_yonalish" ("fakultet_id");
CREATE INDEX IF NOT EXISTS "users_users_fakultet_id_5899e7a5" ON "users_users" ("fakultet_id");
CREATE INDEX IF NOT EXISTS "users_talaba_guruh_id_5019158a" ON "users_talaba" ("guruh_id");
CREATE INDEX IF NOT EXISTS "users_talaba_tyutor_id_03cffefb" ON "users_talaba" ("tyutor_id");
CREATE INDEX IF NOT EXISTS "topshiriq_talabalar_guruh_id_96473ecf" ON "topshiriq_talabalar" ("guruh_id");
CREATE INDEX IF NOT EXISTS "topshiriq_talabalar_tyutor_id_6ec73ab0" ON "topshiriq_talabalar" ("tyutor_id");
CREATE INDEX IF NOT EXISTS "topshiriq_testlar_tyutor_id_9bd168cc" ON "topshiriq_testlar" ("tyutor_id");
CREATE TABLE IF NOT EXISTS "users_guruh" ("id" char(32) NOT NULL PRIMARY KEY, "created_at" datetime NOT NULL, "updated_at" datetime NOT NULL, "name" varchar(255) NOT NULL, "kurs_id" char(32) NOT NULL REFERENCES "users_kurs" ("id") DEFERRABLE INITIALLY DEFERRED, "is_active" bool NOT NULL);
CREATE UNIQUE INDEX "django_content_type_app_label_model_76bd3d3b_uniq" ON "django_content_type" ("app_label", "model");
CREATE UNIQUE INDEX "auth_group_permissions_group_id_permission_id_0cd325b0_uniq" ON "auth_group_permissions" ("group_id", "permission_id");
CREATE INDEX IF NOT EXISTS "auth_group_permissions_group_id_b120cbf9" ON "auth_group_permissions" ("group_id");
CREATE INDEX IF NOT EXISTS "auth_group_permissions_permission_id_84c5c92e" ON "auth_group_permissions" ("permission_id");
CREATE UNIQUE INDEX "auth_permission_content_type_id_codename_01ab375a_uniq" ON "auth_permission" ("content_type_id", "codename");
CREATE INDEX IF NOT EXISTS "auth_permission_content_type_id_2f476e4b" ON "auth_permission" ("content_type_id");
CREATE UNIQUE INDEX "users_users_groups_users_id_group_id_02603a5e_uniq" ON "users_users_groups" ("users_id", "group_id");
CREATE INDEX IF NOT EXISTS "users_users_groups_users_id_5572cf36" ON "users_users_groups" ("users_id");
CREATE INDEX IF NOT EXISTS "users_users_groups_group_id_3e15ff0f" ON "users_users_groups" ("group_id");
CREATE UNIQUE INDEX "users_users_user_permissions_users_id_permission_id_119659d5_uniq" ON "users_users_user_permissions" ("users_id", "permission_id");
CREATE INDEX IF NOT EXISTS "users_users_user_permissions_users_id_04010ba6" ON "users_users_user_permissions" ("users_id");
CREATE INDEX IF NOT EXISTS "users_users_user_permissions_permission_id_9a117d64" ON "users_users_user_permissions" ("permission_id");
CREATE UNIQUE INDEX "users_users_guruh_users_id_guruh_id_16818314_uniq" ON "users_users_guruh" ("users_id", "guruh_id");
CREATE INDEX IF NOT EXISTS "users_users_guruh_users_id_051e1fae" ON "users_users_guruh" ("users_id");
CREATE INDEX IF NOT EXISTS "users_users_guruh_guruh_id_d324ae18" ON "users_users_guruh" ("guruh_id");
CREATE INDEX IF NOT EXISTS "django_admin_log_content_type_id_c4bce8eb" ON "django_admin_log" ("content_type_id");
CREATE INDEX IF NOT EXISTS "django_admin_log_user_id_c564eba6" ON "django_admin_log" ("user_id");
CREATE INDEX IF NOT EXISTS "django_session_expire_date_a5c62663" ON "django_session" ("expire_date");
CREATE INDEX IF NOT EXISTS "topshiriq_majburiytopshiriq_topshiriq_id_6a375b5e" ON "topshiriq_majburiytopshiriq" ("topshiriq_id");
CREATE INDEX IF NOT EXISTS "topshiriq_majburiytopshiriq_user_id_bc19da0e" ON "topshiriq_majburiytopshiriq" ("user_id");
CREATE INDEX IF NOT EXISTS "topshiriq_ozsohasidatopshiriq_topshiriq_id_cfd07056" ON "topshiriq_ozsohasidatopshiriq" ("topshiriq_id");
CREATE INDEX IF NOT EXISTS "topshiriq_ozsohasidatopshiriq_user_id_1907d4e6" ON "topshiriq_ozsohasidatopshiriq" ("user_id");
CREATE INDEX IF NOT EXISTS "topshiriq_ozxohishibilantopshiriq_user_id_86076857" ON "topshiriq_ozxohishibilantopshiriq" ("user_id");
CREATE INDEX IF NOT EXISTS "topshiriq_qoshimchatopshiriq_topshiriq_id_1763c045" ON "topshiriq_qoshimchatopshiriq" ("topshiriq_id");
CREATE INDEX IF NOT EXISTS "topshiriq_qoshimchatopshiriq_user_id_ddeb336f" ON "topshiriq_qoshimchatopshiriq" ("user_id");
CREATE INDEX IF NOT EXISTS "topshiriq_topshiriq_admin_user_id_375d331e" ON "topshiriq_topshiriq" ("admin_user_id");
CREATE UNIQUE INDEX "topshiriq_topshiriq_topshiriq_users_topshiriq_id_users_id_9df7825a_uniq" ON "topshiriq_topshiriq_topshiriq_users" ("topshiriq_id", "users_id");
CREATE INDEX IF NOT EXISTS "topshiriq_topshiriq_topshiriq_users_topshiriq_id_5dd32f78" ON "topshiriq_topshiriq_topshiriq_users" ("topshiriq_id");
CREATE INDEX IF NOT EXISTS "topshiriq_topshiriq_topshiriq_users_users_id_c5e10809" ON "topshiriq_topshiriq_topshiriq_users" ("users_id");
CREATE INDEX IF NOT EXISTS "topshiriq_testjavob_test_id_a4e13899" ON "topshiriq_testjavob" ("test_id");
CREATE INDEX IF NOT EXISTS "topshiriq_testjavob_topshiriq_id_ee6b6c3e" ON "topshiriq_testjavob" ("topshiriq_id");
CREATE INDEX IF NOT EXISTS "topshiriq_testjavob_user_id_57f261fa" ON "topshiriq_testjavob" ("user_id");
CREATE INDEX IF NOT EXISTS "topshiriq_testtopshiriq_test_id_1daf8008" ON "topshiriq_testtopshiriq" ("test_id");
CREATE INDEX IF NOT EXISTS "topshiriq_testtopshiriq_topshiriq_id_62168f9b" ON "topshiriq_testtopshiriq" ("topshiriq_id");
CREATE INDEX IF NOT EXISTS "users_guruh_kurs_id_975e2233" ON "users_guruh" ("kurs_id");
CREATE INDEX IF NOT EXISTS "users_kurs_yonalish_id_abaabe16" ON "users_kurs" ("yonalish_id");
CREATE INDEX IF NOT EXISTS "users_yonalish_fakultet_id_06a47876" ON "users_yonalish" ("fakultet_id");
CREATE INDEX IF NOT EXISTS "users_users_fakultet_id_5899e7a5" ON "users_users" ("fakultet_id");
CREATE INDEX IF NOT EXISTS "users_talaba_guruh_id_5019158a" ON "users_talaba" ("guruh_id");
CREATE INDEX IF NOT EXISTS "users_talaba_tyutor_id_03cffefb" ON "users_talaba" ("tyutor_id");
CREATE INDEX IF NOT EXISTS "topshiriq_talabalar_guruh_id_96473ecf" ON "topshiriq_talabalar" ("guruh_id");
CREATE INDEX IF NOT EXISTS "topshiriq_talabalar_tyutor_id_6ec73ab0" ON "topshiriq_talabalar" ("tyutor_id");
CREATE INDEX IF NOT EXISTS "topshiriq_testlar_tyutor_id_9bd168cc" ON "topshiriq_testlar" ("tyutor_id");
CREATE TABLE IF NOT EXISTS "users_kurs" ("id" char(32) NOT NULL PRIMARY KEY, "created_at" datetime NOT NULL, "updated_at" datetime NOT NULL, "name" varchar(30) NOT NULL, "yonalish_id" char(32) NOT NULL REFERENCES "users_yonalish" ("id") DEFERRABLE INITIALLY DEFERRED, "is_active" bool NOT NULL);
CREATE UNIQUE INDEX "django_content_type_app_label_model_76bd3d3b_uniq" ON "django_content_type" ("app_label", "model");
CREATE UNIQUE INDEX "auth_group_permissions_group_id_permission_id_0cd325b0_uniq" ON "auth_group_permissions" ("group_id", "permission_id");
CREATE INDEX IF NOT EXISTS "auth_group_permissions_group_id_b120cbf9" ON "auth_group_permissions" ("group_id");
CREATE INDEX IF NOT EXISTS "auth_group_permissions_permission_id_84c5c92e" ON "auth_group_permissions" ("permission_id");
CREATE UNIQUE INDEX "auth_permission_content_type_id_codename_01ab375a_uniq" ON "auth_permission" ("content_type_id", "codename");
CREATE INDEX IF NOT EXISTS "auth_permission_content_type_id_2f476e4b" ON "auth_permission" ("content_type_id");
CREATE UNIQUE INDEX "users_users_groups_users_id_group_id_02603a5e_uniq" ON "users_users_groups" ("users_id", "group_id");
CREATE INDEX IF NOT EXISTS "users_users_groups_users_id_5572cf36" ON "users_users_groups" ("users_id");
CREATE INDEX IF NOT EXISTS "users_users_groups_group_id_3e15ff0f" ON "users_users_groups" ("group_id");
CREATE UNIQUE INDEX "users_users_user_permissions_users_id_permission_id_119659d5_uniq" ON "users_users_user_permissions" ("users_id", "permission_id");
CREATE INDEX IF NOT EXISTS "users_users_user_permissions_users_id_04010ba6" ON "users_users_user_permissions" ("users_id");
CREATE INDEX IF NOT EXISTS "users_users_user_permissions_permission_id_9a117d64" ON "users_users_user_permissions" ("permission_id");
CREATE UNIQUE INDEX "users_users_guruh_users_id_guruh_id_16818314_uniq" ON "users_users_guruh" ("users_id", "guruh_id");
CREATE INDEX IF NOT EXISTS "users_users_guruh_users_id_051e1fae" ON "users_users_guruh" ("users_id");
CREATE INDEX IF NOT EXISTS "users_users_guruh_guruh_id_d324ae18" ON "users_users_guruh" ("guruh_id");
CREATE INDEX IF NOT EXISTS "django_admin_log_content_type_id_c4bce8eb" ON "django_admin_log" ("content_type_id");
CREATE INDEX IF NOT EXISTS "django_admin_log_user_id_c564eba6" ON "django_admin_log" ("user_id");
CREATE INDEX IF NOT EXISTS "django_session_expire_date_a5c62663" ON "django_session" ("expire_date");
CREATE INDEX IF NOT EXISTS "topshiriq_majburiytopshiriq_topshiriq_id_6a375b5e" ON "topshiriq_majburiytopshiriq" ("topshiriq_id");
CREATE INDEX IF NOT EXISTS "topshiriq_majburiytopshiriq_user_id_bc19da0e" ON "topshiriq_majburiytopshiriq" ("user_id");
CREATE INDEX IF NOT EXISTS "topshiriq_ozsohasidatopshiriq_topshiriq_id_cfd07056" ON "topshiriq_ozsohasidatopshiriq" ("topshiriq_id");
CREATE INDEX IF NOT EXISTS "topshiriq_ozsohasidatopshiriq_user_id_1907d4e6" ON "topshiriq_ozsohasidatopshiriq" ("user_id");
CREATE INDEX IF NOT EXISTS "topshiriq_ozxohishibilantopshiriq_user_id_86076857" ON "topshiriq_ozxohishibilantopshiriq" ("user_id");
CREATE INDEX IF NOT EXISTS "topshiriq_qoshimchatopshiriq_topshiriq_id_1763c045" ON "topshiriq_qoshimchatopshiriq" ("topshiriq_id");
CREATE INDEX IF NOT EXISTS "topshiriq_qoshimchatopshiriq_user_id_ddeb336f" ON "topshiriq_qoshimchatopshiriq" ("user_id");
CREATE INDEX IF NOT EXISTS "topshiriq_topshiriq_admin_user_id_375d331e" ON "topshiriq_topshiriq" ("admin_user_id");
CREATE UNIQUE INDEX "topshiriq_topshiriq_topshiriq_users_topshiriq_id_users_id_9df7825a_uniq" ON "topshiriq_topshiriq_topshiriq_users" ("topshiriq_id", "users_id");
CREATE INDEX IF NOT EXISTS "topshiriq_topshiriq_topshiriq_users_topshiriq_id_5dd32f78" ON "topshiriq_topshiriq_topshiriq_users" ("topshiriq_id");
CREATE INDEX IF NOT EXISTS "topshiriq_topshiriq_topshiriq_users_users_id_c5e10809" ON "topshiriq_topshiriq_topshiriq_users" ("users_id");
CREATE INDEX IF NOT EXISTS "topshiriq_testjavob_test_id_a4e13899" ON "topshiriq_testjavob" ("test_id");
CREATE INDEX IF NOT EXISTS "topshiriq_testjavob_topshiriq_id_ee6b6c3e" ON "topshiriq_testjavob" ("topshiriq_id");
CREATE INDEX IF NOT EXISTS "topshiriq_testjavob_user_id_57f261fa" ON "topshiriq_testjavob" ("user_id");
CREATE INDEX IF NOT EXISTS "topshiriq_testtopshiriq_test_id_1daf8008" ON "topshiriq_testtopshiriq" ("test_id");
CREATE INDEX IF NOT EXISTS "topshiriq_testtopshiriq_topshiriq_id_62168f9b" ON "topshiriq_testtopshiriq" ("topshiriq_id");
CREATE INDEX IF NOT EXISTS "users_guruh_kurs_id_975e2233" ON "users_guruh" ("kurs_id");
CREATE INDEX IF NOT EXISTS "users_kurs_yonalish_id_abaabe16" ON "users_kurs" ("yonalish_id");
CREATE INDEX IF NOT EXISTS "users_yonalish_fakultet_id_06a47876" ON "users_yonalish" ("fakultet_id");
CREATE INDEX IF NOT EXISTS "users_users_fakultet_id_5899e7a5" ON "users_users" ("fakultet_id");
CREATE INDEX IF NOT EXISTS "users_talaba_guruh_id_5019158a" ON "users_talaba" ("guruh_id");
CREATE INDEX IF NOT EXISTS "users_talaba_tyutor_id_03cffefb" ON "users_talaba" ("tyutor_id");
CREATE INDEX IF NOT EXISTS "topshiriq_talabalar_guruh_id_96473ecf" ON "topshiriq_talabalar" ("guruh_id");
CREATE INDEX IF NOT EXISTS "topshiriq_talabalar_tyutor_id_6ec73ab0" ON "topshiriq_talabalar" ("tyutor_id");
CREATE INDEX IF NOT EXISTS "topshiriq_testlar_tyutor_id_9bd168cc" ON "topshiriq_testlar" ("tyutor_id");
CREATE TABLE IF NOT EXISTS "users_talaba" ("id" char(32) NOT NULL PRIMARY KEY, "created_at" datetime NOT NULL, "updated_at" datetime NOT NULL, "is_active" bool NOT NULL, "familya" varchar(255) NOT NULL, "ism" varchar(255) NOT NULL, "nomer" varchar(255) NOT NULL, "sardor" bool NOT NULL, "jins" varchar(255) NOT NULL, "tolov_status" varchar(255) NOT NULL, "ijtimoiy_ximoya" varchar(255) NOT NULL, "ijtimoiy_daraja" varchar(255) NOT NULL, "iqdidorli_talaba" varchar(255) NOT NULL, "guruh_id" char(32) NOT NULL REFERENCES "users_guruh" ("id") DEFERRABLE INITIALLY DEFERRED, "tyutor_id" char(32) NOT NULL REFERENCES "users_users" ("id") DEFERRABLE INITIALLY DEFERRED);
CREATE UNIQUE INDEX "django_content_type_app_label_model_76bd3d3b_uniq" ON "django_content_type" ("app_label", "model");
CREATE UNIQUE INDEX "auth_group_permissions_group_id_permission_id_0cd325b0_uniq" ON "auth_group_permissions" ("group_id", "permission_id");
CREATE INDEX IF NOT EXISTS "auth_group_permissions_group_id_b120cbf9" ON "auth_group_permissions" ("group_id");
CREATE INDEX IF NOT EXISTS "auth_group_permissions_permission_id_84c5c92e" ON "auth_group_permissions" ("permission_id");
CREATE UNIQUE INDEX "auth_permission_content_type_id_codename_01ab375a_uniq" ON "auth_permission" ("content_type_id", "codename");
CREATE INDEX IF NOT EXISTS "auth_permission_content_type_id_2f476e4b" ON "auth_permission" ("content_type_id");
CREATE UNIQUE INDEX "users_users_groups_users_id_group_id_02603a5e_uniq" ON "users_users_groups" ("users_id", "group_id");
CREATE INDEX IF NOT EXISTS "users_users_groups_users_id_5572cf36" ON "users_users_groups" ("users_id");
CREATE INDEX IF NOT EXISTS "users_users_groups_group_id_3e15ff0f" ON "users_users_groups" ("group_id");
CREATE UNIQUE INDEX "users_users_user_permissions_users_id_permission_id_119659d5_uniq" ON "users_users_user_permissions" ("users_id", "permission_id");
CREATE INDEX IF NOT EXISTS "users_users_user_permissions_users_id_04010ba6" ON "users_users_user_permissions" ("users_id");
CREATE INDEX IF NOT EXISTS "users_users_user_permissions_permission_id_9a117d64" ON "users_users_user_permissions" ("permission_id");
CREATE UNIQUE INDEX "users_users_guruh_users_id_guruh_id_16818314_uniq" ON "users_users_guruh" ("users_id", "guruh_id");
CREATE INDEX IF NOT EXISTS "users_users_guruh_users_id_051e1fae" ON "users_users_guruh" ("users_id");
CREATE INDEX IF NOT EXISTS "users_users_guruh_guruh_id_d324ae18" ON "users_users_guruh" ("guruh_id");
CREATE INDEX IF NOT EXISTS "django_admin_log_content_type_id_c4bce8eb" ON "django_admin_log" ("content_type_id");
CREATE INDEX IF NOT EXISTS "django_admin_log_user_id_c564eba6" ON "django_admin_log" ("user_id");
CREATE INDEX IF NOT EXISTS "django_session_expire_date_a5c62663" ON "django_session" ("expire_date");
CREATE INDEX IF NOT EXISTS "topshiriq_majburiytopshiriq_topshiriq_id_6a375b5e" ON "topshiriq_majburiytopshiriq" ("topshiriq_id");
CREATE INDEX IF NOT EXISTS "topshiriq_majburiytopshiriq_user_id_bc19da0e" ON "topshiriq_majburiytopshiriq" ("user_id");
CREATE INDEX IF NOT EXISTS "topshiriq_ozsohasidatopshiriq_topshiriq_id_cfd07056" ON "topshiriq_ozsohasidatopshiriq" ("topshiriq_id");
CREATE INDEX IF NOT EXISTS "topshiriq_ozsohasidatopshiriq_user_id_1907d4e6" ON "topshiriq_ozsohasidatopshiriq" ("user_id");
CREATE INDEX IF NOT EXISTS "topshiriq_ozxohishibilantopshiriq_user_id_86076857" ON "topshiriq_ozxohishibilantopshiriq" ("user_id");
CREATE INDEX IF NOT EXISTS "topshiriq_qoshimchatopshiriq_topshiriq_id_1763c045" ON "topshiriq_qoshimchatopshiriq" ("topshiriq_id");
CREATE INDEX IF NOT EXISTS "topshiriq_qoshimchatopshiriq_user_id_ddeb336f" ON "topshiriq_qoshimchatopshiriq" ("user_id");
CREATE INDEX IF NOT EXISTS "topshiriq_topshiriq_admin_user_id_375d331e" ON "topshiriq_topshiriq" ("admin_user_id");
CREATE UNIQUE INDEX "topshiriq_topshiriq_topshiriq_users_topshiriq_id_users_id_9df7825a_uniq" ON "topshiriq_topshiriq_topshiriq_users" ("topshiriq_id", "users_id");
CREATE INDEX IF NOT EXISTS "topshiriq_topshiriq_topshiriq_users_topshiriq_id_5dd32f78" ON "topshiriq_topshiriq_topshiriq_users" ("topshiriq_id");
CREATE INDEX IF NOT EXISTS "topshiriq_topshiriq_topshiriq_users_users_id_c5e10809" ON "topshiriq_topshiriq_topshiriq_users" ("users_id");
CREATE INDEX IF NOT EXISTS "topshiriq_testjavob_test_id_a4e13899" ON "topshiriq_testjavob" ("test_id");
CREATE INDEX IF NOT EXISTS "topshiriq_testjavob_topshiriq_id_ee6b6c3e" ON "topshiriq_testjavob" ("topshiriq_id");
CREATE INDEX IF NOT EXISTS "topshiriq_testjavob_user_id_57f261fa" ON "topshiriq_testjavob" ("user_id");
CREATE INDEX IF NOT EXISTS "topshiriq_testtopshiriq_test_id_1daf8008" ON "topshiriq_testtopshiriq" ("test_id");
CREATE INDEX IF NOT EXISTS "topshiriq_testtopshiriq_topshiriq_id_62168f9b" ON "topshiriq_testtopshiriq" ("topshiriq_id");
CREATE INDEX IF NOT EXISTS "users_guruh_kurs_id_975e2233" ON "users_guruh" ("kurs_id");
CREATE INDEX IF NOT EXISTS "users_kurs_yonalish_id_abaabe16" ON "users_kurs" ("yonalish_id");
CREATE INDEX IF NOT EXISTS "users_yonalish_fakultet_id_06a47876" ON "users_yonalish" ("fakultet_id");
CREATE INDEX IF NOT EXISTS "users_users_fakultet_id_5899e7a5" ON "users_users" ("fakultet_id");
CREATE INDEX IF NOT EXISTS "users_talaba_guruh_id_5019158a" ON "users_talaba" ("guruh_id");
CREATE INDEX IF NOT EXISTS "users_talaba_tyutor_id_03cffefb" ON "users_talaba" ("tyutor_id");
CREATE INDEX IF NOT EXISTS "topshiriq_talabalar_guruh_id_96473ecf" ON "topshiriq_talabalar" ("guruh_id");
CREATE INDEX IF NOT EXISTS "topshiriq_talabalar_tyutor_id_6ec73ab0" ON "topshiriq_talabalar" ("tyutor_id");
CREATE INDEX IF NOT EXISTS "topshiriq_testlar_tyutor_id_9bd168cc" ON "topshiriq_testlar" ("tyutor_id");
CREATE TABLE IF NOT EXISTS "users_users" ("password" varchar(128) NOT NULL, "last_login" datetime NULL, "is_superuser" bool NOT NULL, "username" varchar(150) NOT NULL UNIQUE, "first_name" varchar(150) NOT NULL, "last_name" varchar(150) NOT NULL, "email" varchar(254) NOT NULL, "is_staff" bool NOT NULL, "is_active" bool NOT NULL, "date_joined" datetime NOT NULL, "id" char(32) NOT NULL PRIMARY KEY, "role" varchar(30) NOT NULL, "rasm" varchar(100) NOT NULL, "parol" varchar(255) NOT NULL, "fakultet_id" char(32) NULL REFERENCES "users_fakultet" ("id") DEFERRABLE INITIALLY DEFERRED);
INSERT INTO "users_users" VALUES('pbkdf2_sha256$870000$bOLDJqC9jILQwWwc3r1ba4$WEuHf41meMOaJ43DntGq6eJjP8u+SVL2zr3ahbjbZc4=','2025-04-09 05:05:19.192833',1,'haker','superadmin','superadmin','',1,1,'2025-02-28 04:29:00','b5e1c459052044f1a4236906e667790e','superadmin','','Hfazliddin98',NULL);
INSERT INTO "users_users" VALUES('pbkdf2_sha256$870000$Iz5iRIMasFezKqIi4GtFbs$0QIp7dxbMmBJ9wYZ8eOy0zmciUbJQsAwLOZm/L9Wt8U=',NULL,0,'superadmin','superadmin','superadmin','',0,1,'2025-02-28 05:09:32','2065c9ee14804731b1f2b7c3fc8a6f27','superadmin','','admin123',NULL);
INSERT INTO "users_users" VALUES('pbkdf2_sha256$870000$1IW3kzo9zB6aMKoRQFpRCy$cOjSLj6+Y8AEtbaoYztYplZX3Fxp4qb4YAd0y4KO9z4=',NULL,0,'admin','admin','admin','',0,1,'2025-02-28 05:10:32.764462','cc5ac9b92afa42a6a6b538538514a966','admin','','admin123',NULL);
INSERT INTO "users_users" VALUES('pbkdf2_sha256$870000$ngsxx0Qokv1kcWhTWC4ijV$IUpok0TBFvQ5FpssNN7E8iHnx6Srfkg5Fwt8q29X/c0=',NULL,0,'tyutor1','tyutor','tyutor','',0,1,'2025-02-28 06:44:54','8a12c8ed9ee1476285c94874d5f32051','tutor','','admin123','058fe0d373944c8193eb917d3f379324');
INSERT INTO "users_users" VALUES('pbkdf2_sha256$870000$WgbDPH6bs18JRd8iCPXOVm$9gAMAyZPL66ctXd9q3GsOQO7FeOxqWW5dD4nGuuFMMk=',NULL,1,'tyutor','','','',1,1,'2025-04-09 05:04:53.884592','c7cd6ef4d80c4b54ac484c3bb643c868','','','',NULL);
CREATE UNIQUE INDEX "django_content_type_app_label_model_76bd3d3b_uniq" ON "django_content_type" ("app_label", "model");
CREATE UNIQUE INDEX "auth_group_permissions_group_id_permission_id_0cd325b0_uniq" ON "auth_group_permissions" ("group_id", "permission_id");
CREATE INDEX IF NOT EXISTS "auth_group_permissions_group_id_b120cbf9" ON "auth_group_permissions" ("group_id");
CREATE INDEX IF NOT EXISTS "auth_group_permissions_permission_id_84c5c92e" ON "auth_group_permissions" ("permission_id");
CREATE UNIQUE INDEX "auth_permission_content_type_id_codename_01ab375a_uniq" ON "auth_permission" ("content_type_id", "codename");
CREATE INDEX IF NOT EXISTS "auth_permission_content_type_id_2f476e4b" ON "auth_permission" ("content_type_id");
CREATE UNIQUE INDEX "users_users_groups_users_id_group_id_02603a5e_uniq" ON "users_users_groups" ("users_id", "group_id");
CREATE INDEX IF NOT EXISTS "users_users_groups_users_id_5572cf36" ON "users_users_groups" ("users_id");
CREATE INDEX IF NOT EXISTS "users_users_groups_group_id_3e15ff0f" ON "users_users_groups" ("group_id");
CREATE UNIQUE INDEX "users_users_user_permissions_users_id_permission_id_119659d5_uniq" ON "users_users_user_permissions" ("users_id", "permission_id");
CREATE INDEX IF NOT EXISTS "users_users_user_permissions_users_id_04010ba6" ON "users_users_user_permissions" ("users_id");
CREATE INDEX IF NOT EXISTS "users_users_user_permissions_permission_id_9a117d64" ON "users_users_user_permissions" ("permission_id");
CREATE UNIQUE INDEX "users_users_guruh_users_id_guruh_id_16818314_uniq" ON "users_users_guruh" ("users_id", "guruh_id");
CREATE INDEX IF NOT EXISTS "users_users_guruh_users_id_051e1fae" ON "users_users_guruh" ("users_id");
CREATE INDEX IF NOT EXISTS "users_users_guruh_guruh_id_d324ae18" ON "users_users_guruh" ("guruh_id");
CREATE INDEX IF NOT EXISTS "django_admin_log_content_type_id_c4bce8eb" ON "django_admin_log" ("content_type_id");
CREATE INDEX IF NOT EXISTS "django_admin_log_user_id_c564eba6" ON "django_admin_log" ("user_id");
CREATE INDEX IF NOT EXISTS "django_session_expire_date_a5c62663" ON "django_session" ("expire_date");
CREATE INDEX IF NOT EXISTS "topshiriq_majburiytopshiriq_topshiriq_id_6a375b5e" ON "topshiriq_majburiytopshiriq" ("topshiriq_id");
CREATE INDEX IF NOT EXISTS "topshiriq_majburiytopshiriq_user_id_bc19da0e" ON "topshiriq_majburiytopshiriq" ("user_id");
CREATE INDEX IF NOT EXISTS "topshiriq_ozsohasidatopshiriq_topshiriq_id_cfd07056" ON "topshiriq_ozsohasidatopshiriq" ("topshiriq_id");
CREATE INDEX IF NOT EXISTS "topshiriq_ozsohasidatopshiriq_user_id_1907d4e6" ON "topshiriq_ozsohasidatopshiriq" ("user_id");
CREATE INDEX IF NOT EXISTS "topshiriq_ozxohishibilantopshiriq_user_id_86076857" ON "topshiriq_ozxohishibilantopshiriq" ("user_id");
CREATE INDEX IF NOT EXISTS "topshiriq_qoshimchatopshiriq_topshiriq_id_1763c045" ON "topshiriq_qoshimchatopshiriq" ("topshiriq_id");
CREATE INDEX IF NOT EXISTS "topshiriq_qoshimchatopshiriq_user_id_ddeb336f" ON "topshiriq_qoshimchatopshiriq" ("user_id");
CREATE INDEX IF NOT EXISTS "topshiriq_topshiriq_admin_user_id_375d331e" ON "topshiriq_topshiriq" ("admin_user_id");
CREATE UNIQUE INDEX "topshiriq_topshiriq_topshiriq_users_topshiriq_id_users_id_9df7825a_uniq" ON "topshiriq_topshiriq_topshiriq_users" ("topshiriq_id", "users_id");
CREATE INDEX IF NOT EXISTS "topshiriq_topshiriq_topshiriq_users_topshiriq_id_5dd32f78" ON "topshiriq_topshiriq_topshiriq_users" ("topshiriq_id");
CREATE INDEX IF NOT EXISTS "topshiriq_topshiriq_topshiriq_users_users_id_c5e10809" ON "topshiriq_topshiriq_topshiriq_users" ("users_id");
CREATE INDEX IF NOT EXISTS "topshiriq_testjavob_test_id_a4e13899" ON "topshiriq_testjavob" ("test_id");
CREATE INDEX IF NOT EXISTS "topshiriq_testjavob_topshiriq_id_ee6b6c3e" ON "topshiriq_testjavob" ("topshiriq_id");
CREATE INDEX IF NOT EXISTS "topshiriq_testjavob_user_id_57f261fa" ON "topshiriq_testjavob" ("user_id");
CREATE INDEX IF NOT EXISTS "topshiriq_testtopshiriq_test_id_1daf8008" ON "topshiriq_testtopshiriq" ("test_id");
CREATE INDEX IF NOT EXISTS "topshiriq_testtopshiriq_topshiriq_id_62168f9b" ON "topshiriq_testtopshiriq" ("topshiriq_id");
CREATE INDEX IF NOT EXISTS "users_guruh_kurs_id_975e2233" ON "users_guruh" ("kurs_id");
CREATE INDEX IF NOT EXISTS "users_kurs_yonalish_id_abaabe16" ON "users_kurs" ("yonalish_id");
CREATE INDEX IF NOT EXISTS "users_yonalish_fakultet_id_06a47876" ON "users_yonalish" ("fakultet_id");
CREATE INDEX IF NOT EXISTS "users_users_fakultet_id_5899e7a5" ON "users_users" ("fakultet_id");
CREATE INDEX IF NOT EXISTS "users_talaba_guruh_id_5019158a" ON "users_talaba" ("guruh_id");
CREATE INDEX IF NOT EXISTS "users_talaba_tyutor_id_03cffefb" ON "users_talaba" ("tyutor_id");
CREATE INDEX IF NOT EXISTS "topshiriq_talabalar_guruh_id_96473ecf" ON "topshiriq_talabalar" ("guruh_id");
CREATE INDEX IF NOT EXISTS "topshiriq_talabalar_tyutor_id_6ec73ab0" ON "topshiriq_talabalar" ("tyutor_id");
CREATE INDEX IF NOT EXISTS "topshiriq_testlar_tyutor_id_9bd168cc" ON "topshiriq_testlar" ("tyutor_id");
CREATE TABLE IF NOT EXISTS "users_users_groups" ("id" integer NOT NULL PRIMARY KEY AUTOINCREMENT, "users_id" char(32) NOT NULL REFERENCES "users_users" ("id") DEFERRABLE INITIALLY DEFERRED, "group_id" integer NOT NULL REFERENCES "auth_group" ("id") DEFERRABLE INITIALLY DEFERRED);
CREATE UNIQUE INDEX "django_content_type_app_label_model_76bd3d3b_uniq" ON "django_content_type" ("app_label", "model");
CREATE UNIQUE INDEX "auth_group_permissions_group_id_permission_id_0cd325b0_uniq" ON "auth_group_permissions" ("group_id", "permission_id");
CREATE INDEX IF NOT EXISTS "auth_group_permissions_group_id_b120cbf9" ON "auth_group_permissions" ("group_id");
CREATE INDEX IF NOT EXISTS "auth_group_permissions_permission_id_84c5c92e" ON "auth_group_permissions" ("permission_id");
CREATE UNIQUE INDEX "auth_permission_content_type_id_codename_01ab375a_uniq" ON "auth_permission" ("content_type_id", "codename");
CREATE INDEX IF NOT EXISTS "auth_permission_content_type_id_2f476e4b" ON "auth_permission" ("content_type_id");
CREATE UNIQUE INDEX "users_users_groups_users_id_group_id_02603a5e_uniq" ON "users_users_groups" ("users_id", "group_id");
CREATE INDEX IF NOT EXISTS "users_users_groups_users_id_5572cf36" ON "users_users_groups" ("users_id");
CREATE INDEX IF NOT EXISTS "users_users_groups_group_id_3e15ff0f" ON "users_users_groups" ("group_id");
CREATE UNIQUE INDEX "users_users_user_permissions_users_id_permission_id_119659d5_uniq" ON "users_users_user_permissions" ("users_id", "permission_id");
CREATE INDEX IF NOT EXISTS "users_users_user_permissions_users_id_04010ba6" ON "users_users_user_permissions" ("users_id");
CREATE INDEX IF NOT EXISTS "users_users_user_permissions_permission_id_9a117d64" ON "users_users_user_permissions" ("permission_id");
CREATE UNIQUE INDEX "users_users_guruh_users_id_guruh_id_16818314_uniq" ON "users_users_guruh" ("users_id", "guruh_id");
CREATE INDEX IF NOT EXISTS "users_users_guruh_users_id_051e1fae" ON "users_users_guruh" ("users_id");
CREATE INDEX IF NOT EXISTS "users_users_guruh_guruh_id_d324ae18" ON "users_users_guruh" ("guruh_id");
CREATE INDEX IF NOT EXISTS "django_admin_log_content_type_id_c4bce8eb" ON "django_admin_log" ("content_type_id");
CREATE INDEX IF NOT EXISTS "django_admin_log_user_id_c564eba6" ON "django_admin_log" ("user_id");
CREATE INDEX IF NOT EXISTS "django_session_expire_date_a5c62663" ON "django_session" ("expire_date");
CREATE INDEX IF NOT EXISTS "topshiriq_majburiytopshiriq_topshiriq_id_6a375b5e" ON "topshiriq_majburiytopshiriq" ("topshiriq_id");
CREATE INDEX IF NOT EXISTS "topshiriq_majburiytopshiriq_user_id_bc19da0e" ON "topshiriq_majburiytopshiriq" ("user_id");
CREATE INDEX IF NOT EXISTS "topshiriq_ozsohasidatopshiriq_topshiriq_id_cfd07056" ON "topshiriq_ozsohasidatopshiriq" ("topshiriq_id");
CREATE INDEX IF NOT EXISTS "topshiriq_ozsohasidatopshiriq_user_id_1907d4e6" ON "topshiriq_ozsohasidatopshiriq" ("user_id");
CREATE INDEX IF NOT EXISTS "topshiriq_ozxohishibilantopshiriq_user_id_86076857" ON "topshiriq_ozxohishibilantopshiriq" ("user_id");
CREATE INDEX IF NOT EXISTS "topshiriq_qoshimchatopshiriq_topshiriq_id_1763c045" ON "topshiriq_qoshimchatopshiriq" ("topshiriq_id");
CREATE INDEX IF NOT EXISTS "topshiriq_qoshimchatopshiriq_user_id_ddeb336f" ON "topshiriq_qoshimchatopshiriq" ("user_id");
CREATE INDEX IF NOT EXISTS "topshiriq_topshiriq_admin_user_id_375d331e" ON "topshiriq_topshiriq" ("admin_user_id");
CREATE UNIQUE INDEX "topshiriq_topshiriq_topshiriq_users_topshiriq_id_users_id_9df7825a_uniq" ON "topshiriq_topshiriq_topshiriq_users" ("topshiriq_id", "users_id");
CREATE INDEX IF NOT EXISTS "topshiriq_topshiriq_topshiriq_users_topshiriq_id_5dd32f78" ON "topshiriq_topshiriq_topshiriq_users" ("topshiriq_id");
CREATE INDEX IF NOT EXISTS "topshiriq_topshiriq_topshiriq_users_users_id_c5e10809" ON "topshiriq_topshiriq_topshiriq_users" ("users_id");
CREATE INDEX IF NOT EXISTS "topshiriq_testjavob_test_id_a4e13899" ON "topshiriq_testjavob" ("test_id");
CREATE INDEX IF NOT EXISTS "topshiriq_testjavob_topshiriq_id_ee6b6c3e" ON "topshiriq_testjavob" ("topshiriq_id");
CREATE INDEX IF NOT EXISTS "topshiriq_testjavob_user_id_57f261fa" ON "topshiriq_testjavob" ("user_id");
CREATE INDEX IF NOT EXISTS "topshiriq_testtopshiriq_test_id_1daf8008" ON "topshiriq_testtopshiriq" ("test_id");
CREATE INDEX IF NOT EXISTS "topshiriq_testtopshiriq_topshiriq_id_62168f9b" ON "topshiriq_testtopshiriq" ("topshiriq_id");
CREATE INDEX IF NOT EXISTS "users_guruh_kurs_id_975e2233" ON "users_guruh" ("kurs_id");
CREATE INDEX IF NOT EXISTS "users_kurs_yonalish_id_abaabe16" ON "users_kurs" ("yonalish_id");
CREATE INDEX IF NOT EXISTS "users_yonalish_fakultet_id_06a47876" ON "users_yonalish" ("fakultet_id");
CREATE INDEX IF NOT EXISTS "users_users_fakultet_id_5899e7a5" ON "users_users" ("fakultet_id");
CREATE INDEX IF NOT EXISTS "users_talaba_guruh_id_5019158a" ON "users_talaba" ("guruh_id");
CREATE INDEX IF NOT EXISTS "users_talaba_tyutor_id_03cffefb" ON "users_talaba" ("tyutor_id");
CREATE INDEX IF NOT EXISTS "topshiriq_talabalar_guruh_id_96473ecf" ON "topshiriq_talabalar" ("guruh_id");
CREATE INDEX IF NOT EXISTS "topshiriq_talabalar_tyutor_id_6ec73ab0" ON "topshiriq_talabalar" ("tyutor_id");
CREATE INDEX IF NOT EXISTS "topshiriq_testlar_tyutor_id_9bd168cc" ON "topshiriq_testlar" ("tyutor_id");
CREATE TABLE IF NOT EXISTS "users_users_guruh" ("id" integer NOT NULL PRIMARY KEY AUTOINCREMENT, "users_id" char(32) NOT NULL REFERENCES "users_users" ("id") DEFERRABLE INITIALLY DEFERRED, "guruh_id" char(32) NOT NULL REFERENCES "users_guruh" ("id") DEFERRABLE INITIALLY DEFERRED);
CREATE UNIQUE INDEX "django_content_type_app_label_model_76bd3d3b_uniq" ON "django_content_type" ("app_label", "model");
CREATE UNIQUE INDEX "auth_group_permissions_group_id_permission_id_0cd325b0_uniq" ON "auth_group_permissions" ("group_id", "permission_id");
CREATE INDEX IF NOT EXISTS "auth_group_permissions_group_id_b120cbf9" ON "auth_group_permissions" ("group_id");
CREATE INDEX IF NOT EXISTS "auth_group_permissions_permission_id_84c5c92e" ON "auth_group_permissions" ("permission_id");
CREATE UNIQUE INDEX "auth_permission_content_type_id_codename_01ab375a_uniq" ON "auth_permission" ("content_type_id", "codename");
CREATE INDEX IF NOT EXISTS "auth_permission_content_type_id_2f476e4b" ON "auth_permission" ("content_type_id");
CREATE UNIQUE INDEX "users_users_groups_users_id_group_id_02603a5e_uniq" ON "users_users_groups" ("users_id", "group_id");
CREATE INDEX IF NOT EXISTS "users_users_groups_users_id_5572cf36" ON "users_users_groups" ("users_id");
CREATE INDEX IF NOT EXISTS "users_users_groups_group_id_3e15ff0f" ON "users_users_groups" ("group_id");
CREATE UNIQUE INDEX "users_users_user_permissions_users_id_permission_id_119659d5_uniq" ON "users_users_user_permissions" ("users_id", "permission_id");
CREATE INDEX IF NOT EXISTS "users_users_user_permissions_users_id_04010ba6" ON "users_users_user_permissions" ("users_id");
CREATE INDEX IF NOT EXISTS "users_users_user_permissions_permission_id_9a117d64" ON "users_users_user_permissions" ("permission_id");
CREATE UNIQUE INDEX "users_users_guruh_users_id_guruh_id_16818314_uniq" ON "users_users_guruh" ("users_id", "guruh_id");
CREATE INDEX IF NOT EXISTS "users_users_guruh_users_id_051e1fae" ON "users_users_guruh" ("users_id");
CREATE INDEX IF NOT EXISTS "users_users_guruh_guruh_id_d324ae18" ON "users_users_guruh" ("guruh_id");
CREATE INDEX IF NOT EXISTS "django_admin_log_content_type_id_c4bce8eb" ON "django_admin_log" ("content_type_id");
CREATE INDEX IF NOT EXISTS "django_admin_log_user_id_c564eba6" ON "django_admin_log" ("user_id");
CREATE INDEX IF NOT EXISTS "django_session_expire_date_a5c62663" ON "django_session" ("expire_date");
CREATE INDEX IF NOT EXISTS "topshiriq_majburiytopshiriq_topshiriq_id_6a375b5e" ON "topshiriq_majburiytopshiriq" ("topshiriq_id");
CREATE INDEX IF NOT EXISTS "topshiriq_majburiytopshiriq_user_id_bc19da0e" ON "topshiriq_majburiytopshiriq" ("user_id");
CREATE INDEX IF NOT EXISTS "topshiriq_ozsohasidatopshiriq_topshiriq_id_cfd07056" ON "topshiriq_ozsohasidatopshiriq" ("topshiriq_id");
CREATE INDEX IF NOT EXISTS "topshiriq_ozsohasidatopshiriq_user_id_1907d4e6" ON "topshiriq_ozsohasidatopshiriq" ("user_id");
CREATE INDEX IF NOT EXISTS "topshiriq_ozxohishibilantopshiriq_user_id_86076857" ON "topshiriq_ozxohishibilantopshiriq" ("user_id");
CREATE INDEX IF NOT EXISTS "topshiriq_qoshimchatopshiriq_topshiriq_id_1763c045" ON "topshiriq_qoshimchatopshiriq" ("topshiriq_id");
CREATE INDEX IF NOT EXISTS "topshiriq_qoshimchatopshiriq_user_id_ddeb336f" ON "topshiriq_qoshimchatopshiriq" ("user_id");
CREATE INDEX IF NOT EXISTS "topshiriq_topshiriq_admin_user_id_375d331e" ON "topshiriq_topshiriq" ("admin_user_id");
CREATE UNIQUE INDEX "topshiriq_topshiriq_topshiriq_users_topshiriq_id_users_id_9df7825a_uniq" ON "topshiriq_topshiriq_topshiriq_users" ("topshiriq_id", "users_id");
CREATE INDEX IF NOT EXISTS "topshiriq_topshiriq_topshiriq_users_topshiriq_id_5dd32f78" ON "topshiriq_topshiriq_topshiriq_users" ("topshiriq_id");
CREATE INDEX IF NOT EXISTS "topshiriq_topshiriq_topshiriq_users_users_id_c5e10809" ON "topshiriq_topshiriq_topshiriq_users" ("users_id");
CREATE INDEX IF NOT EXISTS "topshiriq_testjavob_test_id_a4e13899" ON "topshiriq_testjavob" ("test_id");
CREATE INDEX IF NOT EXISTS "topshiriq_testjavob_topshiriq_id_ee6b6c3e" ON "topshiriq_testjavob" ("topshiriq_id");
CREATE INDEX IF NOT EXISTS "topshiriq_testjavob_user_id_57f261fa" ON "topshiriq_testjavob" ("user_id");
CREATE INDEX IF NOT EXISTS "topshiriq_testtopshiriq_test_id_1daf8008" ON "topshiriq_testtopshiriq" ("test_id");
CREATE INDEX IF NOT EXISTS "topshiriq_testtopshiriq_topshiriq_id_62168f9b" ON "topshiriq_testtopshiriq" ("topshiriq_id");
CREATE INDEX IF NOT EXISTS "users_guruh_kurs_id_975e2233" ON "users_guruh" ("kurs_id");
CREATE INDEX IF NOT EXISTS "users_kurs_yonalish_id_abaabe16" ON "users_kurs" ("yonalish_id");
CREATE INDEX IF NOT EXISTS "users_yonalish_fakultet_id_06a47876" ON "users_yonalish" ("fakultet_id");
CREATE INDEX IF NOT EXISTS "users_users_fakultet_id_5899e7a5" ON "users_users" ("fakultet_id");
CREATE INDEX IF NOT EXISTS "users_talaba_guruh_id_5019158a" ON "users_talaba" ("guruh_id");
CREATE INDEX IF NOT EXISTS "users_talaba_tyutor_id_03cffefb" ON "users_talaba" ("tyutor_id");
CREATE INDEX IF NOT EXISTS "topshiriq_talabalar_guruh_id_96473ecf" ON "topshiriq_talabalar" ("guruh_id");
CREATE INDEX IF NOT EXISTS "topshiriq_talabalar_tyutor_id_6ec73ab0" ON "topshiriq_talabalar" ("tyutor_id");
CREATE INDEX IF NOT EXISTS "topshiriq_testlar_tyutor_id_9bd168cc" ON "topshiriq_testlar" ("tyutor_id");
CREATE TABLE IF NOT EXISTS "users_users_user_permissions" ("id" integer NOT NULL PRIMARY KEY AUTOINCREMENT, "users_id" char(32) NOT NULL REFERENCES "users_users" ("id") DEFERRABLE INITIALLY DEFERRED, "permission_id" integer NOT NULL REFERENCES "auth_permission" ("id") DEFERRABLE INITIALLY DEFERRED);
CREATE UNIQUE INDEX "django_content_type_app_label_model_76bd3d3b_uniq" ON "django_content_type" ("app_label", "model");
CREATE UNIQUE INDEX "auth_group_permissions_group_id_permission_id_0cd325b0_uniq" ON "auth_group_permissions" ("group_id", "permission_id");
CREATE INDEX IF NOT EXISTS "auth_group_permissions_group_id_b120cbf9" ON "auth_group_permissions" ("group_id");
CREATE INDEX IF NOT EXISTS "auth_group_permissions_permission_id_84c5c92e" ON "auth_group_permissions" ("permission_id");
CREATE UNIQUE INDEX "auth_permission_content_type_id_codename_01ab375a_uniq" ON "auth_permission" ("content_type_id", "codename");
CREATE INDEX IF NOT EXISTS "auth_permission_content_type_id_2f476e4b" ON "auth_permission" ("content_type_id");
CREATE UNIQUE INDEX "users_users_groups_users_id_group_id_02603a5e_uniq" ON "users_users_groups" ("users_id", "group_id");
CREATE INDEX IF NOT EXISTS "users_users_groups_users_id_5572cf36" ON "users_users_groups" ("users_id");
CREATE INDEX IF NOT EXISTS "users_users_groups_group_id_3e15ff0f" ON "users_users_groups" ("group_id");
CREATE UNIQUE INDEX "users_users_user_permissions_users_id_permission_id_119659d5_uniq" ON "users_users_user_permissions" ("users_id", "permission_id");
CREATE INDEX IF NOT EXISTS "users_users_user_permissions_users_id_04010ba6" ON "users_users_user_permissions" ("users_id");
CREATE INDEX IF NOT EXISTS "users_users_user_permissions_permission_id_9a117d64" ON "users_users_user_permissions" ("permission_id");
CREATE UNIQUE INDEX "users_users_guruh_users_id_guruh_id_16818314_uniq" ON "users_users_guruh" ("users_id", "guruh_id");
CREATE INDEX IF NOT EXISTS "users_users_guruh_users_id_051e1fae" ON "users_users_guruh" ("users_id");
CREATE INDEX IF NOT EXISTS "users_users_guruh_guruh_id_d324ae18" ON "users_users_guruh" ("guruh_id");
CREATE INDEX IF NOT EXISTS "django_admin_log_content_type_id_c4bce8eb" ON "django_admin_log" ("content_type_id");
CREATE INDEX IF NOT EXISTS "django_admin_log_user_id_c564eba6" ON "django_admin_log" ("user_id");
CREATE INDEX IF NOT EXISTS "django_session_expire_date_a5c62663" ON "django_session" ("expire_date");
CREATE INDEX IF NOT EXISTS "topshiriq_majburiytopshiriq_topshiriq_id_6a375b5e" ON "topshiriq_majburiytopshiriq" ("topshiriq_id");
CREATE INDEX IF NOT EXISTS "topshiriq_majburiytopshiriq_user_id_bc19da0e" ON "topshiriq_majburiytopshiriq" ("user_id");
CREATE INDEX IF NOT EXISTS "topshiriq_ozsohasidatopshiriq_topshiriq_id_cfd07056" ON "topshiriq_ozsohasidatopshiriq" ("topshiriq_id");
CREATE INDEX IF NOT EXISTS "topshiriq_ozsohasidatopshiriq_user_id_1907d4e6" ON "topshiriq_ozsohasidatopshiriq" ("user_id");
CREATE INDEX IF NOT EXISTS "topshiriq_ozxohishibilantopshiriq_user_id_86076857" ON "topshiriq_ozxohishibilantopshiriq" ("user_id");
CREATE INDEX IF NOT EXISTS "topshiriq_qoshimchatopshiriq_topshiriq_id_1763c045" ON "topshiriq_qoshimchatopshiriq" ("topshiriq_id");
CREATE INDEX IF NOT EXISTS "topshiriq_qoshimchatopshiriq_user_id_ddeb336f" ON "topshiriq_qoshimchatopshiriq" ("user_id");
CREATE INDEX IF NOT EXISTS "topshiriq_topshiriq_admin_user_id_375d331e" ON "topshiriq_topshiriq" ("admin_user_id");
CREATE UNIQUE INDEX "topshiriq_topshiriq_topshiriq_users_topshiriq_id_users_id_9df7825a_uniq" ON "topshiriq_topshiriq_topshiriq_users" ("topshiriq_id", "users_id");
CREATE INDEX IF NOT EXISTS "topshiriq_topshiriq_topshiriq_users_topshiriq_id_5dd32f78" ON "topshiriq_topshiriq_topshiriq_users" ("topshiriq_id");
CREATE INDEX IF NOT EXISTS "topshiriq_topshiriq_topshiriq_users_users_id_c5e10809" ON "topshiriq_topshiriq_topshiriq_users" ("users_id");
CREATE INDEX IF NOT EXISTS "topshiriq_testjavob_test_id_a4e13899" ON "topshiriq_testjavob" ("test_id");
CREATE INDEX IF NOT EXISTS "topshiriq_testjavob_topshiriq_id_ee6b6c3e" ON "topshiriq_testjavob" ("topshiriq_id");
CREATE INDEX IF NOT EXISTS "topshiriq_testjavob_user_id_57f261fa" ON "topshiriq_testjavob" ("user_id");
CREATE INDEX IF NOT EXISTS "topshiriq_testtopshiriq_test_id_1daf8008" ON "topshiriq_testtopshiriq" ("test_id");
CREATE INDEX IF NOT EXISTS "topshiriq_testtopshiriq_topshiriq_id_62168f9b" ON "topshiriq_testtopshiriq" ("topshiriq_id");
CREATE INDEX IF NOT EXISTS "users_guruh_kurs_id_975e2233" ON "users_guruh" ("kurs_id");
CREATE INDEX IF NOT EXISTS "users_kurs_yonalish_id_abaabe16" ON "users_kurs" ("yonalish_id");
CREATE INDEX IF NOT EXISTS "users_yonalish_fakultet_id_06a47876" ON "users_yonalish" ("fakultet_id");
CREATE INDEX IF NOT EXISTS "users_users_fakultet_id_5899e7a5" ON "users_users" ("fakultet_id");
CREATE INDEX IF NOT EXISTS "users_talaba_guruh_id_5019158a" ON "users_talaba" ("guruh_id");
CREATE INDEX IF NOT EXISTS "users_talaba_tyutor_id_03cffefb" ON "users_talaba" ("tyutor_id");
CREATE INDEX IF NOT EXISTS "topshiriq_talabalar_guruh_id_96473ecf" ON "topshiriq_talabalar" ("guruh_id");
CREATE INDEX IF NOT EXISTS "topshiriq_talabalar_tyutor_id_6ec73ab0" ON "topshiriq_talabalar" ("tyutor_id");
CREATE INDEX IF NOT EXISTS "topshiriq_testlar_tyutor_id_9bd168cc" ON "topshiriq_testlar" ("tyutor_id");
CREATE TABLE IF NOT EXISTS "users_yonalish" ("id" char(32) NOT NULL PRIMARY KEY, "created_at" datetime NOT NULL, "updated_at" datetime NOT NULL, "name" varchar(255) NOT NULL, "fakultet_id" char(32) NOT NULL REFERENCES "users_fakultet" ("id") DEFERRABLE INITIALLY DEFERRED, "is_active" bool NOT NULL);
INSERT INTO "users_yonalish" VALUES('e0b090069c2d49b5aa5ca4be983f7408','2025-02-28 04:40:51.904205','2025-02-28 04:40:51.904239','Bialogiya','058fe0d373944c8193eb917d3f379324',0);
CREATE UNIQUE INDEX "django_content_type_app_label_model_76bd3d3b_uniq" ON "django_content_type" ("app_label", "model");
CREATE UNIQUE INDEX "auth_group_permissions_group_id_permission_id_0cd325b0_uniq" ON "auth_group_permissions" ("group_id", "permission_id");
CREATE INDEX IF NOT EXISTS "auth_group_permissions_group_id_b120cbf9" ON "auth_group_permissions" ("group_id");
CREATE INDEX IF NOT EXISTS "auth_group_permissions_permission_id_84c5c92e" ON "auth_group_permissions" ("permission_id");
CREATE UNIQUE INDEX "auth_permission_content_type_id_codename_01ab375a_uniq" ON "auth_permission" ("content_type_id", "codename");
CREATE INDEX IF NOT EXISTS "auth_permission_content_type_id_2f476e4b" ON "auth_permission" ("content_type_id");
CREATE UNIQUE INDEX "users_users_groups_users_id_group_id_02603a5e_uniq" ON "users_users_groups" ("users_id", "group_id");
CREATE INDEX IF NOT EXISTS "users_users_groups_users_id_5572cf36" ON "users_users_groups" ("users_id");
CREATE INDEX IF NOT EXISTS "users_users_groups_group_id_3e15ff0f" ON "users_users_groups" ("group_id");
CREATE UNIQUE INDEX "users_users_user_permissions_users_id_permission_id_119659d5_uniq" ON "users_users_user_permissions" ("users_id", "permission_id");
CREATE INDEX IF NOT EXISTS "users_users_user_permissions_users_id_04010ba6" ON "users_users_user_permissions" ("users_id");
CREATE INDEX IF NOT EXISTS "users_users_user_permissions_permission_id_9a117d64" ON "users_users_user_permissions" ("permission_id");
CREATE UNIQUE INDEX "users_users_guruh_users_id_guruh_id_16818314_uniq" ON "users_users_guruh" ("users_id", "guruh_id");
CREATE INDEX IF NOT EXISTS "users_users_guruh_users_id_051e1fae" ON "users_users_guruh" ("users_id");
CREATE INDEX IF NOT EXISTS "users_users_guruh_guruh_id_d324ae18" ON "users_users_guruh" ("guruh_id");
CREATE INDEX IF NOT EXISTS "django_admin_log_content_type_id_c4bce8eb" ON "django_admin_log" ("content_type_id");
CREATE INDEX IF NOT EXISTS "django_admin_log_user_id_c564eba6" ON "django_admin_log" ("user_id");
CREATE INDEX IF NOT EXISTS "django_session_expire_date_a5c62663" ON "django_session" ("expire_date");
CREATE INDEX IF NOT EXISTS "topshiriq_majburiytopshiriq_topshiriq_id_6a375b5e" ON "topshiriq_majburiytopshiriq" ("topshiriq_id");
CREATE INDEX IF NOT EXISTS "topshiriq_majburiytopshiriq_user_id_bc19da0e" ON "topshiriq_majburiytopshiriq" ("user_id");
CREATE INDEX IF NOT EXISTS "topshiriq_ozsohasidatopshiriq_topshiriq_id_cfd07056" ON "topshiriq_ozsohasidatopshiriq" ("topshiriq_id");
CREATE INDEX IF NOT EXISTS "topshiriq_ozsohasidatopshiriq_user_id_1907d4e6" ON "topshiriq_ozsohasidatopshiriq" ("user_id");
CREATE INDEX IF NOT EXISTS "topshiriq_ozxohishibilantopshiriq_user_id_86076857" ON "topshiriq_ozxohishibilantopshiriq" ("user_id");
CREATE INDEX IF NOT EXISTS "topshiriq_qoshimchatopshiriq_topshiriq_id_1763c045" ON "topshiriq_qoshimchatopshiriq" ("topshiriq_id");
CREATE INDEX IF NOT EXISTS "topshiriq_qoshimchatopshiriq_user_id_ddeb336f" ON "topshiriq_qoshimchatopshiriq" ("user_id");
CREATE INDEX IF NOT EXISTS "topshiriq_topshiriq_admin_user_id_375d331e" ON "topshiriq_topshiriq" ("admin_user_id");
CREATE UNIQUE INDEX "topshiriq_topshiriq_topshiriq_users_topshiriq_id_users_id_9df7825a_uniq" ON "topshiriq_topshiriq_topshiriq_users" ("topshiriq_id", "users_id");
CREATE INDEX IF NOT EXISTS "topshiriq_topshiriq_topshiriq_users_topshiriq_id_5dd32f78" ON "topshiriq_topshiriq_topshiriq_users" ("topshiriq_id");
CREATE INDEX IF NOT EXISTS "topshiriq_topshiriq_topshiriq_users_users_id_c5e10809" ON "topshiriq_topshiriq_topshiriq_users" ("users_id");
CREATE INDEX IF NOT EXISTS "topshiriq_testjavob_test_id_a4e13899" ON "topshiriq_testjavob" ("test_id");
CREATE INDEX IF NOT EXISTS "topshiriq_testjavob_topshiriq_id_ee6b6c3e" ON "topshiriq_testjavob" ("topshiriq_id");
CREATE INDEX IF NOT EXISTS "topshiriq_testjavob_user_id_57f261fa" ON "topshiriq_testjavob" ("user_id");
CREATE INDEX IF NOT EXISTS "topshiriq_testtopshiriq_test_id_1daf8008" ON "topshiriq_testtopshiriq" ("test_id");
CREATE INDEX IF NOT EXISTS "topshiriq_testtopshiriq_topshiriq_id_62168f9b" ON "topshiriq_testtopshiriq" ("topshiriq_id");
CREATE INDEX IF NOT EXISTS "users_guruh_kurs_id_975e2233" ON "users_guruh" ("kurs_id");
CREATE INDEX IF NOT EXISTS "users_kurs_yonalish_id_abaabe16" ON "users_kurs" ("yonalish_id");
CREATE INDEX IF NOT EXISTS "users_yonalish_fakultet_id_06a47876" ON "users_yonalish" ("fakultet_id");
CREATE INDEX IF NOT EXISTS "users_users_fakultet_id_5899e7a5" ON "users_users" ("fakultet_id");
CREATE INDEX IF NOT EXISTS "users_talaba_guruh_id_5019158a" ON "users_talaba" ("guruh_id");
CREATE INDEX IF NOT EXISTS "users_talaba_tyutor_id_03cffefb" ON "users_talaba" ("tyutor_id");
CREATE INDEX IF NOT EXISTS "topshiriq_talabalar_guruh_id_96473ecf" ON "topshiriq_talabalar" ("guruh_id");
CREATE INDEX IF NOT EXISTS "topshiriq_talabalar_tyutor_id_6ec73ab0" ON "topshiriq_talabalar" ("tyutor_id");
CREATE INDEX IF NOT EXISTS "topshiriq_testlar_tyutor_id_9bd168cc" ON "topshiriq_testlar" ("tyutor_id");
